Date,Time,Stage,Circuit,Minutes
2020-01-04,22:00:00,Stage 2,Area 8,119
2020-01-04,22:00:00,Stage 2,Area 16,130
2020-01-05,00:00:00,Stage 2,Area 10,127
2020-01-05,00:00:00,Stage 2,Area 2,136
2020-01-05,02:00:00,Stage 2,Area 3,129
2020-01-05,02:00:00,Stage 2,Area 11,133
2020-01-05,04:00:00,Stage 2,Area 4,133
2020-01-05,04:00:00,Stage 2,Area 12,138
2020-01-05,06:00:00,Stage 2,Area 13,131
2020-01-05,06:00:00,Stage 2,Area 5,137
2020-01-05,08:00:00,Stage 2,Area 14,133
2020-01-05,08:04:00,Stage 2,Area 6,123
2020-01-05,10:00:00,Stage 2,Area 7,133
2020-01-05,10:00:00,Stage 2,Area 15,135
2020-01-05,12:00:00,Stage 2,Area 8,137
2020-01-05,12:00:00,Stage 2,Area 16,133
2020-01-05,14:00:00,Stage 2,Area 9,136
2020-01-05,14:00:00,Stage 2,Area 1,129
2020-01-05,16:03:00,Stage 2,Area 10,119
2020-01-05,16:03:00,Stage 2,Area 2,123
2020-01-05,18:00:00,Stage 2,Area 11,134
2020-01-05,18:00:00,Stage 2,Area 3,120
2020-01-05,20:00:00,Stage 2,Area 12,137
2020-01-05,20:00:00,Stage 2,Area 4,131
2020-01-05,22:00:00,Stage 2,Area 13,23
2020-01-05,22:00:00,Stage 2,Area 5,32
2020-01-08,01:00:00,Stage 2,Area 14,68
2020-01-08,01:00:00,Stage 2,Area 6,73
2020-01-08,02:00:00,Stage 2,Area 7,131
2020-01-08,02:00:00,Stage 2,Area 15,133
2020-01-08,04:00:00,Stage 2,Area 8,123
2020-01-08,04:00:00,Stage 2,Area 16,129
2020-01-08,21:00:00,Stage 2,Area 8,68
2020-01-08,21:00:00,Stage 2,Area 16,72
2020-01-08,22:00:00,Stage 2,Bellville South,121
2020-01-08,22:00:00,Stage 2,Boston,121
2020-01-08,22:00:00,Stage 2,City (Bellville),121
2020-01-08,22:00:00,Stage 2,Parow South,121
2020-01-08,22:00:00,Stage 2,Sacks Circle,121
2020-01-08,22:00:00,Stage 2,Triangle,121
2020-01-08,22:00:00,Stage 2,Tygerberg Hospital,121
2020-01-08,22:00:00,Stage 2,Area 9,124
2020-01-09,00:01:00,Stage 2,Heldeberg,119
2020-01-09,00:01:00,Stage 2,Somerset West,139
2020-01-09,00:01:00,Stage 2,Strand,139
2020-01-09,00:01:00,Stage 2,Area 11,129
2020-01-09,02:00:00,Stage 2,Area 4,131
2020-01-09,02:00:00,Stage 2,Area 12,134
2020-01-09,04:00:00,Stage 2,Area 5,128
2020-01-09,04:02:00,Stage 2,Elsies River,124
2020-01-09,04:02:00,Stage 2,N1,124
2020-01-09,04:02:00,Stage 2,Plattekloof,124
2020-01-09,04:02:00,Stage 2,Richmond Estate,124
2020-01-09,04:02:00,Stage 2,Tiervlei,124
2020-01-09,06:05:00,Stage 2,AREA 14,136
2020-01-09,06:05:00,Stage 2,Doordekraal,130
2020-01-09,06:05:00,Stage 2,Durbanville,130
2020-01-09,06:05:00,Stage 2,Eversdal,130
2020-01-09,06:05:00,Stage 2,Uitkamp,130
2020-01-09,06:05:00,Stage 2,Westhof,130
2020-01-09,06:05:00,Stage 2,Oakdale,130
2020-01-09,08:00:00,Stage 2,Area 7,132
2020-01-09,08:00:00,Stage 2,Area 15,135
2020-01-09,10:00:00,Stage 2,Area 8,130
2020-01-09,10:00:00,Stage 2,Area 16,137
2020-01-09,12:00:00,Stage 2,Bellvile South,131
2020-01-09,12:00:00,Stage 2,Boston,131
2020-01-09,12:00:00,Stage 2,City (East),131
2020-01-09,12:00:00,Stage 2,Parow South,131
2020-01-09,12:00:00,Stage 2,Sacks circle,131
2020-01-09,12:00:00,Stage 2,Triangle,131
2020-01-09,12:00:00,Stage 2,Tygerberg hospita,131
2020-01-09,12:00:00,Stage 2,Area 9,126
2020-01-09,14:00:00,Stage 2,Brackenfell,120
2020-01-09,14:00:00,Stage 2,Kraaifontein,120
2020-01-09,14:00:00,Stage 2,Langeberg,120
2020-01-09,14:00:00,Stage 2,Langverwacht,120
2020-01-09,14:00:00,Stage 2,Marais,120
2020-01-09,14:00:00,Stage 2,Morgan Gronde,120
2020-01-09,14:00:00,Stage 2,Area 2,132
2020-01-09,16:00:00,Stage 2,Helderberg,120
2020-01-09,16:00:00,Stage 2,Somerset west,120
2020-01-09,16:00:00,Stage 2,Strand,120
2020-01-09,16:00:00,Stage 2,Area 11,134
2020-01-09,18:00:00,Stage 2,Area 12,134
2020-01-09,18:00:00,Stage 2,Area 4,130
2020-01-09,20:00:00,Stage 2,Area 5,130
2020-01-09,20:05:00,Stage 2,Elsies river,123
2020-01-09,20:05:00,Stage 2,N1,123
2020-01-09,20:05:00,Stage 2,Plattekloof,123
2020-01-09,20:05:00,Stage 2,Richmond estate,123
2020-01-09,20:05:00,Stage 2,Tiervlei,123
2020-01-09,22:00:00,Stage 2,Doordekraal,130
2020-01-09,22:00:00,Stage 2,Durbanville,130
2020-01-09,22:00:00,Stage 2,Eversdal,130
2020-01-09,22:00:00,Stage 2,Uitkamp,130
2020-01-09,22:00:00,Stage 2,Westhof,130
2020-01-09,22:00:00,Stage 2,Oakdale,130
2020-01-09,22:00:00,Stage 2,Area 14,133
2020-01-10,00:00:00,Stage 2,Area 7,130
2020-01-10,02:05:00,Stage 2,Area 8,122
2020-01-10,02:05:00,Stage 2,Area 16,126
2020-01-10,04:00:00,Stage 2,Bellville South,128
2020-01-10,04:00:00,Stage 2,Boston,128
2020-01-10,04:00:00,Stage 2,City (East),128
2020-01-10,04:00:00,Stage 2,Parow South,128
2020-01-10,04:00:00,Stage 2,Sacks circle,128
2020-01-10,04:00:00,Stage 2,Triangle,128
2020-01-10,04:00:00,Stage 2,Tygerberg hospital,128
2020-01-10,04:00:00,Stage 2,Area 9,121
2020-01-10,06:01:00,Stage 1,Area 2,127
2020-01-10,08:02:00,Stage 1,Helderberg,128
2020-01-10,08:02:00,Stage 1,Somerset west,128
2020-01-10,08:02:00,Stage 1,Strand,128
2020-01-10,10:02:00,Stage 1,Area 4,130
2020-01-10,14:00:00,Stage 1,Doorderkraal,131
2020-01-10,14:00:00,Stage 1,Durbanville,131
2020-01-10,14:00:00,Stage 1,Eversdal,131
2020-01-10,14:00:00,Stage 1,Uitkamp,131
2020-01-10,14:00:00,Stage 1,Westhof,131
2020-01-10,14:00:00,Stage 1,Oakdale,131
2020-01-10,16:00:00,Stage 1,Area 7,129
2020-01-10,18:00:00,Stage 1,Area 8,126
2020-01-10,20:00:00,Stage 1,Area 9,125
2020-01-10,22:00:00,Stage 1,Brackenfell,66
2020-01-10,22:00:00,Stage 1,Kraaifontein,65
2020-01-10,22:00:00,Stage 1,Langeberg,64
2020-01-10,22:00:00,Stage 1,Langverwacht,63
2020-01-10,22:00:00,Stage 1,Marais,63
2020-01-10,22:00:00,Stage 1,Morgan gronde,60
2020-01-30,21:00:00,Stage 2,CENTURY CITY 1,69
2020-01-30,21:00:00,Stage 2,CENTURY CITY 2,68
2020-01-30,21:00:00,Stage 2,KENSINGTON 1,69
2020-01-30,21:00:00,Stage 2,KENSINGTON 2,70
2020-01-30,21:00:00,Stage 2,MILNERTON 1,71
2020-01-30,21:00:00,Stage 2,MONTAGUE GARDENS 2,67
2020-01-30,21:00:00,Stage 2,BRACKENFELL,70
2020-01-30,21:00:00,Stage 2,KRAAIFONTEIN,70
2020-01-30,21:00:00,Stage 2,LANGEBERG,70
2020-01-30,21:00:00,Stage 2,LANGVERWACHT,70
2020-01-30,21:00:00,Stage 2,MARAIS,60
2020-01-30,21:00:00,Stage 2,MORGAN GRONDE,60
2020-01-30,22:00:00,Stage 2,HELDERBERG,132
2020-01-30,22:00:00,Stage 2,SOMERSET WEST,132
2020-01-30,22:00:00,Stage 2,STRAND,132
2020-01-30,22:00:00,Stage 2,BISSCHOP ROAD 1,132
2020-01-30,22:00:00,Stage 2,BISSCHOP ROAD 2,132
2020-01-30,22:00:00,Stage 2,CONSTANTIA 1,130
2020-01-30,22:00:00,Stage 2,CONSTANTIA 2,130
2020-01-30,22:00:00,Stage 2,PIERS ROAD 1,129
2020-01-30,22:00:00,Stage 2,PIERS ROAD 2,129
2020-01-30,22:00:00,Stage 2,RETREAT 1,135
2020-01-30,22:00:00,Stage 2,RETREAT 2,133
2020-01-30,22:00:00,Stage 2,ROSMEAD AVENUE 1,128
2020-01-30,22:00:00,Stage 2,ROSMEAD AVENUE 2,128
2020-01-31,00:00:00,Stage 2,Area 4,136
2020-01-31,00:00:00,Stage 2,Area 12,140
2020-01-31,02:00:00,Stage 2,ELSIES RIVER,120
2020-01-31,02:00:00,Stage 2,N1,120
2020-01-31,02:00:00,Stage 2,PLATTEKLOOF,120
2020-01-31,02:00:00,Stage 2,RICHMOND ESTATE,120
2020-01-31,02:00:00,Stage 2,TIERVLEI,120
2020-01-31,02:00:00,Stage 2,Area 5,133
2020-01-31,04:00:00,Stage 2,DOORDEKRAAL,113
2020-01-31,04:00:00,Stage 2,DURBANVILLE,113
2020-01-31,04:00:00,Stage 2,EVERSDAL,113
2020-01-31,04:00:00,Stage 2,UITKAMP,113
2020-01-31,04:00:00,Stage 2,WESTHOF,113
2020-01-31,04:00:00,Stage 2,OAKDALE,113
2020-01-31,04:00:00,Stage 2,Area 14,113
2020-01-31,10:00:00,Stage 2,Area 1,120
2020-01-31,10:00:00,Stage 2,Area 9,123
2020-01-31,12:00:00,Stage 2,Area 10,120
2020-01-31,12:00:00,Stage 2,Area 2,128
2020-01-31,14:00:00,Stage 2,Area 3,120
2020-01-31,14:00:00,Stage 2,Area 11,132
2020-01-31,16:00:00,Stage 2,Area 12,137
2020-01-31,16:00:00,Stage 2,Area 4,130
2020-01-31,18:00:00,Stage 2,Area 5,130
2020-01-31,20:00:00,Stage 2,Area 14,155
2020-01-31,22:00:00,Stage 2,Area 15,136
2020-01-31,22:00:00,Stage 2,Area 7,132
2020-02-01,00:00:00,Stage 2,Area 9,126
2020-02-01,00:00:00,Stage 2,Area 1,122
2020-02-01,02:00:00,Stage 2,Area 10,130
2020-02-01,02:00:00,Stage 2,Area 2,125
2020-02-01,04:00:00,Stage 2,Area 3,132
2020-02-01,04:00:00,Stage 2,Area 11,126
2020-02-01,06:00:00,Stage 2,Area 4,119
2020-02-01,06:00:00,Stage 2,Area 12,122
2020-02-01,08:00:00,Stage 2,Area 13,130
2020-02-01,08:00:00,Stage 2,Area 5,125
2020-02-01,10:00:00,Stage 2,Area 6,130
2020-02-01,10:00:00,Stage 2,Area 14,130
2020-02-01,12:00:00,Stage 2,Area7,136.00
2020-02-01,12:00:00,Stage 2,Area 15,136
2020-02-01,14:00:00,Stage 2,Area 8,130
2020-02-01,14:00:00,Stage 2,Area 16,129
2020-02-01,16:00:00,Stage 2,Area 1,129
2020-02-01,16:00:00,Stage 2,Area 9,125
2020-02-01,18:00:00,Stage 2,Area 10,130
2020-02-01,18:00:00,Stage 2,Area 2,123
2020-02-01,20:00:00,Stage 2,Area 3,129
2020-02-01,20:00:00,Stage 2,Area 11,128
2020-02-01,22:00:00,Stage 2,Area 4,125
2020-02-01,22:00:00,Stage 2,Area 12,128
2020-02-02,00:00:00,Stage 2,Area 13,135
2020-02-02,00:00:00,Stage 2,Area 5,135
2020-02-02,02:00:00,Stage 2,Area 14,133
2020-02-02,02:00:00,Stage 2,Area 6,125
2020-02-02,04:00:00,Stage 2,Area 15,140
2020-02-02,04:00:00,Stage 2,Area 7,131
2020-02-02,06:00:00,Stage 2,Area 16,131
2020-02-02,06:00:00,Stage 2,Area 8,128
2020-02-02,08:00:00,Stage 2,Area 1,132
2020-02-02,08:00:00,Stage 2,Area 9,131
2020-02-02,10:00:00,Stage 2,Area 10,126
2020-02-02,10:00:00,Stage 2,Area 2,122
2020-02-02,12:00:00,Stage 2,Area 3,131
2020-02-02,12:00:00,Stage 2,Area 11,126
2020-02-02,14:00:00,Stage 2,Area 12,131
2020-02-02,16:00:00,Stage 2,Area 13,120
2020-02-02,16:00:00,Stage 2,Area 5,133
2020-02-02,18:00:00,Stage 2,Area 6,120
2020-02-02,18:00:00,Stage 2,Area 14,132
2020-02-02,20:00:00,Stage 2,Area 7,126
2020-02-02,20:00:00,Stage 2,Area 15,129
2020-02-02,22:00:00,Stage 2,Area 8,130
2020-02-02,22:00:00,Stage 2,Area 16,124
2020-02-03,00:00:00,Stage 2,Area 1,120
2020-02-03,00:00:00,Stage 2,Area 9,124
2020-02-03,02:00:00,Stage 2,Area 10,150
2020-02-03,02:00:00,Stage 2,Area 2,125
2020-02-03,04:00:00,Stage 2,Area 3,150
2020-02-03,04:00:00,Stage 2,Area 11,116
2020-02-03,09:00:00,Stage 2,Area 5,70
2020-02-03,09:00:00,Stage 2,Area 13,58
2020-02-03,10:00:00,Stage 2,Area 6,135
2020-02-03,10:00:00,Stage 2,Area 14,136
2020-02-03,12:00:00,Stage 2,Area 7,126
2020-02-03,12:00:00,Stage 2,Area 15,134
2020-02-03,14:00:00,Stage 2,Area 8,130
2020-02-03,14:00:00,Stage 2,Area 16,125
2020-02-03,18:00:00,Stage 2,Area 10,128
2020-02-03,18:00:00,Stage 2,Area 2,124
2020-02-03,20:00:00,Stage 2,Area 3,130
2020-02-03,20:00:00,Stage 2,Area 11,136
2020-02-03,22:00:00,Stage 2,Area 4,124
2020-02-03,22:00:00,Stage 2,Area 12,130
2020-02-04,00:00:00,Stage 1,Area 5,127
2020-02-04,02:00:00,Stage 2,Area 16,132
2020-02-04,02:00:00,Stage 2,Area 14,130
2020-02-04,04:00:00,Stage 2,Area 7,79
2020-02-04,04:00:00,Stage 2,Area 15,100
2020-02-04,09:00:00,Stage 2,Area 1,70
2020-02-04,09:00:00,Stage 2,Area 9,65
2020-02-04,10:00:00,Stage 2,Area 10,133
2020-02-04,10:00:00,Stage 2,Area 2,127
2020-02-04,12:00:00,Stage 2,Area 3,127
2020-02-04,12:00:00,Stage 2,Area 11,175
2020-02-04,14:00:00,Stage 2,Area 4,130
2020-02-04,14:00:00,Stage 2,Area 12,134
2020-02-04,16:00:00,Stage 2,Area 5,126
2020-02-04,16:00:00,Stage 2,Area 13,138
2020-02-04,18:00:00,Stage 2,Area 6,130
2020-02-04,18:00:00,Stage 2,Area 14,125
2020-02-04,20:00:00,Stage 2,Area 7,131
2020-02-04,20:00:00,Stage 2,Area 15,123
2020-02-04,22:00:00,Stage 2,Area 8,148
2020-02-04,22:00:00,Stage 2,Area 16,134
2020-02-05,00:00:00,Stage 2,Area 10,130
2020-02-05,00:00:00,Stage 2,Area 2,126
2020-02-05,02:00:00,Stage 2,Area 13,133
2020-02-05,02:00:00,Stage 2,Area 11,131
2020-02-05,04:00:00,Stage 2,Area 4,124
2020-02-05,04:00:00,Stage 2,Area 12,127
2020-02-05,06:00:00,Stage 2,Area 13,135
2020-02-05,06:00:00,Stage 2,Area 5,145
2020-02-05,08:00:00,Stage 2,Area 6,140
2020-02-05,08:00:00,Stage 2,Area 14,140
2020-02-05,10:00:00,Stage 2,Area 7,126
2020-02-05,10:00:00,Stage 2,Area 15,130
2020-02-05,12:00:00,Stage 2,Area 8,125
2020-02-05,12:00:00,Stage 2,Area 16,129
2020-02-05,14:00:00,Stage 2,Area 1,130
2020-02-05,14:00:00,Stage 2,Area 9,122
2020-02-05,16:00:00,Stage 2,Area 10,130
2020-02-05,16:00:00,Stage 2,Area 2,126
2020-02-05,18:00:00,Stage 2,Area 3,132
2020-02-05,18:00:00,Stage 2,Area 11,126
2020-02-05,20:00:00,Stage 2,Area 4,125
2020-02-05,20:00:00,Stage 2,Area 12,125
2020-02-05,22:00:00,Stage 2,Area 13,119
2020-02-05,22:00:00,Stage 2,Area 5,120
2020-02-06,00:00:00,Stage 2,Area 6,130
2020-02-06,00:00:00,Stage 2,Area 14,130
2020-02-06,02:00:00,Stage 2,Area 7,127
2020-02-06,02:00:00,Stage 2,Area 15,117
2020-02-06,04:00:00,Stage 2,Area 8,130
2020-02-06,04:00:00,Stage 2,Area 16,122
2020-02-06,06:00:00,Stage 2,Area 1,130
2020-02-06,06:00:00,Stage 2,Area 9,122
2020-02-06,08:00:00,Stage 2,Area 10,125
2020-02-06,08:00:00,Stage 2,Area 2,129
2020-02-06,10:00:00,Stage 2,Area 3,130
2020-02-06,10:00:00,Stage 2,Area 11,128
2020-02-06,12:00:00,Stage 2,Area 4,123
2020-02-06,12:00:00,Stage 2,Area 12,129
2020-02-06,14:00:00,Stage 2,Area 13,143
2020-02-06,14:00:00,Stage 2,Area 5,129
2020-02-06,16:00:00,Stage 2,Area 6,131
2020-02-06,16:00:00,Stage 2,Area 14,130
2020-02-06,18:00:00,Stage 2,Area 7,127
2020-02-06,18:00:00,Stage 2,Area 15,123
2020-02-06,20:00:00,Stage 2,Area 8,137
2020-02-06,20:00:00,Stage 2,Area 16,129
2020-02-06,22:00:00,Stage 2,Area 1,120
2020-02-06,22:00:00,Stage 2,Area 9,128
2020-02-07,00:00:00,Stage 2,Area 10,120
2020-02-07,00:00:00,Stage 2,Area 2,130
2020-02-07,02:00:00,Stage 2,Area 3,130
2020-02-07,02:00:00,Stage 2,Area 11,133
2020-02-07,04:00:00,Stage 2,Area 4,125
2020-02-07,04:00:00,Stage 2,Area 12,127
2020-02-07,06:00:00,Stage 2,Area 13,147
2020-02-07,06:00:00,Stage 2,Area 5,145
2020-02-07,08:00:00,Stage 2,Area 6,143
2020-02-07,08:00:00,Stage 2,Area 14,138
2020-02-07,10:00:00,Stage 2,Area 7,122
2020-02-07,10:00:00,Stage 2,Area 15,123
2020-02-07,12:00:00,Stage 2,Area 8,127
2020-02-07,12:00:00,Stage 2,Area 16,129
2020-02-07,14:00:00,Stage 2,Area 1,128
2020-02-07,14:00:00,Stage 2,Area 9,126
2020-02-07,16:00:00,Stage 2,Area 10,126
2020-02-07,16:00:00,Stage 2,Area 2,126
2020-02-07,18:00:00,Stage 2,Area 3,138
2020-02-07,18:00:00,Stage 2,Area 11,137
2020-02-07,20:10:00,Stage 2,Area 4,119
2020-02-07,20:10:00,Stage 2,Area 12,124
2020-02-07,22:00:00,Stage 2,Area 13,130
2020-02-07,22:00:00,Stage 2,Area 5,135
2020-02-08,00:00:00,Stage 2,Area 6,136
2020-02-08,00:00:00,Stage 2,Area 14,125
2020-02-08,02:04:00,Stage 2,Area 7,133
2020-02-08,02:04:00,Stage 2,Area 15,136
2020-02-08,04:03:00,Stage 2,Area 8,121
2020-02-08,04:03:00,Stage 2,Area 16,127
2020-02-08,06:00:00,Stage 2,Area 1,137
2020-02-08,06:00:00,Stage 2,Area 9,125
2020-02-08,08:00:00,Stage 2,Area 2,128
2020-02-08,08:00:00,Stage 2,Area 10,132
2020-02-08,10:02:00,Stage 2,Area 11,129
2020-02-08,10:02:00,Stage 2,Area 3,111
2020-02-08,12:08:00,Stage 2,Area 4,121
2020-02-08,12:08:00,Stage 2,Area 12,127
2020-02-08,14:02:00,Stage 2,Area 5,126
2020-02-08,14:02:00,Stage 2,Area 13,126
2020-02-08,16:02:00,Stage 2,Area 6,134
2020-02-08,16:02:00,Stage 2,Area 14,162
2020-02-08,18:08:00,Stage 2,Area 7,137
2020-02-08,18:08:00,Stage 2,Area 15,134
2020-02-08,20:06:00,Stage 2,Area 8,121
2020-02-08,20:06:00,Stage 2,Area 16,126
2020-02-08,22:01:00,Stage 2,Area 1,119
2020-02-08,22:01:00,Stage 2,Area 9,127
2020-02-09,00:00:00,Stage 2,Area 3,125
2020-02-09,00:00:00,Stage 2,Area 11,125
2020-02-09,02:02:00,Stage 2,Area 4,126
2020-02-09,02:02:00,Stage 2,Area 12,129
2020-02-09,04:00:00,Stage 2,Area 13,120
2020-02-09,04:00:00,Stage 2,Area 5,126
2020-02-09,06:00:00,Stage 2,Area 6,129
2020-02-09,06:00:00,Stage 2,Area 14,132
2020-02-09,08:04:00,Stage 2,Area 15,128
2020-02-09,08:04:00,Stage 2,Area 7,129
2020-02-09,10:06:00,Stage 2,Area 8,127
2020-02-09,10:06:00,Stage 2,Area 16,119
2020-02-09,12:01:00,Stage 2,Area 9,127
2020-02-09,12:01:00,Stage 2,Area 1,121
2020-02-09,14:00:00,Stage 2,Area 10,127
2020-02-09,14:00:00,Stage 2,Area 2,128
2020-02-09,16:00:00,Stage 2,Area 3,128
2020-02-09,16:00:00,Stage 2,Area 11,125
2020-02-09,18:02:00,Stage 1,Area 4,130
2020-02-09,20:02:00,Stage 2,Area 13,28
2020-02-09,20:02:00,Stage 2,Area 5,38
2020-02-10,09:01:00,Stage 1,Area 3,67
2020-02-10,10:04:00,Stage 1,Area 4,129
2020-02-10,12:07:00,Stage 1,Area 5,123
2020-02-10,14:00:00,Stage 1,Area 6,132
2020-02-10,16:00:00,Stage 1,Area 7,130
2020-02-10,18:00:00,Stage 2,Area 8,130
2020-02-10,18:00:00,Stage 2,Area 12,130
2020-02-10,20:06:00,Stage 1,Area 9,117
2020-02-10,22:00:00,Stage 1,Area 10,131
2020-02-11,00:07:00,Stage 1,Area 11,121
2020-02-11,02:01:00,Stage 1,Area 12,126
2020-02-11,04:00:00,Stage 1,Area 13,120
2020-02-11,09:00:00,Stage 1,Area 15,65
2020-02-11,10:01:00,Stage 1,Area 15,128
2020-02-11,12:00:00,Stage 1,Area 1,135
2020-02-11,14:05:00,Stage 1,Area 2,122
2020-02-11,16:01:00,Stage 1,Area 3,124
2020-02-11,18:00:00,Stage 1,Area 4,135
2020-02-11,20:07:00,Stage 1,Area 5,58
2020-02-14,21:04:00,Stage 2,Area 10,64
2020-02-14,21:04:00,Stage 2,Area 2,68
2020-02-14,22:00:00,Stage 2,Area 3,132
2020-02-14,22:00:00,Stage 2,Area 11,124
2020-02-15,00:04:00,Stage 2,Area 4,132
2020-02-15,00:04:00,Stage 2,Area 12,128
2020-02-15,02:02:00,Stage 2,Area 5,133
2020-02-15,02:02:00,Stage 2,Area 13,133
2020-02-15,04:02:00,Stage 2,Area 6,133
2020-02-15,04:02:00,Stage 2,Area 14,128
2020-02-15,06:06:00,Stage 2,Area 7,126
2020-02-15,06:06:00,Stage 2,Area 15,131
2020-02-15,08:08:00,Stage 3,Area 8,119
2020-02-15,08:08:00,Stage 3,Area 12,126
2020-02-15,08:08:00,Stage 3,Area 16,132
2020-02-15,10:01:00,Stage 3,Area 1,129
2020-02-15,10:01:00,Stage 3,Area 13,134
2020-02-15,10:01:00,Stage 3,Area 9,138
2020-02-15,12:16:00,Stage 3,Area 10,125
2020-02-15,12:16:00,Stage 3,Area 2,112
2020-02-15,12:16:00,Stage 3,Area 14,120
2020-02-15,14:00:00,Stage 3,Area 3,129
2020-02-15,14:00:00,Stage 3,Area 11,128
2020-02-15,14:00:00,Stage 3,Area 15,128
2020-02-15,16:00:00,Stage 3,Area 4,120
2020-02-15,16:00:00,Stage 3,Area 12,120
2020-02-15,16:00:00,Stage 3,Area 16,120
2020-02-15,18:01:00,Stage 3,Area 13,119
2020-02-15,18:01:00,Stage 3,Area 5,138
2020-02-15,18:01:00,Stage 3,Area1,120
2020-02-15,20:12:00,Stage 2,Area 2,124
2020-02-15,20:12:00,Stage 2,Area 14,127
2020-02-15,22:11:00,Stage 3,Area 3,120
2020-02-15,22:11:00,Stage 3,Area 7,122
2020-02-15,22:11:00,Stage 3,Area 15,127
2020-02-16,00:02:00,Stage 3,Area 4,138
2020-02-16,00:02:00,Stage 3,Area 8,133
2020-02-16,00:02:00,Stage 3,Area 16,141
2020-02-16,02:06:00,Stage 3,Area 1,133
2020-02-16,02:06:00,Stage 3,Area 5,130
2020-02-16,02:06:00,Stage 3,Area 9,123
2020-02-16,04:00:00,Stage 3,Area 6,135
2020-02-16,04:00:00,Stage 3,Area 10,130
2020-02-16,04:00:00,Stage 3,Area 2,134
2020-02-16,06:04:00,Stage 3,Area 3,135
2020-02-16,06:04:00,Stage 3,Area 7,138
2020-02-16,06:04:00,Stage 3,Area 11,145
2020-02-16,08:08:00,Stage 3,Area 4,125
2020-02-16,08:08:00,Stage 3,Area 8,61
2020-02-16,08:08:00,Stage 3,Area 12,128
2020-02-16,10:05:00,Stage 2,Area 13,132
2020-02-16,10:05:00,Stage 2,Area 5,124
2020-02-16,12:06:00,Stage 1,Area 14,125
2020-02-16,14:00:00,Stage 2,Area 7,123
2020-02-16,14:00:00,Stage 2,Area 15,120
2020-02-16,16:00:00,Stage 2,Area 8,128
2020-02-16,16:00:00,Stage 2,Area 16,132
2020-02-16,18:00:00,Stage 2,Area 1,130
2020-02-16,18:00:00,Stage 2,Area 9,127
2020-02-16,20:01:00,Stage 2,Area 10,61
2020-02-16,20:01:00,Stage 2,Area 2,59
2020-02-20,09:00:00,Stage 2,Area 9,71
2020-02-20,09:00:00,Stage 2,Area 1,68
2020-02-20,10:00:00,Stage 2,Area 10,130
2020-02-20,10:00:00,Stage 2,Area 2,128
2020-02-20,12:00:00,Stage 2,Area 3,130
2020-02-20,12:00:00,Stage 2,Area 11,132
2020-02-20,14:00:00,Stage 2,Area 4,136
2020-02-20,14:00:00,Stage 2,Zrea 12,129
2020-02-20,16:05:00,Stage 2,Area 5,137
2020-02-20,16:05:00,Stage 2,Area 13,127
2020-02-20,18:03:00,Stage 2,Area 6,130
2020-02-20,18:03:00,Stage 2,Area 14,126
2020-02-20,20:02:00,Stage 2,Area 7,130
2020-02-20,20:02:00,Stage 2,Area 15,127
2020-02-20,22:05:00,Stage 2,Area 8,129
2020-02-20,22:05:00,Stage 2,Area 16,123
2020-02-21,00:00:00,Stage 2,Area 10,130
2020-02-21,00:00:00,Stage 2,Area 2,130
2020-02-21,02:00:00,Stage 2,Area 3,130
2020-02-21,02:00:00,Stage 2,Area 11,131
2020-02-21,04:00:00,Stage 2,Area 4,133
2020-02-21,04:00:00,Stage 2,Area 14,137
2020-02-21,06:00:00,Stage 2,Area 13,134
2020-02-21,06:00:00,Stage 2,Area 5,134
2020-02-21,08:00:00,Stage 2,Area 6,130
2020-02-21,08:00:00,Stage 2,Area 14,135
2020-02-21,10:00:00,Stage 2,Area 7,142
2020-02-21,10:00:00,Stage 2,Area 15,132
2020-02-21,12:00:00,Stage 2,Area 8,127
2020-02-21,12:00:00,Stage 2,Area 16,134
2020-02-21,14:00:00,Stage 2,Area 1,127
2020-02-21,14:00:00,Stage 2,Area 9,131
2020-02-21,16:00:00,Stage 2,Area 10,130
2020-02-21,16:00:00,Stage 2,Area 2,130
2020-02-21,18:00:00,Stage 2,Area 3,125
2020-02-21,18:00:00,Stage 2,Area 11,128
2020-02-21,20:00:00,Stage 2,Area 12,130
2020-02-21,20:00:00,Stage 2,Area 4,130
2020-02-21,22:00:00,Stage 2,Area 13,125
2020-02-21,22:00:00,Stage 2,Area 2,120
2020-02-22,00:00:00,Stage 2,Area 6,130
2020-02-22,00:00:00,Stage 2,Area 14,130
2020-02-22,02:00:00,Stage 2,Area 15,130
2020-02-22,02:00:00,Stage 2,Area 7,130
2020-02-22,04:00:00,Stage 2,Area 16,120
2020-02-22,04:00:00,Stage 2,Area 8,123
2020-02-22,06:00:00,Stage 2,Area 1,130
2020-02-22,06:00:00,Stage 2,Area 9,128
2020-02-22,08:00:00,Stage 2,Area 10,127
2020-02-22,08:00:00,Stage 2,Area 2,130
2020-02-22,10:00:00,Stage 2,Area 3,127
2020-02-22,12:00:00,Stage 2,Area 4,128
2020-02-22,12:00:00,Stage 2,Area 12,130
2020-02-22,14:00:00,Stage 2,Area 13,125
2020-02-22,14:00:00,Stage 2,Area 5,130
2020-02-22,16:00:00,Stage 2,Area 14,65
2020-03-07,06:00:00,Stage 1,Area 5,145
2020-03-09,09:12:00,Stage 1,Area 7,62
2020-03-09,10:04:00,Stage 1,Area 8,121
2020-03-09,12:00:00,Stage 1,Area 9,127
2020-03-09,14:00:00,Stage 1,Area 10,130
2020-03-09,16:00:00,Stage 1,Area 11,130
2020-03-09,18:00:00,Stage 1,Area 12,134
2020-03-09,20:00:00,Stage 1,Area 13,121
2020-03-09,22:00:00,Stage 1,Area 14,129
2020-03-10,00:00:00,Stage 1,Area 15,125
2020-03-10,02:00:00,Stage 1,Area 16,127
2020-03-10,04:00:00,Stage 2,Area 1,120
2020-03-10,09:00:00,Stage 2,Area 3,61
2020-03-10,09:00:00,Stage 2,Area 11,71
2020-03-10,10:00:00,Stage 2,Area 4,133
2020-03-10,10:00:00,Stage 2,Area 12,135
2020-03-10,12:00:00,Stage 2,Area 13,140
2020-03-10,12:00:00,Stage 2,Area 5,120
2020-03-10,14:00:00,Stage 4,Area 6,143
2020-03-10,14:00:00,Stage 4,Area 10,143
2020-03-10,14:00:00,Stage 4,Area 2,120
2020-03-10,14:00:00,Stage 4,Area 14,138
2020-03-10,16:00:00,Stage 4,Area 3,120
2020-03-10,16:00:00,Stage 4,Area 11,120
2020-03-10,16:00:00,Stage 4,Area 7,120
2020-03-10,16:00:00,Stage 4,Area 15,120
2020-03-10,18:00:00,Stage 4,Area 8,144
2020-03-10,18:00:00,Stage 4,Area 16,134
2020-03-10,18:00:00,Stage 4,Area 12,143
2020-03-10,18:00:00,Stage 4,Area 4,139
2020-03-10,20:00:00,Stage 4,Area 1,135
2020-03-10,20:00:00,Stage 4,Area 13,135
2020-03-10,20:00:00,Stage 4,Area 5,143
2020-03-10,20:00:00,Stage 4,Area 9,146
2020-03-10,22:00:00,Stage 4,Area 14,42
2020-03-10,22:00:00,Stage 4,Area 2,125
2020-03-10,22:00:00,Stage 4,Area 6,23
2020-03-10,22:00:00,Stage 4,Area 10,113
2020-03-11,00:00:00,Stage 2,Area 3,130
2020-03-11,00:00:00,Stage 2,Area 11,133
2020-03-11,02:00:00,Stage 2,Area 4,134
2020-03-11,02:00:00,Stage 2,Area 12,129
2020-03-11,04:00:00,Stage 2,Area 13,130
2020-03-11,04:00:00,Stage 2,Area 5,131
2020-03-11,06:00:00,Stage 2,Area 6,125
2020-03-11,06:00:00,Stage 2,Area 14,138
2020-03-11,08:00:00,Stage 2,Area 7,148
2020-03-11,08:00:00,Stage 2,Area 15,143
2020-03-11,09:00:00,Stage 2,Area 11,80
2020-03-11,09:00:00,Stage 2,Area 3,65
2020-03-11,10:00:00,Stage 2,Area 8,137
2020-03-11,10:00:00,Stage 2,Area 16,145
2020-03-11,12:00:00,Stage 4,Area 1,127
2020-03-11,12:00:00,Stage 4,Area 13,153
2020-03-11,12:00:00,Stage 4,Area 9,136
2020-03-11,12:00:00,Stage 4,Area 5,129
2020-03-11,14:00:00,Stage 4,Area 2,120
2020-03-11,14:00:00,Stage 4,Area 14,120
2020-03-11,14:00:00,Stage 4,Area 6,117
2020-03-11,14:00:00,Stage 4,Area 10,117
2020-03-11,16:00:00,Stage 2,Area 15,120
2020-03-11,16:00:00,Stage 2,Area 7,120
2020-03-11,18:00:00,Stage 2,Area 16,128
2020-03-11,18:00:00,Stage 2,Area 8,133
2020-03-11,20:00:00,Stage 4,Area 5,138
2020-03-11,20:00:00,Stage 4,Area 9,143
2020-03-11,20:00:00,Stage 4,Area 1,138
2020-03-11,20:00:00,Stage 4,Area 13,129
2020-03-11,22:00:00,Stage 4,Area 6,120
2020-03-11,22:00:00,Stage 4,Area 10,120
2020-03-11,22:00:00,Stage 4,Area 14,150
2020-03-11,22:00:00,Stage 4,Area 2,140
2020-03-12,00:00:00,Stage 4,Area 3,135
2020-03-12,00:00:00,Stage 4,Area 11,143
2020-03-12,00:00:00,Stage 4,Area 15,136
2020-03-12,00:00:00,Stage 4,Area 7,151
2020-03-12,02:00:00,Stage 4,Area 4,141
2020-03-12,02:00:00,Stage 4,Area 8,137
2020-03-12,02:00:00,Stage 4,Area 12,134
2020-03-12,02:00:00,Stage 4,Area 16,131
2020-03-12,04:00:00,Stage 4,Area 1,135
2020-03-12,04:00:00,Stage 4,Area 13,130
2020-03-12,04:00:00,Stage 4,Area 5,130
2020-03-12,04:00:00,Stage 4,Area 9,133
2020-03-12,06:00:00,Stage 4,Area 6,120
2020-03-12,06:00:00,Stage 4,Area 10,120
2020-03-12,06:00:00,Stage 4,Area 2,125
2020-03-12,06:00:00,Stage 4,Area 14,139
2020-03-12,08:00:00,Stage 4,Area 3,120
2020-03-12,08:00:00,Stage 4,Area 7,133
2020-03-12,08:00:00,Stage 4,Area 15,132
2020-03-12,08:00:00,Stage 4,Area 11,138
2020-03-12,10:00:00,Stage 4,Area 8,135
2020-03-12,10:00:00,Stage 4,Area 16,145
2020-03-12,12:00:00,Stage 4,Area 1,120
2020-03-12,12:00:00,Stage 4,Area 13,120
2020-03-12,12:00:00,Stage 4,Area 9,120
2020-03-12,12:00:00,Stage 4,Area 5,120
2020-03-12,14:00:00,Stage 4,Area 6,130
2020-03-12,14:00:00,Stage 4,Area 10,135
2020-03-12,14:00:00,Stage 4,Area 14,138
2020-03-12,14:00:00,Stage 4,Area 2,130
2020-03-12,16:00:00,Stage 4,Area 3,130
2020-03-12,16:00:00,Stage 4,Area 15,120
2020-03-12,16:00:00,Stage 4,Area 7,120
2020-03-12,16:00:00,Stage 4,Area 11,120
2020-03-12,18:00:00,Stage 4,Area 8,140
2020-03-12,18:00:00,Stage 4,Area 16,131
2020-03-12,20:00:00,Stage 4,Area 5,133
2020-03-12,20:00:00,Stage 4,Area 9,140
2020-03-12,20:00:00,Stage 4,Area 1,126
2020-03-12,20:00:00,Stage 4,Area 13,133
2020-03-12,22:00:00,Stage 4,Area 6,136
2020-03-12,22:00:00,Stage 4,Area 10,132
2020-03-12,22:00:00,Stage 4,Area 2,135
2020-03-12,22:00:00,Stage 4,Area 14,145
2020-03-13,00:00:00,Stage 4,Area 4,179
2020-03-13,00:00:00,Stage 4,Area 12,179
2020-03-13,02:00:00,Stage 4,Area 1,137
2020-03-13,02:00:00,Stage 4,Area 13,125
2020-03-13,02:00:00,Stage 4,Area 5,137
2020-03-13,02:00:00,Stage 4,Area 9,131
2020-03-13,04:00:00,Stage 4,Area 6,131
2020-03-13,04:00:00,Stage 4,Area 10,125
2020-03-13,04:00:00,Stage 4,Area 14,140
2020-03-13,04:00:00,Stage 4,Area 2,136
2020-03-13,06:00:00,Stage 4,Area 3,130
2020-03-13,06:00:00,Stage 4,Area 11,148
2020-03-13,06:00:00,Stage 4,Area 7,141
2020-03-13,06:00:00,Stage 4,Area 15,151
2020-03-13,08:00:00,Stage 4,Area 12,145
2020-03-13,08:00:00,Stage 4,Area 4,139
2020-03-13,10:00:00,Stage 4,Area 1,130
2020-03-13,10:00:00,Stage 4,Area 13,135
2020-03-13,12:00:00,Stage 4,Area 6,135
2020-03-13,12:00:00,Stage 4,Area 10,135
2020-03-13,12:00:00,Stage 4,Area 2,120
2020-03-13,12:00:00,Stage 4,Area 14,120
2020-03-13,14:00:00,Stage 3,Area 3,132
2020-03-13,14:00:00,Stage 3,Area 11,120
2020-03-13,14:00:00,Stage 3,Area 7,120
2020-03-13,16:00:00,Stage 3,Area 4,130
2020-03-13,16:00:00,Stage 3,Area 12,140
2020-03-13,18:00:00,Stage 3,Area 5,142
2020-03-13,18:00:00,Stage 3,Area 9,140
2020-03-13,18:00:00,Stage 3,Area 13,120
2020-03-13,18:00:00,Stage 3,Area 13.1,74
2020-03-13,20:11:00,Stage 3,Area 6,132
2020-03-13,20:11:00,Stage 3,Area 10,125
2020-03-13,22:00:00,Stage 3,Area 11,45
2020-03-13,22:00:00,Stage 3,Area 15,50
2020-03-13,22:00:00,Stage 3,Area 7,31
2020-03-14,07:00:00,Stage 2,Area 3,60
2020-03-14,07:00:00,Stage 2,Area 11,76
2020-03-14,08:00:00,Stage 2,Area 4,131
2020-03-14,08:00:00,Stage 2,Area 12,135
2020-03-14,10:00:00,Stage 2,Area 13,122
2020-03-14,10:00:00,Stage 2,Area 5,125
2020-03-14,12:00:00,Stage 1,Area 6,150
2020-03-14,14:00:00,Stage 1,Area 7,120
2020-03-14,16:00:00,Stage 1,Area 8,120
2020-03-14,18:00:00,Stage 1,Area 9,125
2020-03-14,20:00:00,Stage 1,Area 10,130
2020-03-14,22:00:00,Stage 1,Area 11,59
2020-03-15,07:00:00,Stage 1,Area 15,72
2020-03-15,08:00:00,Stage 1,Area 16,129
2020-03-15,10:00:00,Stage 1,Area 1,120
2020-07-10,12:00:00,Stage 1,Area 5,137
2020-07-10,14:05:00,Stage 1,Area 6,135
2020-07-10,16:00:00,Stage 1,Area 7,132
2020-07-10,18:00:00,Stage 1,Area 8,125
2020-07-10,20:00:00,Stage 1,Area 9,115
2020-07-11,09:01:00,Stage 1,Area 15,69
2020-07-11,10:06:00,Stage 1,Area 16,127
2020-07-11,12:00:00,Stage 1,Area 1,130
2020-07-11,14:03:00,Stage 1,Area 2,126
2020-07-11,16:00:00,Stage 1,Area 3,130
2020-07-11,18:01:00,Stage 1,Area 1,129
2020-07-11,20:00:00,Stage 1,Area 5,120
2020-07-12,08:08:00,Stage 1,Area 11,124
2020-07-12,10:01:00,Stage 1,Area 12,128
2020-07-12,12:00:00,Stage 1,Area 13,130
2020-07-12,14:03:00,Stage 1,Area 14,128
2020-07-12,16:01:00,Stage 1,Area 15,138
2020-07-12,18:01:00,Stage 1,Area 16,129
2020-07-13,09:15:00,Stage 1,Area 8,89
2020-07-13,10:04:00,Stage 1,Area 9,136
2020-07-13,12:00:00,Stage 1,Area 10,145
2020-07-13,14:18:00,Stage 1,Area 11,110
2020-07-13,16:14:00,Stage 1,Area 12,126
2020-07-13,18:00:00,Stage 1,Area 13,139
2020-07-13,20:00:00,Stage 1,Area 14,120
2020-07-14,09:03:00,Stage 1,Area 4,64
2020-07-14,10:01:00,Stage 1,Area 5,132
2020-07-14,12:00:00,Stage 2,Area 6,150
2020-07-14,12:00:00,Stage 2,Area 14,163
2020-07-14,14:19:00,Stage 2,Area 7,113
2020-07-14,14:19:00,Stage 2,Area 15,122
2020-07-14,16:04:00,Stage 2,Area 8,123
2020-07-14,16:04:00,Stage 2,Area 16,131
2020-07-14,18:00:00,Stage 2,Area 1,130
2020-07-14,18:00:00,Stage 2,Area 9,133
2020-07-14,20:00:00,Stage 2,Area 10,130
2020-07-14,20:00:00,Stage 2,Area 2,123
2020-07-15,14:00:00,Stage 1,Area 3,128
2020-07-15,16:04:00,Stage 1,Area 4,127
2020-07-15,18:05:00,Stage 1,Area 5,130
2020-07-15,20:04:00,Stage 1,Area 6,119
2020-07-16,14:02:00,Stage 1,Area 15,121
2020-07-16,16:01:00,Stage 1,Area 16,129
2020-07-16,18:04:00,Stage 1,Area 1,125
2020-07-16,20:03:00,Stage 1,Area 2,130
2020-08-13,08:05:00,Stage 1,Area 8,126
2020-08-13,10:02:00,Stage 1,Area 9,130
2020-08-13,12:05:00,Stage 1,Area 10,130
2020-08-13,14:10:00,Stage 1,Area 11,117
2020-08-13,16:03:00,Stage 1,Area 12,130
2020-08-13,18:12:00,Stage 1,Area 13,108
2020-08-13,20:04:00,Stage 1,Area 14,116
2020-08-14,08:00:00,Stage 1,Area 4,120
2020-08-14,10:00:00,Stage 1,Area 5,120
2020-08-14,12:00:00,Stage 1,Area 6,120
2020-08-14,14:17:00,Stage 1,Area 7,118
2020-08-14,16:05:00,Stage 1,Area 8,60
2020-08-18,16:09:00,Stage 1,Area 5,129
2020-08-18,18:00:00,Stage 1,Area 6,131
2020-08-18,20:06:00,Stage 1,Area 7,125
2020-08-19,09:00:00,Stage 1,Area 13,61
2020-08-19,10:09:00,Stage 1,Area 14,119
2020-08-19,12:03:00,Stage 1,Area 15,128
2020-08-19,14:06:00,Stage 1,Area 16,129
2020-08-19,16:00:00,Stage 1,Area 1,134
2020-08-19,18:02:00,Stage 1,Area 2,119
2020-08-19,20:00:00,Stage 1,Area 3,125
2020-08-20,09:02:00,Stage 1,Area 9,64
2020-08-20,10:00:00,Stage 1,Area 10,136
2020-08-20,12:05:00,Stage 1,Area 11,125
2020-08-20,14:02:00,Stage 1,Area 14,129
2020-08-20,16:00:00,Stage 1,Area 13,120
2020-08-20,18:05:00,Stage 1,Area 14,128
2020-08-20,20:00:00,Stage 1,Area 15,120
2020-09-01,12:00:00,Stage 1,Area 7,134
2020-09-01,14:02:00,Stage 1,Area 8,131
2020-09-01,16:01:00,Stage 1,Area 9,133
2020-09-01,18:02:00,Stage 1,Area 10,131
2020-09-01,20:04:00,Stage 1,Area 11,93
2020-09-02,08:00:00,Stage 1,Area 1,130
2020-09-02,10:00:00,Stage 1,Area 2,130
2020-09-02,12:00:00,Stage 1,Area 3,126
2020-09-02,14:10:00,Stage 1,Area 4,129
2020-09-02,16:00:00,Stage 3,Area 1,135
2020-09-02,16:00:00,Stage 3,Area 13,135
2020-09-02,16:00:00,Stage 3,Area 5,129
2020-09-02,18:00:00,Stage 3,Area 6,135
2020-09-02,18:00:00,Stage 3,Area 2,128
2020-09-02,18:00:00,Stage 3,Area 14,133
2020-09-02,20:00:00,Stage 3,Area 3,130
2020-09-02,20:00:00,Stage 3,Area 7,141
2020-09-02,20:00:00,Stage 3,Area 15,133
2020-09-03,08:00:00,Stage 3,Area 5,130
2020-09-03,08:00:00,Stage 3,Area 9,140
2020-09-03,08:00:00,Stage 3,Area 13,128
2020-09-03,10:00:00,Stage 3,Area 6,135
2020-09-03,10:00:00,Stage 3,Area 10,135
2020-09-03,10:00:00,Stage 3,Area 14,137
2020-09-03,12:00:00,Stage 3,Area 7,134
2020-09-03,12:00:00,Stage 3,Area 11,139
2020-09-03,12:00:00,Stage 3,Area 15,142
2020-09-03,14:00:00,Stage 3,Area 8,139
2020-09-03,14:00:00,Stage 3,Area 12,133
2020-09-03,14:00:00,Stage 3,Area 16,131
2020-09-03,16:00:00,Stage 3,Area 1,135
2020-09-03,16:00:00,Stage 3,Area 13,140
2020-09-03,16:00:00,Stage 3,Area 9,127
2020-09-03,18:00:00,Stage 3,Area 10,130
2020-09-03,18:00:00,Stage 3,Area 2,122
2020-09-03,18:00:00,Stage 3,Area 14,126
2020-09-03,20:00:00,Stage 3,Area 3,105
2020-09-03,20:00:00,Stage 3,Area 11,99
2020-09-03,20:00:00,Stage 3,Area 15,102
2020-09-04,08:00:00,Stage 2,Area 1,140
2020-09-04,08:00:00,Stage 2,Area 9,124
2020-09-04,10:00:00,Stage 2,Area 10,135
2020-09-04,10:00:00,Stage 2,Area 2,131
2020-09-04,12:00:00,Stage 2,Area 3,127
2020-09-04,12:00:00,Stage 2,Area 11,123
2020-09-04,14:02:00,Stage 2,Area 4,130
2020-09-04,14:02:00,Stage 2,Area 12,126
2020-09-04,16:00:00,Stage 2,Area 13,129
2020-09-04,16:00:00,Stage 2,Area 5,134
2020-09-04,18:00:00,Stage 2,Area 6,123
2020-09-04,18:00:00,Stage 2,Area 14,119
2020-09-04,20:00:00,Stage 2,Area 7,55
2020-09-04,20:00:00,Stage 2,Area 15,55
2020-09-05,08:00:00,Stage 1,Area 6,225
2020-09-05,10:08:00,Stage 1,Area 7,124
2020-09-05,12:02:00,Stage 1,Area 8,128
2020-09-05,14:05:00,Stage 1,Area 9,122
2020-09-05,16:00:00,Stage 1,Area 10,130
2020-09-05,18:03:00,Stage 1,Area 11,122
2020-09-06,08:03:00,Stage 1,Area 2,123
2020-09-06,10:00:00,Stage 1,Area 3,120
2020-09-07,16:03:00,Stage 1,Area 2,123
2020-09-07,18:00:00,Stage 1,Area 3,120
2020-09-07,20:00:00,Stage 1,Area 4,72
2020-12-29,22:00:00,Stage 2,Area 7,141
2020-12-29,22:00:00,Stage 2,Area 15,134
2020-12-30,00:01:00,Stage 2,Area 8,129
2020-12-30,00:01:00,Stage 2,Area 16,134
2020-12-30,02:00:00,Stage 1,Area 9,129
2020-12-30,04:00:00,Stage 1,Area 2,60
2020-12-31,00:00:00,Stage 2,Area 4,133
2020-12-31,00:00:00,Stage 2,Area 12,135
2020-12-31,02:00:00,Stage 2,Area 5,136
2020-12-31,02:00:00,Stage 2,Area 13,131
2020-12-31,04:00:00,Stage 2,Area 6,65
2020-12-31,04:00:00,Stage 2,Area 14,62
2021-01-06,23:00:00,Stage 2,Area 1,69
2021-01-06,23:00:00,Stage 2,Area 9,60
2021-01-07,00:00:00,Stage 1,Area 10,131
2021-01-07,02:00:00,Stage 2,Area 11,123
2021-01-07,02:00:00,Stage 2,Area 3,132
2021-01-07,04:00:00,Stage 2,Area 4,120
2021-01-07,04:00:00,Stage 2,Area 12,120
2021-01-14,02:00:00,Stage 1,Area 14,127
2021-01-14,12:05:00,Stage 1,Area 6,121
2021-01-14,14:00:00,Stage 1,Area 7,125
2021-01-14,16:00:00,Stage 1,Area 8,120
2021-01-14,18:00:00,Stage 1,Area 9,130
2021-01-14,20:00:00,Stage 1,Area 10,135
2021-01-14,22:00:00,Stage 1,Area 11,132
2021-01-15,00:02:00,Stage 2,Area 4 & 12,128
2021-01-15,02:00:00,Stage 2,Area 13,120
2021-01-15,02:00:00,Stage 2,Area 5,127
2021-01-15,04:00:00,Stage 1,Area 6,120
2021-01-15,10:00:00,Stage 1,Area 1,124
2021-01-15,12:00:00,Stage 1,Area 2,124
2021-01-15,14:00:00,Stage 1,Area 3,120
2021-01-15,16:00:00,Stage 1,Area 4,127
2021-01-15,18:00:00,Stage 1,Area 5,127
2021-01-15,20:00:00,Stage 1,Area 6,133
2021-01-15,22:02:00,Stage 2,Area 7,132
2021-01-15,22:02:00,Stage 2,Area 15,131
2021-01-16,00:01:00,Stage 2,Area 8,125
2021-01-16,00:01:00,Stage 2,Area 16,128
2021-01-16,02:00:00,Stage 2,Area 1,135
2021-01-16,02:00:00,Stage 2,Area 9,124
2021-01-16,04:00:00,Stage 2,Area 10,135
2021-01-16,04:00:00,Stage 2,Area 2,127
2021-01-16,06:02:00,Stage 1,Area 11,134
2021-01-16,08:11:00,Stage 1,Area 12,120
2021-01-16,10:00:00,Stage 1,Area 13,140
2021-01-16,12:06:00,Stage 1,Area 14,127
2021-01-16,14:06:00,Stage 1,Area 15,119
2021-01-16,16:00:00,Stage 1,Area 16,125
2021-01-16,18:00:00,Stage 1,Area 1,126
2021-01-16,20:02:00,Stage 1,Area 2,127
2021-01-16,22:00:00,Stage 2,Area 3,135
2021-01-16,22:00:00,Stage 2,Area 11,127
2021-01-17,00:01:00,Stage 2,Area 1,134
2021-01-17,00:01:00,Stage 2,Area 9,124
2021-01-17,02:00:00,Stage 2,Area 10,136
2021-01-17,02:00:00,Stage 2,Area 2,124
2021-01-17,04:00:00,Stage 2,Area 3,130
2021-01-17,04:00:00,Stage 2,Area 11,126
2021-01-17,06:06:00,Stage 1,Area 4,120
2021-01-17,08:14:00,Stage 1,Area 5,111
2021-01-17,10:00:00,Stage 1,Area 6,131
2021-01-17,12:03:00,Stage 1,Area 7,122
2021-01-17,14:00:00,Stage 1,Area 8,125
2021-01-17,16:07:00,Stage 1,Area 9,113
2021-01-17,18:02:00,Stage 1,Area 10,124
2021-01-17,20:00:00,Stage 1,Area 11,127
2021-01-17,22:02:00,Stage 1,Area 12,131
2021-01-18,00:01:00,Stage 1,Area 13,137
2021-01-18,02:02:00,Stage 1,Area 14,127
2021-01-18,04:00:00,Stage 1,Area 15,127
2021-01-18,06:03:00,Stage 1,Area 16,130
2021-01-18,08:00:00,Stage 1,Area 1,120
2021-01-18,10:03:00,Stage 1,Area 2,123
2021-01-18,12:00:00,Stage 1,Area 3,130
2021-01-18,14:00:00,Stage 1,Area 4,130
2021-01-18,16:07:00,Stage 1,Area 5,123
2021-01-18,18:00:00,Stage 1,Area 6,128
2021-01-18,20:10:00,Stage 1,Area 7,54
2021-02-05,12:03:00,Stage 1,Area 8,123
2021-02-05,14:01:00,Stage 1,Area 9,128
2021-02-05,16:02:00,Stage 1,Area 10,128
2021-02-05,18:00:00,Stage 1,Area 11,128
2021-02-05,20:05:00,Stage 1,Area 12,118
2021-02-05,22:00:00,Stage 2,Area 13,127
2021-02-05,23:03:00,Stage 2,Area 5,64
2021-02-06,00:01:00,Stage 2,Area 14,137
2021-02-06,00:01:00,Stage 2,Area 6,129
2021-02-06,02:00:00,Stage 2,Area 15,141
2021-02-06,02:00:00,Stage 2,Area 7,137
2021-02-06,04:00:00,Stage 2,Area 16,134
2021-02-06,04:00:00,Stage 2,Area 4,131
2021-02-06,06:00:00,Stage 1,Area 1,135
2021-02-06,08:00:00,Stage 1,Area 2,128
2021-02-06,10:03:00,Stage 1,Area 3,120
2021-02-06,12:00:00,Stage 1,Area 4,135
2021-02-06,14:00:00,Stage 1,Area 5,134
2021-02-06,16:01:00,Stage 1,Area 6,127
2021-02-06,18:00:00,Stage 1,Area 7,135
2021-02-06,20:00:00,Stage 1,Area 8,126
2021-02-06,22:00:00,Stage 2,Area 9,129
2021-02-06,23:00:00,Stage 2,Area 1,59
2021-02-07,00:01:00,Stage 2,Area 2,128
2021-02-07,00:01:00,Stage 2,Area 10,120
2021-02-07,02:00:00,Stage 2,Area 11,135
2021-02-07,02:00:00,Stage 2,Area 3,121
2021-02-07,04:00:00,Stage 2,Area 12,126
2021-02-07,04:00:00,Stage 2,Area 4,124
2021-02-07,06:00:00,Stage 1,Area 13,121
2021-02-09,00:01:00,Stage 1,Area 10,119
2021-02-09,22:00:00,Stage 2,Area 6,130
2021-02-09,22:00:00,Stage 2,Area 14,128
2021-02-10,00:01:00,Stage 2,Area 7,134
2021-02-10,00:01:00,Stage 2,Area 15,126
2021-02-10,02:00:00,Stage 2,Area 8,128
2021-02-10,02:00:00,Stage 2,Area 16,124
2021-02-10,04:00:00,Stage 2,Area 1,65
2021-02-10,04:00:00,Stage 2,Area 9,60
2021-02-10,13:00:00,Stage 2,Area 13,60
2021-02-10,14:00:00,Stage 2,Area 6,139
2021-02-10,14:00:00,Stage 2,Area 14,130
2021-02-10,16:00:00,Stage 2,Area 15,135
2021-02-10,16:00:00,Stage 2,Area 7,135
2021-02-10,18:00:00,Stage 2,Area 16,126
2021-02-10,18:00:00,Stage 2,Area 8,131
2021-02-10,20:00:00,Stage 2,Area 1,135
2021-02-10,20:00:00,Stage 2,Area 9,130
2021-02-10,22:00:00,Stage 3,Area 6,140
2021-02-10,22:00:00,Stage 3,Area 10,135
2021-02-10,22:00:00,Stage 3,Area 2,134
2021-02-11,00:01:00,Stage 3,Area 13,132
2021-02-11,00:01:00,Stage 3,Area 7,143
2021-02-11,04:00:00,Stage 3,Area 13,120
2021-02-11,04:00:00,Stage 3,Area 9,128
2021-02-11,04:00:00,Stage 3,Area 5,117
2021-02-12,02:00:00,Stage 2,Area 4,135
2021-02-12,02:00:00,Stage 2,Area 12,147
2021-03-10,17:00:00,Stage 1,Area 7,65
2021-03-10,18:00:00,Stage 1,Area 8,128
2021-03-10,20:00:00,Stage 1,Area 9,129
2021-03-10,22:00:00,Stage 2,Area 10,130
2021-03-10,22:00:00,Stage 2,Area,130
2021-03-11,00:00:00,Stage 2,Area 3,133
2021-03-11,00:00:00,Stage 2,Area 11,134
2021-03-11,04:00:00,Stage 2,Area 13,120
2021-03-11,04:00:00,Stage 2,Area 5,130
2021-03-11,06:00:00,Stage 1,Area 14,132
2021-03-11,08:00:00,Stage 1,Area 15,137
2021-03-11,10:00:00,Stage 1,Area 16,137
2021-03-11,14:00:00,Stage 1,Area 2,130
2021-03-11,18:00:00,Stage 1,Area 4,126
2021-03-11,20:00:00,Stage 1,Area 5,126
2021-03-11,22:00:00,Stage 2,Area 14,136
2021-03-12,00:00:00,Stage 2,Area 7,137
2021-03-12,00:00:00,Stage 2,Area 15,129
2021-03-12,02:00:00,Stage 2,Area 8,135
2021-03-12,02:00:00,Stage 2,Area 16,131
2021-03-12,04:00:00,Stage 2,Area 1,135
2021-03-12,04:00:00,Stage 2,Area 9,127
2021-03-12,06:00:00,Stage 1,Area 10,135
2021-03-12,08:00:00,Stage 1,Area 11,126
2021-03-12,10:00:00,Stage 1,Area 12,126
2021-03-12,14:00:00,Stage 1,Area 14,125
2021-03-12,16:00:00,Stage 1,Area 15,125
2021-03-12,18:00:00,Stage 1,Area 16,132
2021-03-12,20:00:00,Stage 1,Area 1,130
2021-03-12,22:00:00,Stage 2,Area 2,136
2021-03-12,22:00:00,Stage 2,Area 10,130
2021-03-13,00:00:00,Stage 2,Area 4,138
2021-03-13,00:00:00,Stage 2,Area 12,141
2021-03-13,02:00:00,Stage 2,Area 5,136
2021-03-13,02:00:00,Stage 2,Area 13,130
2021-03-13,04:00:00,Stage 1,Area 14,135
2021-03-13,06:00:00,Stage 1,Area 7,135
2021-03-13,08:00:00,Stage 1,Area 8,129
2021-03-13,10:00:00,Stage 1,Area 9,121
2021-03-13,12:00:00,Stage 1,Area 10,130
2021-03-13,14:00:00,Stage 1,Area 11,136
2021-03-13,16:00:00,Stage 2,Area 12,126
2021-03-13,18:00:00,Stage 1,Area 13,135
2021-03-13,20:00:00,Stage 1,Area 14,139
2021-03-13,22:00:00,Stage 2,Area 15,132
2021-03-13,22:00:00,Stage 2,Area 7,139
2021-03-14,00:00:00,Stage 2,Area 8,135
2021-03-14,00:00:00,Stage 2,Area 16,128
2021-03-14,02:00:00,Stage 2,Area 9,128
2021-03-14,02:00:00,Stage 2,Area 1,130
2021-03-14,04:00:00,Stage 2,Area 2,133
2021-03-14,04:00:00,Stage 2,Area 10,140
2021-03-14,06:00:00,Stage 1,Area 3,135
2021-03-14,08:00:00,Stage 1,Area 4,131
2021-03-14,10:00:00,Stage 1,Area 5,139
2021-03-14,12:00:00,Stage 2,Area 6,125
2021-03-14,14:00:00,Stage 1,Area 7,129
2021-03-14,16:00:00,Stage 1,Area 8,125
2021-03-14,18:00:00,Stage 1,Area 9,127
2021-03-14,20:06:00,Stage 2,Area 10,124
2021-03-14,22:00:00,Stage 2,Area 11,129
2021-03-14,22:00:00,Stage 2,Area 3,135
2021-03-15,00:00:00,Stage 2,Area 12,131
2021-03-15,00:00:00,Stage 2,Area 4,135
2021-03-15,02:00:00,Stage 2,Area 5,137
2021-03-15,02:00:00,Stage 2,Area 13,130
2021-03-15,04:00:00,Stage 2,Area 14,127
2021-03-15,04:00:00,Stage 2,Area 6,130
2021-03-15,06:00:00,Stage 1,Area 15,126
2021-03-15,08:00:00,Stage 1,Area 16,126
2021-03-15,10:00:00,Stage 2,Area 1,120
2021-03-15,12:00:00,Stage 1,Area 2,128
2021-03-15,14:00:00,Stage 2,Area 3,120
2021-03-15,16:00:00,Stage 1,Area 4,132
2021-03-15,18:00:00,Stage 1,Area 5,137
2021-03-15,20:01:00,Stage 2,Area 6,129
2021-03-15,22:00:00,Stage 2,Area 7,134
2021-03-15,22:00:00,Stage 2,Area 15,130
2021-03-16,00:00:00,Stage 2,Area 16,131
2021-03-16,00:00:00,Stage 2,Area 8,135
2021-03-16,02:00:00,Stage 1,Area 9,128
2021-03-16,04:00:00,Stage 1,Area 2,129
2021-03-16,06:00:00,Stage 1,Area 11,125
2021-03-16,08:00:00,Stage 1,Area 12,130
2021-03-16,12:00:00,Stage 1,Area 14,138
2021-03-16,14:00:00,Stage 1,Area 15,158
2021-03-16,16:00:00,Stage 1,Area 16,130
2021-03-16,20:00:00,Stage 1,Area 2,135
2021-03-16,22:00:00,Stage 1,Area 11,131
2021-03-17,00:00:00,Stage 1,Area 9,240
2021-03-17,02:00:00,Stage 1,Area 2,140
2021-03-17,04:00:00,Stage 1,Area 11,75
2021-03-17,06:00:00,Stage 1,Area 4,128
2021-03-17,08:00:00,Stage 1,Area 5,125
2021-03-17,12:00:00,Stage 1,Area 7,135
2021-03-17,14:00:00,Stage 1,Area 8,131
2021-03-17,16:00:00,Stage 1,Area 9,128
2021-03-17,20:00:00,Stage 1,Area 11,10
2021-03-17,22:00:00,Stage 2,Area 12,127
2021-03-17,22:00:00,Stage 2,Area 4,132
2021-03-18,00:00:00,Stage 1,Area 5,130
2021-03-18,02:00:00,Stage 1,Area 14,133
2021-03-18,04:00:00,Stage 2,Area 15,143
2021-03-18,04:00:00,Stage 2,Area 7,131
2021-03-18,06:00:00,Stage 2,Area 16,133
2021-03-18,06:00:00,Stage 2,Area 8,135
2021-03-18,08:00:00,Stage 1,Area 9,5
2021-03-18,14:00:00,Stage 2,Area 4,134
2021-03-18,14:00:00,Stage 2,Area 12,131
2021-03-18,16:00:00,Stage 1,Area 5,126
2021-03-18,18:00:00,Stage 1,Area 14,136
2021-03-18,20:00:00,Stage 2,Area 7,135
2021-03-18,20:00:00,Stage 2,Area 15,140
2021-03-18,22:00:00,Stage 2,Area 8,127
2021-03-18,22:00:00,Stage 2,Area 16,131
2021-03-19,00:00:00,Stage 1,Area 9,128
2021-03-19,02:00:00,Stage 1,Area 2,131
2021-03-19,04:00:00,Stage 1,Area 11,128
2021-03-19,06:00:00,Stage 1,Area 12,128
2021-03-19,10:00:00,Stage 1,Area 14,2
2021-04-13,22:00:00,Stage 2,Area 15,127
2021-04-13,22:00:00,Stage 2,Area 7,133
2021-04-14,00:00:00,Stage 2,Area 16,131
2021-04-14,00:00:00,Stage 2,Area 8,129
2021-04-14,02:00:00,Stage 2,Area 1,135
2021-04-14,02:00:00,Stage 2,Area 9,129
2021-04-14,04:00:00,Stage 2,Area 2,78
2021-04-14,04:00:00,Stage 2,Area 10,75
2021-05-16,22:00:00,Stage 2,Area 11,126
2021-05-16,22:00:00,Stage 2,AREA 3,126
2021-05-17,02:00:00,Stage 2,Area 2,124
2021-05-17,02:00:00,Stage 2,Area 10,130
2021-05-17,04:00:00,Stage 2,Area 3,130
2021-05-17,04:00:00,Stage 2,Area 11,120
2021-05-17,06:00:00,Stage 1,Area 4,127
2021-05-17,08:00:00,Stage 1,Area 5,131
2021-05-17,10:00:00,Stage 1,Area 6,130
2021-05-17,12:00:00,Stage 1,Area 7,132
2021-05-17,14:00:00,Stage 1,Area 8,128
2021-05-17,16:00:00,Stage 1,Area 9,130
2021-05-17,18:00:00,Stage 1,Area 10,130
2021-05-17,20:00:00,Stage 1,Area 11,127
2021-05-17,22:00:00,Stage 2,Area 12,122
2021-05-17,22:00:00,Stage 2,Area 4,127
2021-05-18,00:00:00,Stage 2,Area 13,128
2021-05-18,00:00:00,Stage 2,Area 5,123
2021-05-18,02:00:00,Stage 2,Area 14,120
2021-05-18,02:00:00,Stage 2,Area 6,120
2021-05-31,16:00:00,Stage 1,Area 4,136
2021-05-31,18:00:00,Stage 1,Area 5,130
2021-05-31,20:00:00,Stage 1,Area 6,135
2021-05-31,22:00:00,Stage 2,Area 15,130
2021-05-31,22:00:00,Stage 2,Area 7,129
2021-06-01,00:00:00,Stage 2,Area 1,135
2021-06-01,00:00:00,Stage 2,Area 9,130
2021-06-01,02:00:00,Stage 2,Area 2,135
2021-06-01,02:00:00,Stage 2,Area 10,134
2021-06-01,04:00:00,Stage 2,Area 3,75
2021-06-01,04:00:00,Stage 2,Area 11,68
2021-06-01,17:00:00,Stage 2,Area 9,63
2021-06-01,17:00:00,Stage 2,Area 1,75
2021-06-01,18:00:00,Stage 2,Area 10,131
2021-06-01,18:00:00,Stage 2,Area 2,67
2021-06-01,20:00:00,Stage 1,Area 11,132
2021-06-01,22:00:00,Stage 2,Area 12,130
2021-06-01,22:00:00,Stage 2,Area 4,127
2021-06-02,00:00:00,Stage 2,Area 13,150
2021-06-02,00:00:00,Stage 2,Area 5,130
2021-06-02,02:00:00,Stage 2,Area 14,135
2021-06-02,02:00:00,Stage 2,Area 6,135
2021-06-02,04:00:00,Stage 2,Area 15,69
2021-06-02,04:00:00,Stage 2,Area 7,68
2021-06-02,10:00:00,Stage 1,Area 2,127
2021-06-02,12:00:00,Stage 1,Area 3,127
2021-06-02,14:00:00,Stage 1,Area 4,123
2021-06-02,16:00:00,Stage 1,Area 5,125
2021-06-02,17:00:00,Stage 1,Area 13,65
2021-06-02,18:00:00,Stage 2,Area 6,157
2021-06-02,18:00:00,Stage 2,Area 14,67
2021-06-02,22:00:00,Stage 2,Area 8,129
2021-06-02,22:00:00,Stage 2,Area 16,126
2021-06-03,00:00:00,Stage 2,Area 1,135
2021-06-03,00:00:00,Stage 2,Area 9,143
2021-06-03,02:00:00,Stage 2,Area 2,124
2021-06-03,02:00:00,Stage 2,Area 10,130
2021-06-03,04:00:00,Stage 2,Area 3,125
2021-06-03,04:00:00,Stage 2,Area 11,124
2021-06-03,06:00:00,Stage 1,Area 12,130
2021-06-03,08:00:00,Stage 1,Area 13,130
2021-06-03,10:00:00,Stage 1,Area 14,135
2021-06-03,12:00:00,Stage 1,Area 15,127
2021-06-03,14:00:00,Stage 1,Area 16,130
2021-06-03,16:00:00,Stage 1,Area 1,140
2021-06-03,17:00:00,Stage 1,Area 9,62
2021-06-03,18:00:00,Stage 2,Area 10,130
2021-06-03,18:00:00,Stage 2,Area 2,133
2021-06-03,20:00:00,Stage 1,Area 3,135
2021-06-03,22:00:00,Stage 2,Area 12,130
2021-06-03,22:00:00,Stage 2,Area 4,154
2021-06-04,00:00:00,Stage 2,Area 13,135
2021-06-04,00:00:00,Stage 2,Area 5,128
2021-06-04,02:00:00,Stage 2,Area 14,130
2021-06-04,02:00:00,Stage 2,Area 6,131
2021-06-04,04:00:00,Stage 2,Area 15,120
2021-06-04,04:00:00,Stage 2,Area 7,124
2021-06-04,06:00:00,Stage 1,Area 8,126
2021-06-04,08:00:00,Stage 1,Area 9,139
2021-06-04,10:00:00,Stage 1,Area 10,120
2021-06-04,17:00:00,Stage 2,Area 5,68
2021-06-04,17:00:00,Stage 2,Area 13,70
2021-06-04,18:00:00,Stage 2,Area 6,65
2021-06-04,18:00:00,Stage 2,Area 14,139
2021-06-04,20:00:00,Stage 1,Area 15,132
2021-06-04,22:00:00,Stage 2,Area 8,128
2021-06-04,22:00:00,Stage 2,Area 16,131
2021-06-05,00:00:00,Stage 2,Area 2,132
2021-06-05,00:00:00,Stage 2,Area 10,130
2021-06-05,02:00:00,Stage 2,Area 3,130
2021-06-05,02:00:00,Stage 2,Area 11,133
2021-06-05,04:00:00,Stage 2,Area 4,125
2021-06-05,04:00:00,Stage 2,Area 12,127
2021-06-05,06:00:00,Stage 1,Area 5,133
2021-06-05,08:00:00,Stage 1,Area 6,127
2021-06-05,12:00:00,Stage 1,Area 8,125
2021-06-05,14:00:00,Stage 1,Area 9,125
2021-06-05,16:00:00,Stage 1,Area 10,129
2021-06-05,18:00:00,Stage 1,Area 11,163
2021-06-05,20:00:00,Stage 1,Area 12,122
2021-06-07,17:00:00,Stage 1,Area 2,67
2021-06-07,18:00:00,Stage 1,Area 3,60
2021-06-08,17:00:00,Stage 2,Area 6,67
2021-06-08,17:00:00,Stage 2,Area 14,73
2021-06-08,18:00:00,Stage 2,Area 7,64
2021-06-08,18:00:00,Stage 2,Area 15,67
2021-06-09,10:00:00,Stage 1,Area 8,130
2021-06-09,12:00:00,Stage 1,Area 9,131
2021-06-09,14:00:00,Stage 3,Area 10,140
2021-06-09,14:00:00,Stage 3,Area 2,140
2021-06-09,14:00:00,Stage 3,Area 6,140
2021-06-09,16:00:00,Stage 3,Area 11,138
2021-06-09,16:00:00,Stage 3,Area 3,134
2021-06-09,16:00:00,Stage 3,Area 7,135
2021-06-09,17:00:00,Stage 1,Area 15,80
2021-06-09,18:00:00,Stage 4,Area 12,131
2021-06-09,18:00:00,Stage 4,Area 4,251
2021-06-09,18:00:00,Stage 4,Area 8,128
2021-06-09,18:00:00,Stage 4,Area 16,135
2021-06-09,20:00:00,Stage 4,Area 13,140
2021-06-09,20:00:00,Stage 4,Area 5,130
2021-06-09,20:00:00,Stage 4,Area 9,131
2021-06-09,20:00:00,Stage 4,Area 1,140
2021-06-09,22:00:00,Stage 2,Area 14,130
2021-06-09,22:00:00,Stage 2,Area 6,135
2021-06-10,00:00:00,Stage 2,Area 15,135
2021-06-10,00:00:00,Stage 2,Area 7,134
2021-06-10,02:00:00,Stage 2,Area 16,131
2021-06-10,02:00:00,Stage 2,Area 18,129
2021-06-10,04:00:00,Stage 2,Area 1,136
2021-06-10,04:00:00,Stage 2,Area 9,126
2021-06-10,06:00:00,Stage 2,Area 2,120
2021-06-10,06:00:00,Stage 2,Area 10,130
2021-06-10,08:00:00,Stage 2,Area 3,135
2021-06-10,08:00:00,Stage 2,Area 11,128
2021-06-10,10:00:00,Stage 2,Area 4,130
2021-06-10,10:00:00,Stage 2,Area 12,130
2021-06-10,12:00:00,Stage 2,Area 5,125
2021-06-10,12:00:00,Stage 2,Area 13,120
2021-06-10,14:00:00,Stage 2,Area 6,125
2021-06-10,14:00:00,Stage 2,Area 14,134
2021-06-10,16:00:00,Stage 1,Area 7,134
2021-06-10,17:00:00,Stage 1,Area 3,80
2021-06-10,18:00:00,Stage 2,Area 4,125
2021-06-10,18:00:00,Stage 2,Area 8,127
2021-06-10,20:02:00,Stage 2,Area 1,126
2021-06-10,20:02:00,Stage 2,Area 5,158
2021-06-10,22:01:00,Stage 2,Area 2,127
2021-06-10,22:01:00,Stage 2,Area 10,119
2021-06-11,00:03:00,Stage 2,Area 3,127
2021-06-11,00:03:00,Stage 2,Area 11,160
2021-06-11,02:05:00,Stage 2,Area 4,135
2021-06-11,02:05:00,Stage 2,Area 11,150
2021-06-11,04:01:00,Stage 2,Area 5,124
2021-06-11,04:01:00,Stage 2,Area 13,129
2021-06-11,06:01:00,Stage 1,Area 14,129
2021-06-11,08:04:00,Stage 1,Area 15,122
2021-06-11,10:02:00,Stage 1,Area 16,127
2021-06-11,12:00:00,Stage 1,Area 1,127
2021-06-11,14:02:00,Stage 1,Area 2,123
2021-06-11,16:00:00,Stage 1,Area 3,129
2021-06-11,17:05:00,Stage 2,Area 11,61
2021-06-11,18:02:00,Stage 2,Area 4,128
2021-06-11,18:02:00,Stage 2,Area 12,128
2021-07-22,16:00:00,Stage 1,Area 6,120
2021-07-22,17:00:00,Stage 1,AREA 14,82
2021-07-22,18:00:00,Stage 2,Area 7,68
2021-07-22,18:00:00,Stage 2,Area 15,64
2021-10-07,22:00:00,Stage 2,Area 13,125
2021-10-07,22:00:00,Stage 2,Area 5,130
2021-10-08,00:00:00,Stage 2,Area 14,120
2021-10-08,00:00:00,Stage 2,Area 6,120
2021-10-08,02:00:00,Stage 2,Area 15,133
2021-10-08,02:00:00,Stage 2,Area 7,128
2021-10-08,04:00:00,Stage 2,Area 16,67
2021-10-08,04:00:00,Stage 2,Area 8,63
2021-10-08,22:00:00,Stage 2,Area 1,150
2021-10-09,00:00:00,Stage 2,Area 3,139
2021-10-09,00:00:00,Stage 2,Area 11,128
2021-10-09,02:00:00,Stage 2,Area 4,145
2021-10-09,02:00:00,Stage 2,Area 12,145
2021-10-09,04:00:00,Stage 2,Area 5,146
2021-10-09,04:00:00,Stage 2,Area 13,146
2021-10-09,06:00:00,Stage 1,Area 6,130
2021-10-09,08:00:00,Stage 1,Area 7,130
2021-10-09,10:00:00,Stage 1,Area 8,126
2021-10-09,12:00:00,Stage 1,Area 9,137
2021-10-09,14:00:00,Stage 1,Area 10,134
2021-10-09,16:00:00,Stage 1,Area 11,132
2021-10-09,18:00:00,Stage 1,Area 12,134
2021-10-09,20:00:00,Stage 1,Area 13,144
2021-10-09,22:00:00,Stage 2,Area 14,140
2021-10-09,22:00:00,Stage 2,Area 6,150
2021-10-10,00:00:00,Stage 2,Area 7,140
2021-10-10,00:00:00,Stage 2,Area 15,131
2021-10-10,02:00:00,Stage 2,Area 8,147
2021-10-10,02:00:00,Stage 2,Area 16,143
2021-10-10,04:00:00,Stage 2,Area 1,137
2021-10-10,04:00:00,Stage 2,Area 9,127
2021-10-10,06:00:00,Stage 1,Area 2,135
2021-10-10,08:00:00,Stage 1,Area 3,129
2021-10-10,10:00:00,Stage 1,Area 4,130
2021-10-10,12:00:00,Stage 1,Area 5,134
2021-10-10,14:00:00,Stage 1,Area 6,137
2021-10-10,16:00:00,Stage 1,Area 7,122
2021-10-10,18:00:00,Stage 1,Area 8,127
2021-10-10,20:00:00,Stage 1,Area 9,143
2021-10-10,22:00:00,Stage 2,Area 10,150
2021-10-10,22:00:00,Stage 2,Area 2,145
2021-10-11,00:00:00,Stage 2,Area 3,144
2021-10-11,00:00:00,Stage 2,Area 11,136
2021-10-11,02:00:00,Stage 2,Area 12,126
2021-10-11,02:00:00,Stage 2,Area 4,146
2021-10-11,04:00:00,Stage 2,Area 13,136
2021-10-11,04:00:00,Stage 2,Area 5,131
2021-10-11,06:00:00,Stage 1,Area 14,130
2021-10-11,08:00:00,Stage 1,Area 15,133
2021-10-11,10:00:00,Stage 1,Area 16,135
2021-10-11,12:00:00,Stage 1,Area 1,120
2021-10-11,14:00:00,Stage 1,Area 2,129
2021-10-11,16:00:00,Stage 1,Area 3,127
2021-10-11,18:00:00,Stage 1,Area 4,127
2021-10-11,20:00:00,Stage 1,Area 5,146
2021-10-11,20:00:00,Stage 1,Lnsdn 1,181
2021-10-11,20:00:00,Stage 1,Newfd 1 and 2,165
2021-10-11,22:00:00,Stage 2,Area 6,144
2021-10-11,22:00:00,Stage 2,Area 14,133
2021-10-12,00:00:00,Stage 2,Area 7,137
2021-10-12,00:00:00,Stage 2,Grpnt 1,270
2021-10-12,00:00:00,Stage 2,Area 15,129
2021-10-12,02:00:00,Stage 2,Area 8,147
2021-10-12,02:00:00,Stage 2,Area 16,145
2021-10-12,04:00:00,Stage 2,Area 9,154
2021-10-12,04:00:00,Stage 2,Area 1,146
2021-10-12,06:00:00,Stage 1,Area 10,138
2021-10-12,08:00:00,Stage 1,Area 11,135
2021-10-12,10:00:00,Stage 1,Area 12,125
2021-10-12,12:00:00,Stage 1,Area 13,125
2021-10-12,14:00:00,Stage 1,Area 14,130
2021-10-12,16:00:00,Stage 1,Area 15,131
2021-10-12,18:00:00,Stage 1,Area 16,133
2021-10-12,20:00:00,Stage 1,Area 1,135
2021-10-12,22:00:00,Stage 2,Area 2,140
2021-10-12,22:00:00,Stage 2,Knstn 2,178
2021-10-12,22:00:00,Stage 2,Area 10,124
2021-10-13,00:00:00,Stage 2,Area 4,146
2021-10-13,00:00:00,Stage 2,Area 12,134
2021-10-13,02:00:00,Stage 2,Area 5,140
2021-10-13,02:00:00,Stage 2,Area 13,130
2021-10-13,04:00:00,Stage 2,Area 6,120
2021-10-13,04:00:00,Stage 2,Area 14,120
2021-10-13,06:00:00,Stage 1,Area 7,131
2021-10-13,08:00:00,Stage 1,Area 8,132
2021-10-13,10:00:00,Stage 1,Area 9,140
2021-10-13,12:00:00,Stage 1,Area 10,134
2021-10-13,14:00:00,Stage 1,Area 11,128
2021-10-13,16:00:00,Stage 1,Area 12,127
2021-10-13,18:00:00,Stage 1,Area 13,135
2021-10-13,20:00:00,Stage 1,Area 14,142
2021-10-14,00:00:00,Stage 2,Area 16,125
2021-10-14,00:00:00,Stage 2,Area 8,130
2021-10-14,02:00:00,Stage 2,Area 1,136
2021-10-14,02:00:00,Stage 2,Area 9,126
2021-10-14,04:00:00,Stage 2,Area 2,63
2021-10-14,04:00:00,Stage 2,Area 10,65
2021-10-23,22:00:00,Stage 2,Area 13,133
2021-10-23,22:00:00,Stage 2,Area 5,141
2021-10-24,00:00:00,Stage 2,Area 14,26
2021-10-24,00:00:00,Stage 2,Area 6,146
2021-10-24,02:00:00,Stage 2,Area 15,133
2021-10-24,02:00:00,Stage 2,Area 7,600
2021-10-24,04:00:00,Stage 2,Area 16,129
2021-10-24,04:00:00,Stage 2,Area 8,133
2021-10-24,06:00:00,Stage 1,Area 9,135
2021-10-24,10:00:00,Stage 1,Area 11,127
2021-10-24,12:00:00,Stage 1,Area 12,129
2021-10-24,14:00:00,Stage 1,Area 13,120
2021-10-24,16:00:00,Stage 1,Area 14,150
2021-10-24,18:00:00,Stage 1,Area 15,130
2021-10-24,20:00:00,Stage 1,Area 16,136
2021-10-24,22:00:00,Stage 2,Area 9,135
2021-10-25,00:00:00,Stage 2,Area 3,142
2021-10-25,00:00:00,Stage 2,Area 11,147
2021-10-25,02:00:00,Stage 2,Area 4,158
2021-10-25,02:00:00,Stage 2,Area 12,160
2021-10-25,04:00:00,Stage 1,Area 5,64
2021-10-25,18:00:00,Stage 1,Area 12,130
2021-10-25,20:00:00,Stage 1,Area 13,135
2021-10-25,22:00:00,Stage 2,Area 6,135
2021-10-25,22:00:00,Stage 2,Area 14,133
2021-10-26,00:05:00,Stage 2,Area 7,130
2021-10-26,00:05:00,Stage 2,Area 15,122
2021-10-26,02:02:00,Stage 2,Area 8,133
2021-10-26,02:02:00,Stage 2,Area 16,130
2021-10-26,04:00:00,Stage 2,Area 1,35
2021-10-26,04:00:00,Stage 2,Area 9,43
2021-10-26,10:00:00,Stage 1,Area 4,145
2021-10-26,12:00:00,Stage 1,Area 5,135
2021-10-26,14:00:00,Stage 1,Area 6,130
2021-10-26,16:01:00,Stage 1,Area 7,122
2021-10-26,18:01:00,Stage 1,Area 8,125
2021-10-26,20:00:00,Stage 1,Area 9,146
2021-10-26,22:00:00,Stage 2,Area 2,140
2021-10-26,22:00:00,Stage 2,Area 10,160
2021-10-27,00:00:00,Stage 2,Area 3,134
2021-10-27,00:00:00,Stage 2,Area 11,135
2021-10-27,02:00:00,Stage 2,Area 4,140
2021-10-27,02:00:00,Stage 2,Area 12,125
2021-10-27,04:00:00,Stage 2,Area  5,73
2021-10-27,04:00:00,Stage 2,Area 13,74
2021-10-27,06:00:00,Stage 1,Area 14,130
2021-10-27,08:00:00,Stage 1,Area 15,127
2021-10-27,10:00:00,Stage 1,Area 16,134
2021-10-27,12:00:00,Stage 2,Area 1,140
2021-10-27,12:00:00,Stage 2,Area 9,134
2021-10-27,16:00:00,Stage 2,Area 3,142
2021-10-27,16:00:00,Stage 2,Area 11,138
2021-10-27,18:00:00,Stage 3,Area 4,140
2021-10-27,18:00:00,Stage 3,Area 12,135
2021-10-27,18:00:00,Stage 3,Area 16,130
2021-10-27,20:00:00,Stage 2,Area 5,135
2021-10-27,20:00:00,Stage 2,Area 13,135
2021-10-27,22:00:00,Stage 4,Area 2,150
2021-10-27,22:00:00,Stage 4,Area 6,150
2021-10-27,22:00:00,Stage 4,Area 10,144
2021-10-27,22:00:00,Stage 4,Area 14,144
2021-10-28,00:00:00,Stage 4,Area 3,134
2021-10-28,00:00:00,Stage 4,Area 7,137
2021-10-28,00:00:00,Stage 4,Area 11,140
2021-10-28,00:00:00,Stage 4,Area 15,142
2021-10-28,02:00:00,Stage 4,Area 4,139
2021-10-28,02:00:00,Stage 4,Area 8,135
2021-10-28,02:00:00,Stage 4,Area 12,130
2021-10-28,02:00:00,Stage 4,Area 16,125
2021-10-28,04:00:00,Stage 4,Area 1,130
2021-10-28,04:00:00,Stage 4,Area 5,120
2021-10-28,04:00:00,Stage 4,Area 9,144
2021-10-28,06:00:00,Stage 3,Area 2,135
2021-10-28,06:00:00,Stage 3,Area 6,160
2021-10-28,06:00:00,Stage 3,Area 10,135
2021-10-28,08:00:00,Stage 3,Area 3,120
2021-10-28,08:00:00,Stage 3,Area 7,150
2021-10-28,08:00:00,Stage 3,Area 11,140
2021-10-28,10:00:00,Stage 3,Area 4,130
2021-10-28,10:00:00,Stage 3,Area 8,135
2021-10-28,10:00:00,Stage 3,Area 12,140
2021-10-28,12:00:00,Stage 3,Area 5,135
2021-10-28,12:00:00,Stage 3,Area 9,144
2021-10-28,12:00:00,Stage 3,Area 13,140
2021-10-28,14:00:00,Stage 3,Area 6,135
2021-10-28,16:00:00,Stage 3,Area 7,130
2021-10-28,16:00:00,Stage 3,Area 11,137
2021-10-28,16:00:00,Stage 3,Area 15,140
2021-10-28,18:00:00,Stage 3,Area 8,138
2021-10-28,18:00:00,Stage 3,Area 12,139
2021-10-28,18:00:00,Stage 3,Area 16,144
2021-10-28,20:00:00,Stage 3,Area 1,135
2021-10-28,20:00:00,Stage 3,Area 9,138
2021-10-28,22:00:00,Stage 3,Area 2,130
2021-10-28,22:00:00,Stage 3,Area 10,140
2021-10-28,22:00:00,Stage 3,Area 14,145
2021-10-29,00:00:00,Stage 3,Area 4,139
2021-10-29,00:00:00,Stage 3,Area 12,134
2021-10-29,00:00:00,Stage 3,Area 16,130
2021-10-29,02:00:00,Stage 3,Area 1,144
2021-10-29,02:00:00,Stage 3,Area 5,130
2021-10-29,02:00:00,Stage 3,Area 13,136
2021-10-29,04:00:00,Stage 3,Area 2,60
2021-10-29,04:00:00,Stage 3,Area 6,60
2021-10-29,06:00:00,Stage 1,Area 7,135
2021-10-29,08:00:00,Stage 1,Area 8,128
2021-10-29,10:00:00,Stage 1,Area 9,130
2021-10-29,12:00:00,Stage 1,Area 10,120
2021-10-29,14:00:00,Stage 1,Area 11,125
2021-10-29,16:00:00,Stage 1,Area 12,129
2021-10-29,18:00:00,Stage 1,Area 13,123
2021-11-02,20:00:00,Stage 1,Area 7,130
2021-11-02,22:00:00,Stage 2,Area 8,140
2021-11-02,22:00:00,Stage 2,Area 13,138
2021-11-03,00:00:00,Stage 2,Area 1,142
2021-11-03,00:00:00,Stage 2,Area 9,146
2021-11-03,02:00:00,Stage 2,Area 2,133
2021-11-03,02:00:00,Stage 2,Area 10,138
2021-11-03,04:00:00,Stage 2,Area 3,62
2021-11-03,04:00:00,Stage 2,Helderberg,168
2021-11-03,04:00:00,Stage 2,Area 11,69
2021-11-05,14:00:00,Stage 2,Area 9,126
2021-11-05,14:00:00,Stage 2,Area 1,135
2021-11-05,16:00:00,Stage 2,Area 10,135
2021-11-05,16:00:00,Stage 2,Area 2,141
2021-11-05,18:00:00,Stage 2,Area 11,148
2021-11-05,18:00:00,Stage 2,Area 3,135
2021-11-05,18:00:00,Stage 2,Area 7,142
2021-11-05,20:00:00,Stage 2,Area 12,143
2021-11-05,20:00:00,Stage 2,Area 8,140
2021-11-05,22:00:00,Stage 4,Area 13,130
2021-11-05,22:00:00,Stage 4,Area 5,148
2021-11-05,22:00:00,Stage 4,Area 9,135
2021-11-05,22:00:00,Stage 4,Area 1,145
2021-11-06,00:00:00,Stage 4,Area 2,138
2021-11-06,00:00:00,Stage 4,Area 14,145
2021-11-06,00:00:00,Stage 4,Area 6,140
2021-11-06,00:00:00,Stage 4,Area 10,140
2021-11-06,02:00:00,Stage 4,Area 3,135
2021-11-06,02:00:00,Stage 4,Area 11,140
2021-11-06,02:00:00,Stage 4,Area 15,134
2021-11-06,02:00:00,Stage 4,Area 7,139
2021-11-06,04:00:00,Stage 4,Area 4,65
2021-11-06,04:00:00,Stage 4,Area 12,65
2021-11-06,04:00:00,Stage 4,Area 16,134
2021-11-06,04:00:00,Stage 4,Area 8,130
2021-11-06,06:00:00,Stage 1,Area 1,120
2021-11-06,10:00:00,Stage 1,Area 3,120
2021-11-06,12:00:00,Stage 1,Area 4,128
2021-11-06,14:00:00,Stage 1,Area 5,125
2021-11-06,16:00:00,Stage 1,Area 6,135
2021-11-06,18:00:00,Stage 1,Area 7,130
2021-11-06,20:00:00,Stage 1,Area 8,126
2021-11-06,22:00:00,Stage 2,Area 1,120
2021-11-06,22:00:00,Stage 2,Area 9,131
2021-11-07,00:00:00,Stage 2,Area 2,133
2021-11-07,00:00:00,Stage 2,Area 10,120
2021-11-07,02:00:00,Stage 2,Area 3,130
2021-11-07,02:00:00,Stage 2,Area 11,134
2021-11-07,04:00:00,Stage 2,Area 4,64
2021-11-07,04:00:00,Stage 2,Area 12,63
2021-11-07,06:00:00,Stage 1,Area 13,120
2021-11-07,08:00:00,Stage 1,Area 14,150
2021-11-07,10:00:00,Stage 1,Area 15,128
2021-11-07,12:00:00,Stage 1,Area 16,133
2021-11-07,14:00:00,Stage 1,Area 1,139
2021-11-07,16:00:00,Stage 1,Area 2,131
2021-11-07,18:00:00,Stage 1,Area 3,130
2021-11-07,20:00:00,Stage 1,Area 4,163
2021-11-07,22:00:00,Stage 2,Area 5,132
2021-11-08,00:00:00,Stage 2,Area 14,134
2021-11-08,00:00:00,Stage 2,Area 6,136
2021-11-08,02:00:00,Stage 2,Area 15,123
2021-11-08,02:00:00,Stage 2,Area 7,135
2021-11-08,04:00:00,Stage 2,Area 16,124
2021-11-08,04:00:00,Stage 2,Area 8,125
2021-11-08,06:00:00,Stage 1,Area 9,133
2021-11-08,08:00:00,Stage 1,Area 10,120
2021-11-08,10:00:00,Stage 1,Area 11,128
2021-11-08,12:00:00,Stage 1,Area 12,130
2021-11-08,13:00:00,Stage 2,Area 8,75
2021-11-08,13:00:00,Stage 2,Area 4,85
2021-11-08,14:00:00,Stage 3,Area 5,140
2021-11-08,14:00:00,Stage 3,Area 13,120
2021-11-08,14:00:00,Stage 3,Area 9,135
2021-11-08,16:00:00,Stage 3,Area 6,120
2021-11-08,16:00:00,Stage 3,Area 14,140
2021-11-08,16:00:00,Stage 3,Area 10,135
2021-11-08,18:00:00,Stage 3,Area 7,140
2021-11-08,18:00:00,Stage 3,Area 15,133
2021-11-08,18:00:00,Stage 3,Area 11,130
2021-11-08,20:00:00,Stage 3,Area 8,135
2021-11-08,20:00:00,Stage 3,Area 16,140
2021-11-08,20:00:00,Stage 3,Area 12,150
2021-11-08,22:00:00,Stage 4,Area 13,130
2021-11-08,22:00:00,Stage 4,Area 5,136
2021-11-08,22:00:00,Stage 4,Area 9,140
2021-11-08,22:00:00,Stage 4,Area 1,130
2021-11-09,00:00:00,Stage 4,Area 3,140
2021-11-09,00:00:00,Stage 4,Area 7,140
2021-11-09,00:00:00,Stage 4,Area 11,170
2021-11-09,00:00:00,Stage 4,Area 15,126
2021-11-09,02:00:00,Stage 4,Area 4,131
2021-11-09,02:00:00,Stage 4,Area 8,154
2021-11-09,02:00:00,Stage 4,Area 12,133
2021-11-09,02:00:00,Stage 4,Area 16,159
2021-11-09,04:00:00,Stage 4,Area 1,70
2021-11-09,04:00:00,Stage 4,Area 5,70
2021-11-09,04:00:00,Stage 4,Area 9,75
2021-11-09,04:00:00,Stage 4,Area 13,135
2021-11-09,06:00:00,Stage 3,Area 2,143
2021-11-09,06:00:00,Stage 3,Area 6,151
2021-11-09,06:00:00,Stage 3,Area 14,163
2021-11-09,08:00:00,Stage 3,Area 3,131
2021-11-09,08:00:00,Stage 3,Area 7,173
2021-11-09,08:00:00,Stage 3,Area 15,143
2021-11-09,10:00:00,Stage 3,Area 4,137
2021-11-09,10:00:00,Stage 3,Area 8,145
2021-11-09,10:00:00,Stage 3,Area 16,159
2021-11-09,12:00:00,Stage 3,Area 1,120
2021-11-09,12:00:00,Stage 3,Area 5,125
2021-11-09,12:00:00,Stage 3,Area 9,130
2021-11-09,14:00:00,Stage 3,Area 2,140
2021-11-09,14:00:00,Stage 3,Area 6,165
2021-11-09,14:00:00,Stage 3,Area 10,185
2021-11-09,16:00:00,Stage 3,Area 3,130
2021-11-09,16:00:00,Stage 3,Area 7,128
2021-11-09,16:00:00,Stage 3,Area 11,140
2021-11-09,18:00:00,Stage 3,Area 4,131
2021-11-09,18:00:00,Stage 3,Area 8,170
2021-11-09,18:00:00,Stage 3,Area 12,131
2021-11-09,20:00:00,Stage 3,Area 5,137
2021-11-09,20:00:00,Stage 3,Area 9,139
2021-11-09,20:00:00,Stage 3,Area 13,147
2021-11-09,22:00:00,Stage 4,Area 2,199
2021-11-09,22:00:00,Stage 4,Area 6,120
2021-11-09,22:00:00,Stage 4,Area 10,120
2021-11-09,22:00:00,Stage 4,Area 14,120
2021-11-10,00:00:00,Stage 4,Area 3,135
2021-11-10,00:00:00,Stage 4,Area 7,176
2021-11-10,00:00:00,Stage 4,Area 11,139
2021-11-10,00:00:00,Stage 4,Area 15,138
2021-11-10,02:00:00,Stage 4,Area 4,130
2021-11-10,02:00:00,Stage 4,Area 8,130
2021-11-10,02:00:00,Stage 4,Area 12,130
2021-11-10,02:00:00,Stage 4,Area 16,140
2021-11-10,04:00:00,Stage 4,Area 1,80
2021-11-10,04:00:00,Stage 4,Area 5,80
2021-11-10,04:00:00,Stage 4,Area 9,80
2021-11-10,04:00:00,Stage 4,Area 13,80
2021-11-10,06:00:00,Stage 2,Area 2,139
2021-11-10,06:00:00,Stage 2,Area 10,150
2021-11-10,08:00:00,Stage 2,Area 3,131
2021-11-10,08:00:00,Stage 2,Area 11,149
2021-11-10,10:00:00,Stage 2,Area 4,140
2021-11-10,10:00:00,Stage 2,Area 12,136
2021-11-10,12:00:00,Stage 2,Area 5,130
2021-11-10,12:00:00,Stage 2,Area 13,120
2021-11-10,14:00:00,Stage 2,Area 6,124
2021-11-10,14:00:00,Stage 2,Area 14,138
2021-11-10,16:00:00,Stage 2,Area 7,125
2021-11-10,16:00:00,Stage 2,Area 15,131
2021-11-10,20:00:00,Stage 2,Area 1,140
2021-11-10,20:00:00,Stage 2,Area 9,135
2021-11-10,22:00:00,Stage 3,Area 2,130
2021-11-10,22:00:00,Stage 3,Area 6,120
2021-11-10,22:00:00,Stage 3,Area 10,120
2021-11-11,00:00:00,Stage 3,Area 3,120
2021-11-11,00:00:00,Stage 3,Area 7,130
2021-11-11,00:00:00,Stage 3,Area 11,130
2021-11-11,02:00:00,Stage 3,Area 4,135
2021-11-11,02:00:00,Stage 3,Area 8,135
2021-11-11,02:00:00,Stage 3,Area 12,135
2021-11-11,04:00:00,Stage 3,Area 5,60
2021-11-11,04:00:00,Stage 3,Area 9,60
2021-11-11,04:00:00,Stage 3,Area 13,60
2021-11-11,06:00:00,Stage 2,Area 6,141
2021-11-11,06:00:00,Stage 2,Area 14,145
2021-11-11,08:00:00,Stage 2,Area 7,140
2021-11-11,08:00:00,Stage 2,Area 15,132
2021-11-11,10:00:00,Stage 2,Area 8,139
2021-11-11,10:00:00,Stage 2,Area 16,133
2021-11-11,12:00:00,Stage 1,Area 1,130
2021-11-11,14:00:00,Stage 1,Area 2,131
2021-11-11,16:00:00,Stage 1,Area 3,125
2021-11-11,18:00:00,Stage 1,Area 4,128
2021-11-11,20:00:00,Stage 1,Area 5,128
2021-11-11,22:00:00,Stage 2,Area 6,120
2021-11-11,22:00:00,Stage 2,Area 14,120
2021-11-12,00:00:00,Stage 2,Area 7,130
2021-11-12,00:00:00,Stage 2,Area 15,128
2021-11-12,02:00:00,Stage 2,Area 8,135
2021-11-12,02:00:00,Stage 2,Area 16,166
2021-11-12,04:00:00,Stage 2,Area 1,47
2021-11-12,04:00:00,Stage 2,Area 9,47
2021-11-17,14:00:00,Stage 1,Area 1,134
2021-11-17,16:00:00,Stage 1,Area 9,131
2021-11-17,18:00:00,Stage 1,Area 10,130
2021-11-17,20:00:00,Stage 1,Area 11,130
2021-11-17,22:00:00,Stage 2,Area 12,120
2021-11-17,22:00:00,Stage 2,Area 4,130
2021-11-18,00:00:00,Stage 2,Area 5,132
2021-11-18,00:00:00,Stage 2,Area 13,128
2021-11-18,02:00:00,Stage 2,Area 6,130
2021-11-18,02:00:00,Stage 2,Area 14,128
2021-11-18,04:00:00,Stage 2,Area 7,139
2021-11-18,04:00:00,Stage 2,Area 15,128
2021-11-18,06:00:00,Stage 1,Area 16,132
2021-11-18,08:00:00,Stage 1,Area 1,130
2021-11-18,10:00:00,Stage 1,Area 2,128
2021-11-18,12:00:00,Stage 1,Area 3,136
2021-11-18,14:00:00,Stage 1,Area 4,133
2021-11-18,16:00:00,Stage 1,Area 5,134
2021-11-18,18:00:00,Stage 1,Area 6,128
2021-12-04,21:00:00,Stage 2,Area 7,65
2021-12-04,21:00:00,Stage 2,Area 15,65
2021-12-04,22:00:00,Stage 2,Area 8,130
2021-12-04,22:00:00,Stage 2,Area 16,130
2021-12-05,00:00:00,Stage 2,Area 2,130
2021-12-05,00:00:00,Stage 2,Area 10,135
2021-12-05,02:00:00,Stage 2,Area 11,131
2021-12-05,02:00:00,Stage 2,Area 3,120
2021-12-05,04:00:00,Stage 2,Area 4,125
2021-12-05,04:00:00,Stage 2,Area 12,130
2021-12-05,06:00:00,Stage 1,Area 5,135
2021-12-05,08:00:00,Stage 1,Area 6,137
2021-12-05,10:00:00,Stage 1,Area 7,135
2021-12-05,12:00:00,Stage 1,Area 8,127
2021-12-05,14:00:00,Stage 1,Area 9,130
2021-12-05,16:00:00,Stage 1,Area 10,130
2021-12-05,18:00:00,Stage 1,Area 11,126
2021-12-05,20:00:00,Stage 1,Area 12,50
2022-02-02,12:00:00,Stage 1,Area 3,130
2022-02-02,14:00:00,Stage 1,Area 4,130
2022-02-02,16:00:00,Stage 1,Area 5,133
2022-02-02,18:00:00,Stage 1,Area 6,135
2022-02-02,20:00:00,Stage 1,Area 7,160
2022-02-02,22:00:00,Stage 2,Area 8,120
2022-02-02,22:00:00,Stage 2,Area 16,120
2022-02-03,00:00:00,Stage 2,Area 1,140
2022-02-03,00:00:00,Stage 2,Area 9,140
2022-02-03,02:00:00,Stage 2,Area 2,135
2022-02-03,02:00:00,Stage 2,Area 10,140
2022-02-03,04:00:00,Stage 2,Area 3,135
2022-02-03,04:00:00,Stage 2,Area 11,130
2022-02-03,06:00:00,Stage 1,Area 12,130
2022-02-03,08:00:00,Stage 1,Area 13,138
2022-02-03,10:00:00,Stage 1,Area 14,127
2022-02-03,12:00:00,Stage 1,Area 15,128
2022-02-03,14:00:00,Stage 1,Area 16,128
2022-02-03,16:00:00,Stage 1,Area 1,120
2022-02-03,18:00:00,Stage 1,Area 2,126
2022-02-03,20:00:00,Stage 1,Area 3,130
2022-02-03,22:00:00,Stage 1,Area 4,120
2022-02-03,22:00:00,Stage 1,Area 12,120
2022-02-04,00:00:00,Stage 2,Area 5,140
2022-02-04,00:00:00,Stage 2,Area 13,120
2022-02-04,02:00:00,Stage 2,Area 6,140
2022-02-04,02:00:00,Stage 2,Area 14,135
2022-02-04,04:00:00,Stage 2,Area 7,130
2022-02-04,04:00:00,Stage 2,Area 15,134
2022-02-04,06:00:00,Stage 1,Area 8,128
2022-02-04,08:00:00,Stage 1,Area 9,141
2022-02-04,10:00:00,Stage 1,Area 10,120
2022-02-04,12:00:00,Stage 1,Area 11,135
2022-02-04,14:00:00,Stage 1,Area 12,140
2022-02-04,16:00:00,Stage 1,Area 13,120
2022-02-04,18:00:00,Stage 1,Area 14,142
2022-02-04,20:00:00,Stage 1,Area 15,139
2022-02-04,22:00:00,Stage 1,Area 16,133
2022-02-05,00:00:00,Stage 1,Area 2,134
2022-02-05,02:00:00,Stage 1,Area 3,128
2022-02-05,04:00:00,Stage 1,Area 4,125
2022-02-05,22:00:00,Stage 1,Area 13,135
2022-02-06,00:00:00,Stage 1,Area 14,165
2022-02-06,02:00:00,Stage 1,Area 15,130
2022-02-06,04:00:00,Stage 1,Area 16,152
2022-02-06,14:00:00,Stage 1,Area 5,129
2022-02-06,16:00:00,Stage 1,Area 6,135
2022-02-06,18:00:00,Stage 1,Area 7,139
2022-02-07,21:00:00,Stage 2,Area 4,85
2022-02-07,21:00:00,Stage 2,Area 12,76
2022-02-07,22:00:00,Stage 2,Area 5,145
2022-02-07,22:00:00,Stage 2,Area 13,154
2022-02-08,00:00:00,Stage 2,Area 6,145
2022-02-08,00:00:00,Stage 2,Area 14,152
2022-02-08,02:00:00,Stage 2,Area 7,145
2022-02-08,02:00:00,Stage 2,Area 15,135
2022-02-08,04:00:00,Stage 2,Area 8,55
2022-02-08,04:00:00,Stage 2,Area 16,50
2022-03-07,18:00:00,Stage 1,Area 3,135
2022-03-07,22:00:00,Stage 2,Area 5,137
2022-03-07,22:00:00,Stage 2,Area 13,137
2022-03-08,00:00:00,Stage 2,Area 6,130
2022-03-08,00:00:00,Stage 2,Area 14,146
2022-03-08,02:00:00,Stage 2,Area 7,137
2022-03-08,02:00:00,Stage 2,Area 15,137
2022-03-08,04:00:00,Stage 2,Area 8,130
2022-03-08,04:00:00,Stage 2,Area 16,130
2022-03-08,06:00:00,Stage 1,Area 9,129
2022-03-08,08:00:00,Stage 1,Area 10,138
2022-03-08,10:00:00,Stage 1,Area 11,131
2022-03-08,12:00:00,Stage 1,Area 12,132
2022-03-08,14:00:00,Stage 1,Area 13,125
2022-03-08,16:00:00,Stage 1,Area 14,125
2022-03-08,18:00:00,Stage 1,Area 15,130
2022-03-08,20:00:00,Stage 1,Area 16,145
2022-03-08,22:00:00,Stage 2,Area 1,145
2022-03-08,22:00:00,Stage 2,Area 9,143
2022-03-09,00:00:00,Stage 2,Area 3,150
2022-03-09,00:00:00,Stage 2,Area 11,135
2022-03-09,02:00:00,Stage 2,Area 4,135
2022-03-09,02:00:00,Stage 2,Area 12,138
2022-03-09,04:00:00,Stage 2,Area 5,140
2022-03-09,04:00:00,Stage 2,Area 13,134
2022-03-09,06:00:00,Stage 1,Area 6,145
2022-03-09,08:00:00,Stage 1,Area 7,145
2022-03-09,10:00:00,Stage 3,Area 4,147
2022-03-09,10:00:00,Stage 3,Area 8,150
2022-03-09,10:00:00,Stage 3,Area 16,140
2022-03-09,12:00:00,Stage 3,Area 1,120
2022-03-09,12:00:00,Stage 3,Area 5,138
2022-03-09,12:00:00,Stage 3,Area 9,135
2022-03-09,14:00:00,Stage 3,Area 2,137
2022-03-09,14:00:00,Stage 3,Area 6,120
2022-03-09,14:00:00,Stage 3,Area 10,120
2022-03-09,16:00:00,Stage 3,Area 3,120
2022-03-09,16:00:00,Stage 3,Area 7,140
2022-03-09,16:00:00,Stage 3,Area 11,150
2022-03-09,18:00:00,Stage 3,Area 4,133
2022-03-09,18:00:00,Stage 3,Area 8,142
2022-03-09,18:00:00,Stage 3,Area 12,135
2022-03-09,20:00:00,Stage 3,Area 5,145
2022-03-09,20:00:00,Stage 3,Area 9,150
2022-03-09,20:00:00,Stage 3,Area 13,150
2022-03-09,22:00:00,Stage 4,Area 2,142
2022-03-09,22:00:00,Stage 4,Area 6,300
2022-03-09,22:00:00,Stage 4,Area 10,210
2022-03-09,22:00:00,Stage 4,Area 14,180
2022-03-10,00:00:00,Stage 4,Area 3,155
2022-03-10,00:00:00,Stage 4,Area 7,150
2022-03-10,00:00:00,Stage 4,Area 11,130
2022-03-10,00:00:00,Stage 4,Area 15,150
2022-03-10,02:00:00,Stage 4,Area 4,137
2022-03-10,02:00:00,Stage 4,Area 8,140
2022-03-10,02:00:00,Stage 4,Area 12,165
2022-03-10,02:00:00,Stage 4,Area 16,150
2022-03-10,04:00:00,Stage 4,Area 1,120
2022-03-10,04:00:00,Stage 4,Area 5,150
2022-03-10,04:00:00,Stage 4,Area 9,152
2022-03-10,04:00:00,Stage 4,Area 13,130
2022-03-10,06:00:00,Stage 3,Area 2,142
2022-03-10,06:00:00,Stage 3,Area 10,135
2022-03-10,06:00:00,Stage 3,Area 14,140
2022-03-10,08:00:00,Stage 3,Area 3,135
2022-03-10,08:00:00,Stage 3,Area 11,140
2022-03-10,08:00:00,Stage 3,Area 15,150
2022-03-10,10:00:00,Stage 3,Area 4,135
2022-03-10,10:00:00,Stage 3,Area 12,139
2022-03-10,10:00:00,Stage 3,Area 16,130
2022-03-10,12:00:00,Stage 3,Area 1,120
2022-03-10,12:00:00,Stage 3,Area 5,135
2022-03-10,12:00:00,Stage 3,Area 13,120
2022-03-10,14:00:00,Stage 3,Area 2,138
2022-03-10,14:00:00,Stage 3,Area 6,120
2022-03-10,14:00:00,Stage 3,Area 14,140
2022-03-10,16:00:00,Stage 3,Area 3,120
2022-03-10,16:00:00,Stage 3,Area 7,135
2022-03-10,16:00:00,Stage 3,Area 15,139
2022-03-10,18:00:00,Stage 3,Area 4,126
2022-03-10,18:00:00,Stage 3,Area 8,132
2022-03-10,18:00:00,Stage 3,Area 16,135
2022-03-10,20:00:00,Stage 3,Area 1,147
2022-03-10,20:00:00,Stage 3,Area 5,145
2022-03-10,20:00:00,Stage 3,Area 9,150
2022-03-10,22:00:00,Stage 3,Area 2,131
2022-03-10,22:00:00,Stage 3,Area 6,150
2022-03-10,22:00:00,Stage 3,Area 10,142
2022-03-11,00:00:00,Stage 3,Area 3,150
2022-03-11,00:00:00,Stage 3,Area 7,140
2022-03-11,00:00:00,Stage 3,Area 11,132
2022-03-11,02:00:00,Stage 3,Area 4,134
2022-03-11,02:00:00,Stage 3,Area 8,130
2022-03-11,02:00:00,Stage 3,Area 12,132
2022-03-11,04:00:00,Stage 3,Area 5,130
2022-03-11,04:00:00,Stage 3,Area 9,130
2022-03-11,04:00:00,Stage 3,Area 13,132
2022-03-11,06:00:00,Stage 1,Area 14,120
2022-03-11,08:00:00,Stage 1,Area 15,130
2022-03-11,10:00:00,Stage 1,Area 16,128
2022-03-11,12:00:00,Stage 1,Area 1,53
2022-03-11,22:00:00,Stage 2,Area 6,140
2022-03-11,22:00:00,Stage 2,Area 14,130
2022-03-12,00:00:00,Stage 2,Area 7,135
2022-03-12,00:00:00,Stage 2,Area 15,130
2022-03-12,02:00:00,Stage 2,Area 8,140
2022-03-12,02:00:00,Stage 2,Area 16,135
2022-03-12,04:00:00,Stage 2,Area 1,144
2022-03-12,04:00:00,Stage 2,Area 9,139
2022-03-12,06:00:00,Stage 1,Area 10,134
2022-03-12,08:00:00,Stage 1,Area 11,135
2022-03-12,10:00:00,Stage 1,Area 12,134
2022-03-12,12:00:00,Stage 1,Area 12,120
2022-03-12,14:00:00,Stage 1,Area 14,120
2022-03-12,22:00:00,Stage 1,Area 10,140
2022-03-13,00:00:00,Stage 2,Area 4,135
2022-03-13,00:00:00,Stage 2,Area 12,142
2022-03-13,02:00:00,Stage 2,Area 5,147
2022-03-13,02:00:00,Stage 2,Area 13,128
2022-03-13,04:00:00,Stage 2,Area 6,125
2022-03-13,04:00:00,Stage 2,Area 14,135
2022-03-13,08:00:00,Stage 1,Area 8,150
2022-03-13,10:00:00,Stage 1,Area 9,129
2022-03-13,12:00:00,Stage 1,Area 10,120
2022-03-13,14:00:00,Stage 1,Area 11,130
2022-03-13,16:00:00,Stage 1,Area 12,124
2022-03-13,18:00:00,Stage 1,Area 13,120
2022-04-11,18:18:00,Stage 1,Area 4,107
2022-04-11,22:00:00,Stage 2,Area 6,130
2022-04-11,22:00:00,Stage 2,Area 14,130
2022-04-12,00:00:00,Stage 2,Area 7,120
2022-04-12,00:00:00,Stage 2,Area 15,138
2022-04-12,02:00:00,Stage 2,Area 8,120
2022-04-12,02:00:00,Stage 2,Area 16,120
2022-04-12,18:00:00,Stage 1,Area 16,126
2022-04-12,22:00:00,Stage 2,Area 2,139
2022-04-12,22:00:00,Stage 2,Area 10,134
2022-04-13,00:00:00,Stage 2,Area 4,137
2022-04-13,00:00:00,Stage 2,Area 12,125
2022-04-13,02:00:00,Stage 2,Area 5,145
2022-04-13,02:00:00,Stage 2,Area 13,163
2022-04-13,04:00:00,Stage 2,Area 6,145
2022-04-13,04:00:00,Stage 2,Area 14,135
2022-04-13,06:00:00,Stage 1,Area 7,135
2022-04-13,08:00:00,Stage 1,Area 8,134
2022-04-13,10:00:00,Stage 1,Area 9,129
2022-04-13,12:00:00,Stage 1,Area 10,120
2022-04-13,14:00:00,Stage 1,Area 11,127
2022-04-13,16:00:00,Stage 1,Area 12,125
2022-04-13,18:00:00,Stage 1,Area 13,128
2022-04-13,20:00:00,Stage 1,Area 14,135
2022-04-13,22:00:00,Stage 2,Area 7,137
2022-04-13,22:00:00,Stage 2,Area 15,135
2022-04-14,00:00:00,Stage 2,Area 8,145
2022-04-14,00:00:00,Stage 2,Area 16,143
2022-04-14,02:00:00,Stage 2,Area 1,140
2022-04-14,02:00:00,Stage 2,Area 9,192
2022-04-14,04:00:00,Stage 2,Area 2,140
2022-04-14,04:00:00,Stage 2,Area 10,135
2022-04-14,06:00:00,Stage 1,Area 3,125
2022-04-14,08:00:00,Stage 1,Area 4,130
2022-04-14,10:00:00,Stage 1,Area 5,131
2022-04-14,12:00:00,Stage 1,Area 6,120
2022-04-14,14:00:00,Stage 1,Area 7,132
2022-04-14,16:00:00,Stage 1,Area 8,130
2022-04-14,18:00:00,Stage 1,Area 9,136
2022-04-14,20:00:00,Stage 1,Area 10,142
2022-04-14,22:00:00,Stage 2,Area 3,133
2022-04-14,22:00:00,Stage 2,Area 11,140
2022-04-15,00:00:00,Stage 2,Area 4,131
2022-04-15,00:00:00,Stage 2,Area 12,134
2022-04-15,02:00:00,Stage 2,Area 5,139
2022-04-15,02:00:00,Stage 2,Area 13,124
2022-04-15,04:00:00,Stage 2,Area 6,71
2022-04-15,04:00:00,Stage 2,Area 14,64
2022-04-17,22:00:00,Stage 2,Area 4,133
2022-04-17,22:00:00,Stage 2,Area 12,138
2022-04-18,00:00:00,Stage 2,Area 5,145
2022-04-18,00:00:00,Stage 2,Area 13,127
2022-04-18,02:00:00,Stage 2,Area 6,140
2022-04-18,02:00:00,Stage 2,Area 14,148
2022-04-18,04:00:00,Stage 2,Area 7,135
2022-04-18,04:00:00,Stage 2,Area 15,127
2022-04-18,06:00:00,Stage 1,Area 16,129
2022-04-18,08:00:00,Stage 1,Area 1,125
2022-04-18,10:00:00,Stage 1,Area 2,125
2022-04-18,12:00:00,Stage 1,Area 3,155
2022-04-18,14:00:00,Stage 1,Area 4,127
2022-04-18,16:00:00,Stage 1,Area 5,128
2022-04-18,18:00:00,Stage 1,Area 6,138
2022-04-18,20:00:00,Stage 1,Area 7,137
2022-04-18,22:00:00,Stage 2,Area 8,143
2022-04-18,22:00:00,Stage 2,Area 16,137
2022-04-19,00:00:00,Stage 2,Area 1,142
2022-04-19,00:00:00,Stage 2,Area 9,139
2022-04-19,02:00:00,Stage 2,Area 2,146
2022-04-19,02:00:00,Stage 2,Area 10,151
2022-04-19,04:00:00,Stage 2,Area 3,133
2022-04-19,04:00:00,Stage 2,Area 11,142
2022-04-19,06:00:00,Stage 1,Area 12,140
2022-04-19,08:00:00,Stage 3,Area 5,148
2022-04-19,08:00:00,Stage 3,Area 9,152
2022-04-19,08:00:00,Stage 3,Area 13,138
2022-04-19,10:00:00,Stage 3,Area 6,120
2022-04-19,10:00:00,Stage 3,Area 10,120
2022-04-19,10:00:00,Stage 3,Area 14,165
2022-04-19,12:00:00,Stage 3,Area 7,144
2022-04-19,12:00:00,Stage 3,Area 11,153
2022-04-19,12:00:00,Stage 3,Area 15,149
2022-04-19,14:00:00,Stage 3,Area 8,148
2022-04-19,14:00:00,Stage 3,Area 12,140
2022-04-19,14:00:00,Stage 3,Area 16,133
2022-04-19,16:00:00,Stage 3,Area 1,134
2022-04-19,16:00:00,Stage 3,Area 9,140
2022-04-19,16:00:00,Stage 3,Area 13,139
2022-04-19,18:00:00,Stage 3,Area 2,150
2022-04-19,18:00:00,Stage 3,Area 10,142
2022-04-19,18:00:00,Stage 3,Area 14,130
2022-04-19,20:00:00,Stage 3,Area 3,162
2022-04-19,20:00:00,Stage 3,Area 11,140
2022-04-19,20:00:00,Stage 3,Area 15,145
2022-04-19,22:00:00,Stage 4,Area 4,153
2022-04-19,22:00:00,Stage 4,Area 12,135
2022-04-19,22:00:00,Stage 4,Area 16,143
2022-04-19,22:00:00,Stage 4,Area 8,145
2022-04-20,00:00:00,Stage 4,Area 1,142
2022-04-20,00:00:00,Stage 4,Area 5,150
2022-04-20,00:00:00,Stage 4,Area 9,133
2022-04-20,00:00:00,Stage 4,Area 13,147
2022-04-20,02:00:00,Stage 4,Area 2,135
2022-04-20,02:00:00,Stage 4,Area 6,165
2022-04-20,02:00:00,Stage 4,Area 10,160
2022-04-20,02:00:00,Stage 4,Area 14,165
2022-04-20,04:00:00,Stage 4,Area 3,167
2022-04-20,04:00:00,Stage 4,Area 7,120
2022-04-20,04:00:00,Stage 4,Area 11,150
2022-04-20,04:00:00,Stage 4,Area 15,120
2022-04-20,06:00:00,Stage 3,Area 4,165
2022-04-20,06:00:00,Stage 3,Area 8,165
2022-04-20,06:00:00,Stage 3,Area 16,165
2022-04-20,08:00:00,Stage 3,Area 1,120
2022-04-20,08:00:00,Stage 3,Area 5,134
2022-04-20,08:00:00,Stage 3,Area 9,132
2022-04-20,10:00:00,Stage 3,Area 2,135
2022-04-20,10:00:00,Stage 3,Area 6,120
2022-04-20,10:00:00,Stage 3,Area 10,162
2022-04-20,12:00:00,Stage 3,Area 3,141
2022-04-20,12:00:00,Stage 3,Area 7,141
2022-04-20,12:00:00,Stage 3,Area 11,149
2022-04-20,14:00:00,Stage 3,Area 4,138
2022-04-20,14:00:00,Stage 3,Area 8,145
2022-04-20,14:00:00,Stage 3,Area 12,150
2022-04-20,16:00:00,Stage 3,Area 5,136
2022-04-20,16:00:00,Stage 3,Area 9,142
2022-04-20,16:00:00,Stage 3,Area 13,140
2022-04-20,18:00:00,Stage 3,Area 6,140
2022-04-20,18:00:00,Stage 3,Area 10,145
2022-04-20,18:00:00,Stage 3,Area 14,130
2022-04-20,20:00:00,Stage 3,Area 7,159
2022-04-20,20:00:00,Stage 3,Area 11,135
2022-04-20,20:00:00,Stage 3,Area 15,130
2022-04-20,22:00:00,Stage 3,Area 8,135
2022-04-20,22:00:00,Stage 3,Area 12,150
2022-04-20,22:00:00,Stage 3,Area 16,158
2022-04-21,00:00:00,Stage 3,Area 2,140
2022-04-21,00:00:00,Stage 3,Area 10,166
2022-04-21,00:00:00,Stage 3,Area 14,130
2022-04-21,02:00:00,Stage 3,Area 3,140
2022-04-21,02:00:00,Stage 3,Area 11,150
2022-04-21,02:00:00,Stage 3,Area 15,161
2022-04-21,04:00:00,Stage 3,Area 4,140
2022-04-21,04:00:00,Stage 3,Area 12,140
2022-04-21,04:00:00,Stage 3,Area 16,181
2022-04-21,06:00:00,Stage 2,Area 5,129
2022-04-21,06:00:00,Stage 2,Area 13,140
2022-04-21,08:00:00,Stage 2,Area 6,143
2022-04-21,08:00:00,Stage 2,Area 14,135
2022-04-21,10:00:00,Stage 2,Area 7,138
2022-04-21,10:00:00,Stage 2,Area 15,139
2022-04-21,12:00:00,Stage 2,Area 8,137
2022-04-21,12:00:00,Stage 2,Area 16,131
2022-04-21,14:00:00,Stage 2,Area 1,130
2022-04-21,14:00:00,Stage 2,Area 9,131
2022-04-21,16:00:00,Stage 2,Area 2,140
2022-04-21,16:00:00,Stage 2,Area 10,135
2022-04-21,18:00:00,Stage 2,Area 3,139
2022-04-21,18:00:00,Stage 2,Area 11,138
2022-04-21,20:00:00,Stage 2,Area 4,132
2022-04-21,20:00:00,Stage 2,Area 12,136
2022-04-21,22:00:00,Stage 2,Area 5,132
2022-04-21,22:00:00,Stage 2,Area 13,120
2022-04-22,00:00:00,Stage 2,Area 6,139
2022-04-22,00:00:00,Stage 2,Area 14,139
2022-04-22,02:00:00,Stage 2,Area 7,143
2022-04-22,02:00:00,Stage 2,Area 15,134
2022-04-22,04:00:00,Stage 2,Area 8,135
2022-04-22,04:00:00,Stage 2,Area 16,127
2022-04-22,06:00:00,Stage 1,Area 1,129
2022-04-22,08:00:00,Stage 1,Area 2,135
2022-04-22,10:00:00,Stage 1,Area 3,137
2022-04-22,12:00:00,Stage 1,Area 4,131
2022-04-22,14:00:00,Stage 1,Area 5,129
2022-04-22,16:00:00,Stage 1,Area 6,131
2022-04-22,18:00:00,Stage 1,Area 7,130
2022-04-22,20:00:00,Stage 1,Area 8,82
2022-05-03,18:00:00,Stage 1,Area 2,130
2022-05-03,20:00:00,Stage 1,Area 3,120
2022-05-03,22:00:00,Stage 2,Area 4,137
2022-05-03,22:00:00,Stage 2,Area 12,143
2022-05-04,00:00:00,Stage 2,Area 5,137
2022-05-04,00:00:00,Stage 2,Area 13,120
2022-05-04,02:00:00,Stage 2,Area 6,120
2022-05-04,02:00:00,Stage 2,Area 14,145
2022-05-04,04:00:00,Stage 2,Area 7,146
2022-05-04,04:00:00,Stage 2,Area 15,135
2022-05-04,06:00:00,Stage 1,Area 8,138
2022-05-04,08:00:00,Stage 1,Area 9,135
2022-05-04,10:00:00,Stage 1,Area 10,130
2022-05-04,12:00:00,Stage 1,Area 11,130
2022-05-04,14:00:00,Stage 1,Area 12,127
2022-05-04,16:00:00,Stage 1,Area 13,135
2022-05-04,18:00:00,Stage 1,Area 14,132
2022-05-04,20:00:00,Stage 1,Area 15,135
2022-05-04,22:00:00,Stage 2,Area 8,136
2022-05-04,22:00:00,Stage 2,Area 16,128
2022-05-05,00:00:00,Stage 2,Area 2,132
2022-05-05,00:00:00,Stage 2,Area 10,120
2022-05-05,02:00:00,Stage 2,Area 3,120
2022-05-05,02:00:00,Stage 2,Area 11,139
2022-05-05,04:00:00,Stage 2,Area 4,128
2022-05-05,04:00:00,Stage 2,Area 12,136
2022-05-05,06:00:00,Stage 1,Area 5,135
2022-05-05,08:00:00,Stage 1,Area 6,130
2022-05-05,10:00:00,Stage 1,Area 7,138
2022-05-05,12:00:00,Stage 1,Area 8,135
2022-05-05,14:00:00,Stage 1,Area 9,138
2022-05-05,16:00:00,Stage 1,Area 10,120
2022-05-05,18:00:00,Stage 1,Area 11,134
2022-05-05,20:00:00,Stage 1,Area 12,130
2022-05-05,22:00:00,Stage 2,Area 5,133
2022-05-05,22:00:00,Stage 2,Area 13,120
2022-05-06,00:00:00,Stage 2,Area 6,120
2022-05-06,00:00:00,Stage 2,Area 14,139
2022-05-06,02:00:00,Stage 2,Area 7,141
2022-05-06,02:00:00,Stage 2,Area 15,134
2022-05-06,04:00:00,Stage 2,Area 8,137
2022-05-06,04:00:00,Stage 2,Area 16,130
2022-05-06,06:00:00,Stage 1,Area 1,135
2022-05-06,08:00:00,Stage 1,Area 2,129
2022-05-06,10:00:00,Stage 1,Area 3,138
2022-05-06,12:00:00,Stage 1,Area 4,140
2022-05-06,14:00:00,Stage 1,Area 5,130
2022-05-06,16:00:00,Stage 1,Area 6,135
2022-05-06,18:00:00,Stage 1,Area 7,135
2022-05-06,20:00:00,Stage 1,Area 8,131
2022-05-06,22:00:00,Stage 1,Area 9,141
2022-05-07,00:00:00,Stage 1,Area 10,129
2022-05-07,02:00:00,Stage 1,Area 11,130
2022-05-07,04:00:00,Stage 1,Area 12,125
2022-05-09,18:00:00,Stage 1,Area 12,127
2022-05-09,20:00:00,Stage 1,Area 13,124
2022-05-10,18:00:00,Stage 1,Area 8,130
2022-05-10,20:00:00,Stage 1,Area 9,123
2022-05-11,18:00:00,Stage 1,Area 4,130
2022-05-11,20:00:00,Stage 1,Area 5,128
2022-05-12,18:00:00,Stage 1,Area 16,127
2022-05-12,20:00:00,Stage 1,Area 1,124
2022-05-16,17:00:00,Stage 3,Area 8,69
2022-05-16,17:00:00,Stage 3,Area 12,74
2022-05-16,17:00:00,Stage 3,Area 16,77
2022-05-16,18:00:00,Stage 3,Area 1,140
2022-05-16,18:00:00,Stage 3,Area 9,140
2022-05-16,18:00:00,Stage 3,Area 13,140
2022-05-16,20:00:00,Stage 3,Area 2,120
2022-05-16,20:00:00,Stage 3,Area 10,120
2022-05-16,20:00:00,Stage 3,Area 14,120
2022-05-17,17:00:00,Stage 2,Area 1,70
2022-05-17,17:00:00,Stage 2,Area 9,70
2022-05-17,18:00:00,Stage 2,Area 2,143
2022-05-17,18:00:00,Stage 2,Area 10,136
2022-05-17,20:00:00,Stage 2,Area 3,135
2022-05-17,20:00:00,Stage 2,Area 11,126
2022-05-18,18:00:00,Stage 1,Area 6,139
2022-05-18,20:00:00,Stage 1,Area 7,120
2022-05-19,18:00:00,Stage 1,Area 2,125
2022-05-20,18:00:00,Stage 1,Area 14,134
2022-05-21,08:00:00,Stage 1,Area 6,132
2022-05-21,10:00:00,Stage 1,Area 7,138
2022-05-21,12:00:00,Stage 1,Area 8,138
2022-05-21,13:00:00,Stage 3,Area 4,71
2022-05-21,13:00:00,Stage 3,Area 16,82
2022-05-21,14:00:00,Stage 3,Area 1,135
2022-05-21,14:00:00,Stage 3,Area 5,137
2022-05-21,14:00:00,Stage 3,Area 9,140
2022-05-21,16:00:00,Stage 3,Area 2,142
2022-05-21,16:00:00,Stage 3,Area 6,135
2022-05-21,16:00:00,Stage 3,Area 10,135
2022-05-21,18:00:00,Stage 3,Area 3,160
2022-05-21,18:00:00,Stage 3,Area 7,159
2022-05-21,18:00:00,Stage 3,Area 11,164
2022-05-21,20:00:00,Stage 3,Area 4,126
2022-05-21,20:00:00,Stage 3,Area 8,120
2022-05-21,20:00:00,Stage 3,Area 12,122
2022-05-22,08:00:00,Stage 1,Area 2,135
2022-05-22,10:00:00,Stage 1,Area 3,135
2022-05-22,12:00:00,Stage 1,Area 4,128
2022-05-22,14:00:00,Stage 1,Area 5,131
2022-05-22,16:00:00,Stage 2,Area 6,120
2022-05-22,16:00:00,Stage 2,Area 14,150
2022-05-22,18:00:00,Stage 2,Area 7,146
2022-05-22,18:00:00,Stage 2,Area 15,140
2022-05-22,20:00:00,Stage 2,Area 8,130
2022-05-22,20:00:00,Stage 2,Area 16,124
2022-05-23,18:00:00,Stage 1,Area 3,128
2022-05-23,20:00:00,Stage 1,Area 4,120
2022-05-24,18:00:00,Stage 1,Area 15,130
2022-05-24,20:00:00,Stage 1,Area 16,120
2022-05-25,18:00:00,Stage 1,Area 12,128
2022-05-25,20:00:00,Stage 1,Area 13,103
2022-05-26,18:00:00,Stage 1,Area 8,130
2022-05-26,20:00:00,Stage 1,Area 9,109
2022-05-27,18:00:00,Stage 1,Area 4,128
2022-05-27,20:00:00,Stage 1,Area 5,54
2022-05-30,18:00:00,Stage 1,Area 9,130
2022-05-30,20:00:00,Stage 1,Area 10,120
2022-06-20,17:00:00,Stage 2,Area 5,71
2022-06-20,17:00:00,Stage 2,Area 13,60
2022-06-20,18:00:00,Stage 2,Area 6,60
2022-06-20,18:00:00,Stage 2,Area 14,60
2022-06-21,17:00:00,Stage 2,Area 2,81
2022-06-21,17:00:00,Stage 2,Area 10,60
2022-06-21,18:00:00,Stage 2,Area 3,60
2022-06-21,18:00:00,Stage 2,Area 11,73
2022-06-22,10:00:00,Stage 2,Area 3,134
2022-06-22,10:00:00,Stage 2,Area 11,132
2022-06-22,12:00:00,Stage 2,Area 4,129
2022-06-22,12:00:00,Stage 2,Area 12,133
2022-06-22,14:00:00,Stage 2,Area 5,136
2022-06-22,14:00:00,Stage 2,Area 13,135
2022-06-22,16:00:00,Stage 2,Area 6,120
2022-06-22,16:00:00,Stage 2,Area 14,141
2022-06-22,18:00:00,Stage 2,Area 7,141
2022-06-22,18:00:00,Stage 2,Area 15,169
2022-06-22,20:00:00,Stage 2,Area 8,139
2022-06-22,20:00:00,Stage 2,Area 16,144
2022-06-22,22:00:00,Stage 2,Area 1,109
2022-06-22,22:00:00,Stage 2,Area 9,109
2022-06-23,06:00:00,Stage 2,Area 5,134
2022-06-23,06:00:00,Stage 2,Area 13,125
2022-06-23,08:00:00,Stage 2,Area 6,135
2022-06-23,08:00:00,Stage 2,Area 14,147
2022-06-23,10:00:00,Stage 2,Area 7,145
2022-06-23,10:00:00,Stage 2,Area 15,141
2022-06-23,12:00:00,Stage 2,Area 8,147
2022-06-23,12:00:00,Stage 2,Area 16,154
2022-06-23,14:00:00,Stage 2,Area 1,135
2022-06-23,14:00:00,Stage 2,Area 9,133
2022-06-23,16:00:00,Stage 2,Area 2,130
2022-06-23,16:00:00,Stage 2,Area 10,135
2022-06-23,18:00:00,Stage 2,Area 3,104
2022-06-23,18:00:00,Stage 2,Area 11,100
2022-06-23,22:00:00,Stage 2,Area 5,114
2022-06-23,22:00:00,Stage 2,Area 13,119
2022-06-24,06:00:00,Stage 1,Area 9,136
2022-06-24,08:00:00,Stage 1,Area 10,147
2022-06-24,10:00:00,Stage 3,Area 11,139
2022-06-24,10:00:00,Stage 3,Area 3,131
2022-06-24,11:00:00,Stage 3,Area 7,90
2022-06-24,12:00:00,Stage 3,Area 4,135
2022-06-24,12:00:00,Stage 3,Area 12,167
2022-06-24,12:00:00,Stage 3,Area 8,135
2022-06-24,14:00:00,Stage 3,Area 5,138
2022-06-24,14:00:00,Stage 3,Area 13,120
2022-06-24,14:00:00,Stage 3,Area 9,120
2022-06-24,16:00:00,Stage 3,Area 6,120
2022-06-24,16:00:00,Stage 3,Area 14,130
2022-06-24,16:00:00,Stage 3,Area 10,120
2022-06-24,18:00:00,Stage 3,Area 7,157
2022-06-24,18:00:00,Stage 3,Area 15,139
2022-06-24,18:00:00,Stage 3,Area 11,140
2022-06-24,20:00:00,Stage 3,Area 8,143
2022-06-24,20:00:00,Stage 3,Area 16,142
2022-06-24,20:00:00,Stage 3,Area 12,149
2022-06-24,22:00:00,Stage 4,Area 1,132
2022-06-24,22:00:00,Stage 4,Area 9,128
2022-06-24,22:00:00,Stage 4,Area 5,137
2022-06-24,22:00:00,Stage 4,Area 13,121
2022-06-25,06:00:00,Stage 3,Area 2,130
2022-06-25,06:00:00,Stage 3,Area 6,136
2022-06-25,06:00:00,Stage 3,Area 14,135
2022-06-25,08:00:00,Stage 3,Area 3,120
2022-06-25,08:00:00,Stage 3,Area 7,169
2022-06-25,08:00:00,Stage 3,Area 15,125
2022-06-25,10:00:00,Stage 3,Area 4,135
2022-06-25,10:00:00,Stage 3,Area 8,130
2022-06-25,10:00:00,Stage 3,Area 16,130
2022-06-25,12:00:00,Stage 3,Area 1,120
2022-06-25,12:00:00,Stage 3,Area 5,130
2022-06-25,12:00:00,Stage 3,Area 9,130
2022-06-25,14:00:00,Stage 3,Area 2,120
2022-06-25,14:00:00,Stage 3,Area 6,120
2022-06-25,14:00:00,Stage 3,Area 10,120
2022-06-25,16:00:00,Stage 3,Area 3,120
2022-06-25,16:00:00,Stage 3,Area 7,139
2022-06-25,16:00:00,Stage 3,Area 11,139
2022-06-25,18:00:00,Stage 3,Area 4,147
2022-06-25,18:00:00,Stage 3,Area 8,137
2022-06-25,18:00:00,Stage 3,Area 12,161
2022-06-25,20:00:00,Stage 3,Area 5,143
2022-06-25,20:00:00,Stage 3,Area 9,143
2022-06-25,20:00:00,Stage 3,Area 13,139
2022-06-25,22:00:00,Stage 4,Area 2,89
2022-06-25,22:00:00,Stage 4,Area 6,103
2022-06-25,22:00:00,Stage 4,Area 10,97
2022-06-25,22:00:00,Stage 4,Area 14,110
2022-06-26,06:00:00,Stage 3,Area 2,140
2022-06-26,06:00:00,Stage 3,Area 10,130
2022-06-26,06:00:00,Stage 3,Area 14,154
2022-06-26,08:00:00,Stage 3,Area 3,130
2022-06-26,08:00:00,Stage 3,Area 11,155
2022-06-26,08:00:00,Stage 3,Area 15,160
2022-06-26,10:00:00,Stage 3,Area 4,139
2022-06-26,10:00:00,Stage 3,Area 12,135
2022-06-26,10:00:00,Stage 3,Area 16,125
2022-06-26,12:00:00,Stage 3,Area 1,120
2022-06-26,12:00:00,Stage 3,Area 5,130
2022-06-26,12:00:00,Stage 3,Area 13,120
2022-06-26,14:00:00,Stage 4,Area 2,127
2022-06-26,14:00:00,Stage 4,Area 6,120
2022-06-26,14:00:00,Stage 4,Area 10,130
2022-06-26,14:00:00,Stage 4,Area 14,140
2022-06-26,16:00:00,Stage 4,Area 3,142
2022-06-26,16:00:00,Stage 4,Area 7,139
2022-06-26,16:00:00,Stage 4,Area 11,144
2022-06-26,16:00:00,Stage 4,Area 15,148
2022-06-26,18:00:00,Stage 4,Area 4,147
2022-06-26,18:00:00,Stage 4,Area 8,139
2022-06-26,18:00:00,Stage 4,Area 12,145
2022-06-26,18:00:00,Stage 4,Area 16,138
2022-06-26,20:00:00,Stage 4,Area 1,140
2022-06-26,20:00:00,Stage 4,Area 5,144
2022-06-26,20:00:00,Stage 4,Area 9,148
2022-06-26,20:00:00,Stage 4,Area 13,143
2022-06-26,22:00:00,Stage 4,Area 2,123
2022-06-26,22:00:00,Stage 4,Area 6,134
2022-06-26,22:00:00,Stage 4,Area 10,136
2022-06-26,22:00:00,Stage 4,Area 14,126
2022-06-27,06:00:00,Stage 3,Area 6,152
2022-06-27,06:00:00,Stage 3,Area 10,144
2022-06-27,06:00:00,Stage 3,Area 14,161
2022-06-27,08:00:00,Stage 3,Area 7,149
2022-06-27,08:00:00,Stage 3,Area 11,140
2022-06-27,08:00:00,Stage 3,Area 15,157
2022-06-27,10:00:00,Stage 4,Area 8,130
2022-06-27,10:00:00,Stage 4,Area 12,141
2022-06-27,10:00:00,Stage 4,Area 16,148
2022-06-27,10:00:00,Stage 4,Area 4,156
2022-06-27,12:00:00,Stage 4,Area 1,132
2022-06-27,12:00:00,Stage 4,Area 5,148
2022-06-27,12:00:00,Stage 4,Area 9,133
2022-06-27,12:00:00,Stage 4,Area 13,132
2022-06-27,14:00:00,Stage 4,Area 2,159
2022-06-27,14:00:00,Stage 4,Area 6,153
2022-06-27,14:00:00,Stage 4,Area 10,149
2022-06-27,14:00:00,Stage 4,Area 14,155
2022-06-27,16:00:00,Stage 4,Area 3,120
2022-06-27,16:00:00,Stage 4,Area 7,142
2022-06-27,16:00:00,Stage 4,Area 11,154
2022-06-27,16:00:00,Stage 4,Area 15,148
2022-06-27,18:00:00,Stage 4,Area 4,137
2022-06-27,18:00:00,Stage 4,Area 8,140
2022-06-27,18:00:00,Stage 4,Area 12,136
2022-06-27,18:00:00,Stage 4,Area 16,131
2022-06-27,20:00:00,Stage 4,Area 1,145
2022-06-27,20:00:00,Stage 4,Area 5,144
2022-06-27,20:00:00,Stage 4,Area 9,129
2022-06-27,20:00:00,Stage 4,Area 13,147
2022-06-27,22:00:00,Stage 4,Area 2,125
2022-06-27,22:00:00,Stage 4,Area 6,131
2022-06-27,22:00:00,Stage 4,Area 10,137
2022-06-27,22:00:00,Stage 4,Area 14,123
2022-06-28,05:00:00,Stage 4,Area 1,80
2022-06-28,05:00:00,Stage 4,Area 5,84
2022-06-28,05:00:00,Stage 4,Area 9,76
2022-06-28,05:00:00,Stage 4,Area 13,75
2022-06-28,06:00:00,Stage 4,Area 2,142
2022-06-28,06:00:00,Stage 4,Area 6,120
2022-06-28,06:00:00,Stage 4,Area 10,120
2022-06-28,06:00:00,Stage 4,Area 14,156
2022-06-28,08:00:00,Stage 4,Area 3,120
2022-06-28,08:00:00,Stage 4,Area 7,139
2022-06-28,08:00:00,Stage 4,Area 11,150
2022-06-28,08:00:00,Stage 4,Area 15,134
2022-06-28,10:00:00,Stage 4,Area 4,130
2022-06-28,10:00:00,Stage 4,Area 8,168
2022-06-28,10:00:00,Stage 4,Area 12,120
2022-06-28,10:00:00,Stage 4,Area 16,139
2022-06-28,12:00:00,Stage 4,Area 1,146
2022-06-28,12:00:00,Stage 4,Area 5,150
2022-06-28,12:00:00,Stage 4,Area 9,127
2022-06-28,12:00:00,Stage 4,Area 13,143
2022-06-28,14:00:00,Stage 4,Area 2,138
2022-06-28,14:00:00,Stage 4,Area 6,149
2022-06-28,14:00:00,Stage 4,Area 10,156
2022-06-28,14:00:00,Stage 4,Area 14,155
2022-06-28,16:00:00,Stage 5,Area 3,150
2022-06-28,16:00:00,Stage 5,Area 7,139
2022-06-28,16:00:00,Stage 5,Area 11,144
2022-06-28,16:00:00,Stage 5,Area 15,150
2022-06-28,17:20:00,Stage 5,Area 16,40
2022-06-28,18:00:00,Stage 4,Area 4,135
2022-06-28,18:00:00,Stage 4,Area 8,145
2022-06-28,18:00:00,Stage 4,Area 12,155
2022-06-28,18:00:00,Stage 4,Area 16,165
2022-06-28,20:00:00,Stage 4,Area 1,135
2022-06-28,20:00:00,Stage 4,Area 5,135
2022-06-28,20:00:00,Stage 4,Area 9,135
2022-06-28,20:00:00,Stage 4,Area 13,135
2022-06-28,22:00:00,Stage 4,Area 2,130
2022-06-28,22:00:00,Stage 4,Area 6,130
2022-06-28,22:00:00,Stage 4,Area 10,130
2022-06-28,22:00:00,Stage 4,Area 14,130
2022-06-29,00:00:00,Stage 2,Area 4,140
2022-06-29,00:00:00,Stage 2,Area 12,140
2022-06-29,02:00:00,Stage 2,Area 5,128
2022-06-29,02:00:00,Stage 2,Area 13,128
2022-06-29,04:00:00,Stage 2,Area 6,139
2022-06-29,04:00:00,Stage 2,Area 14,144
2022-06-29,06:00:00,Stage 4,Area 3,120
2022-06-29,06:00:00,Stage 4,Area 7,139
2022-06-29,06:00:00,Stage 4,Area 11,135
2022-06-29,06:00:00,Stage 4,Area 15,135
2022-06-29,08:00:00,Stage 4,Area 4,150
2022-06-29,08:00:00,Stage 4,Area 8,134
2022-06-29,08:00:00,Stage 4,Area 12,138
2022-06-29,08:00:00,Stage 4,Area 16,125
2022-06-29,10:00:00,Stage 4,Area 1,150
2022-06-29,10:00:00,Stage 4,Area 5,150
2022-06-29,10:00:00,Stage 4,Area 9,150
2022-06-29,10:00:00,Stage 4,Area 13,150
2022-06-29,12:00:00,Stage 4,Area 2,150
2022-06-29,12:00:00,Stage 4,Area 6,150
2022-06-29,12:00:00,Stage 4,Area 10,150
2022-06-29,12:00:00,Stage 4,Area 14,150
2022-06-29,14:00:00,Stage 4,Area 3,150
2022-06-29,14:00:00,Stage 4,Area 7,150
2022-06-29,14:00:00,Stage 4,Area 11,153
2022-06-29,14:00:00,Stage 4,Area 15,150
2022-06-29,16:00:00,Stage 4,Area 4,150
2022-06-29,16:00:00,Stage 4,Area 8,150
2022-06-29,16:00:00,Stage 4,Area 12,150
2022-06-29,16:00:00,Stage 4,Area 16,150
2022-06-29,18:00:00,Stage 4,Area 1,137
2022-06-29,18:00:00,Stage 4,Area 5,125
2022-06-29,18:00:00,Stage 4,Area 9,134
2022-06-29,18:00:00,Stage 4,Area 13,153
2022-06-29,20:00:00,Stage 4,Area 2,127
2022-06-29,20:00:00,Stage 4,Area 6,148
2022-06-29,20:00:00,Stage 4,Area 10,140
2022-06-29,20:00:00,Stage 4,Area 14,136
2022-06-29,22:00:00,Stage 4,Area 3,140
2022-06-29,22:00:00,Stage 4,Area 7,130
2022-06-29,22:00:00,Stage 4,Area 11,138
2022-06-29,22:00:00,Stage 4,Area 15,146
2022-06-30,00:00:00,Stage 2,Area 8,130
2022-06-30,00:00:00,Stage 2,Area 16,130
2022-06-30,02:00:00,Stage 2,Area 1,120
2022-06-30,02:00:00,Stage 2,Area 9,131
2022-06-30,04:00:00,Stage 2,Area 2,142
2022-06-30,04:00:00,Stage 2,Area 10,120
2022-06-30,06:00:00,Stage 3,Area 7,130
2022-06-30,06:00:00,Stage 3,Area 11,137
2022-06-30,06:00:00,Stage 3,Area 15,130
2022-06-30,08:00:00,Stage 4,Area 4,135
2022-06-30,08:00:00,Stage 4,Area 8,135
2022-06-30,08:00:00,Stage 4,Area 12,135
2022-06-30,08:00:00,Stage 4,Area 16,135
2022-06-30,10:00:00,Stage 4,Area 1,130
2022-06-30,10:00:00,Stage 4,Area 5,139
2022-06-30,10:00:00,Stage 4,Area 9,135
2022-06-30,10:00:00,Stage 4,Area 13,135
2022-06-30,12:00:00,Stage 4,Area 2,133
2022-06-30,12:00:00,Stage 4,Area 6,146
2022-06-30,12:00:00,Stage 4,Area 10,135
2022-06-30,12:00:00,Stage 4,Area 14,140
2022-06-30,14:00:00,Stage 4,Area 3,135
2022-06-30,14:00:00,Stage 4,Area 7,120
2022-06-30,14:00:00,Stage 4,Area 11,135
2022-06-30,14:00:00,Stage 4,Area 15,130
2022-06-30,16:00:00,Stage 4,Area 4,131
2022-06-30,16:00:00,Stage 4,Area 8,130
2022-06-30,16:00:00,Stage 4,Area 12,131
2022-06-30,16:00:00,Stage 4,Area 16,130
2022-06-30,18:00:00,Stage 6,Area 1,147
2022-06-30,18:00:00,Stage 6,Area 5,120
2022-06-30,18:00:00,Stage 6,Area 6,120
2022-06-30,18:00:00,Stage 6,Area 9,120
2022-06-30,18:00:00,Stage 6,Area 13,120
2022-06-30,18:00:00,Stage 6,Area 14,120
2022-06-30,20:00:00,Stage 6,Area 2,120
2022-06-30,20:00:00,Stage 6,Area 6,159
2022-06-30,20:00:00,Stage 6,Area 7,120
2022-06-30,20:00:00,Stage 6,Area 10,144
2022-06-30,20:00:00,Stage 6,Area 14,120
2022-06-30,20:00:00,Stage 6,Area 15,120
2022-06-30,22:00:00,Stage 6,Area 3,120
2022-06-30,22:00:00,Stage 6,Area 7,120
2022-06-30,22:00:00,Stage 6,Area 8,120
2022-06-30,22:00:00,Stage 6,Area 11,120
2022-06-30,22:00:00,Stage 6,Area 15,120
2022-06-30,22:00:00,Stage 6,Area 16,120
2022-07-01,00:00:00,Stage 4,Area 1,135
2022-07-01,00:00:00,Stage 4,Area 5,140
2022-07-01,00:00:00,Stage 4,Area 9,140
2022-07-01,00:00:00,Stage 4,Area 13,120
2022-07-01,02:00:00,Stage 4,Area 2,145
2022-07-01,02:00:00,Stage 4,Area 6,146
2022-07-01,02:00:00,Stage 4,Area 10,153
2022-07-01,02:00:00,Stage 4,Area 14,150
2022-07-01,04:00:00,Stage 4,Area 3,140
2022-07-01,04:00:00,Stage 4,Area 7,125
2022-07-01,04:00:00,Stage 4,Area 11,136
2022-07-01,04:00:00,Stage 4,Area 15,140
2022-07-01,06:00:00,Stage 4,Area 4,132
2022-07-01,06:00:00,Stage 4,Area 8,139
2022-07-01,06:00:00,Stage 4,Area 12,132
2022-07-01,06:00:00,Stage 4,Area 16,152
2022-07-01,08:00:00,Stage 4,Area 1,140
2022-07-01,08:00:00,Stage 4,Area 5,141
2022-07-01,08:00:00,Stage 4,Area 9,138
2022-07-01,08:00:00,Stage 4,Area 13,132
2022-07-01,10:00:00,Stage 4,Area 2,136
2022-07-01,10:00:00,Stage 4,Area 6,140
2022-07-01,10:00:00,Stage 4,Area 10,145
2022-07-01,10:00:00,Stage 4,Area 14,146
2022-07-01,12:00:00,Stage 4,Area 3,135
2022-07-01,12:00:00,Stage 4,Area 7,120
2022-07-01,12:00:00,Stage 4,Area 11,120
2022-07-01,12:00:00,Stage 4,Area 15,150
2022-07-01,14:00:00,Stage 4,Area 4,140
2022-07-01,14:00:00,Stage 4,Area 8,169
2022-07-01,14:00:00,Stage 4,Area 12,150
2022-07-01,14:00:00,Stage 4,Area 16,145
2022-07-01,16:00:00,Stage 4,Area 1,144
2022-07-01,16:00:00,Stage 4,Area 5,130
2022-07-01,16:00:00,Stage 4,Area 9,134
2022-07-01,16:00:00,Stage 4,Area 13,145
2022-07-01,18:00:00,Stage 4,Area 2,122
2022-07-01,18:00:00,Stage 4,Area 6,120
2022-07-01,18:00:00,Stage 4,Area 10,120
2022-07-01,18:00:00,Stage 4,Area 14,130
2022-07-01,20:00:00,Stage 4,Area 3,120
2022-07-01,20:00:00,Stage 4,Area 7,125
2022-07-01,20:00:00,Stage 4,Area 11,130
2022-07-01,20:00:00,Stage 4,Area 15,139
2022-07-01,22:00:00,Stage 2,Area 4,128
2022-07-01,22:00:00,Stage 2,Area 12,125
2022-07-02,00:00:00,Stage 2,Area 5,130
2022-07-02,00:00:00,Stage 2,Area 13,143
2022-07-02,02:00:00,Stage 2,Area 6,120
2022-07-02,02:00:00,Stage 2,Area 14,131
2022-07-02,04:00:00,Stage 2,Area 7,130
2022-07-02,04:00:00,Stage 2,Area 15,135
2022-07-02,06:00:00,Stage 3,Area 8,134
2022-07-02,06:00:00,Stage 3,Area 12,131
2022-07-02,06:00:00,Stage 3,Area 16,150
2022-07-02,08:00:00,Stage 3,Area 1,135
2022-07-02,08:00:00,Stage 3,Area 9,132
2022-07-02,08:00:00,Stage 3,Area 13,135
2022-07-02,10:00:00,Stage 3,Area 2,137
2022-07-02,10:00:00,Stage 3,Area 10,145
2022-07-02,10:00:00,Stage 3,Area 14,140
2022-07-02,12:00:00,Stage 3,Area 3,134
2022-07-02,12:00:00,Stage 3,Area 11,142
2022-07-02,12:00:00,Stage 3,Area 15,131
2022-07-02,14:00:00,Stage 3,Area 4,132
2022-07-02,14:00:00,Stage 3,Area 12,132
2022-07-02,14:00:00,Stage 3,Area 16,137
2022-07-02,16:00:00,Stage 3,Area 1,139
2022-07-02,16:00:00,Stage 3,Area 5,136
2022-07-02,16:00:00,Stage 3,Area 13,134
2022-07-02,18:00:00,Stage 3,Area 2,125
2022-07-02,18:00:00,Stage 3,Area 6,120
2022-07-02,18:00:00,Stage 3,Area 14,130
2022-07-02,20:00:00,Stage 3,Area 3,120
2022-07-02,20:00:00,Stage 3,Area 7,130
2022-07-02,20:00:00,Stage 3,Area 15,134
2022-07-02,22:00:00,Stage 2,Area 8,125
2022-07-02,22:00:00,Stage 2,Area 16,128
2022-07-03,00:00:00,Stage 2,Area 1,120
2022-07-03,00:00:00,Stage 2,Area 9,125
2022-07-03,02:00:00,Stage 2,Area 2,130
2022-07-03,02:00:00,Stage 2,Area 10,150
2022-07-03,04:00:00,Stage 2,Area 3,120
2022-07-03,04:00:00,Stage 2,Area 11,139
2022-07-03,06:00:00,Stage 3,Area 4,133
2022-07-03,06:00:00,Stage 3,Area 8,140
2022-07-03,06:00:00,Stage 3,Area 12,134
2022-07-03,08:00:00,Stage 3,Area 5,141
2022-07-03,08:00:00,Stage 3,Area 9,140
2022-07-03,08:00:00,Stage 3,Area 13,140
2022-07-03,10:00:00,Stage 3,Area 6,142
2022-07-03,10:00:00,Stage 3,Area 10,150
2022-07-03,10:00:00,Stage 3,Area 14,160
2022-07-03,12:00:00,Stage 3,Area 7,130
2022-07-03,12:00:00,Stage 3,Area 11,137
2022-07-03,12:00:00,Stage 3,Area 15,133
2022-07-03,14:00:00,Stage 3,Area 8,133
2022-07-03,14:00:00,Stage 3,Area 12,132
2022-07-03,14:00:00,Stage 3,Area 16,125
2022-07-03,16:00:00,Stage 3,Area 1,126
2022-07-03,16:00:00,Stage 3,Area 9,130
2022-07-03,16:00:00,Stage 3,Area 13,131
2022-07-03,18:00:00,Stage 3,Area 2,130
2022-07-03,18:00:00,Stage 3,Area 10,135
2022-07-03,18:00:00,Stage 3,Area 14,135
2022-07-03,20:00:00,Stage 3,Area 3,120
2022-07-03,20:00:00,Stage 3,Area 11,133
2022-07-03,20:00:00,Stage 3,Area 15,130
2022-07-03,22:00:00,Stage 4,Area 4,120
2022-07-03,22:00:00,Stage 4,Area 8,125
2022-07-03,22:00:00,Stage 4,Area 12,130
2022-07-03,22:00:00,Stage 4,Area 16,125
2022-07-04,00:00:00,Stage 2,Area 5,130
2022-07-04,00:00:00,Stage 2,Area 13,120
2022-07-04,02:00:00,Stage 2,Area 6,120
2022-07-04,02:00:00,Stage 2,Area 14,132
2022-07-04,04:00:00,Stage 2,Area 7,130
2022-07-04,04:00:00,Stage 2,Area 15,135
2022-07-04,06:00:00,Stage 4,Area 4,130
2022-07-04,06:00:00,Stage 4,Area 8,135
2022-07-04,06:00:00,Stage 4,Area 12,140
2022-07-04,06:00:00,Stage 4,Area 16,145
2022-07-04,08:00:00,Stage 4,Area 1,130
2022-07-04,08:00:00,Stage 4,Area 5,135
2022-07-04,08:00:00,Stage 4,Area 9,144
2022-07-04,08:00:00,Stage 4,Area 13,130
2022-07-04,10:00:00,Stage 4,Area 2,137
2022-07-04,10:00:00,Stage 4,Area 6,140
2022-07-04,10:00:00,Stage 4,Area 10,156
2022-07-04,10:00:00,Stage 4,Area 14,149
2022-07-04,12:00:00,Stage 4,Area 3,144
2022-07-04,12:00:00,Stage 4,Area 7,156
2022-07-04,12:00:00,Stage 4,Area 11,136
2022-07-04,12:00:00,Stage 4,Area 15,133
2022-07-04,14:00:00,Stage 4,Area 4,128
2022-07-04,14:00:00,Stage 4,Area 8,134
2022-07-04,14:00:00,Stage 4,Area 12,141
2022-07-04,14:00:00,Stage 4,Area 16,139
2022-07-04,16:00:00,Stage 4,Area 1,139
2022-07-04,16:00:00,Stage 4,Area 5,133
2022-07-04,16:00:00,Stage 4,Area 9,129
2022-07-04,16:00:00,Stage 4,Area 13,120
2022-07-04,18:00:00,Stage 4,Area 2,131
2022-07-04,18:00:00,Stage 4,Area 6,120
2022-07-04,18:00:00,Stage 4,Area 10,120
2022-07-04,18:00:00,Stage 4,Area 14,137
2022-07-04,20:00:00,Stage 4,Area 3,120
2022-07-04,20:00:00,Stage 4,Area 7,125
2022-07-04,20:00:00,Stage 4,Area 11,130
2022-07-04,20:00:00,Stage 4,Area 15,135
2022-07-04,22:00:00,Stage 4,Area 4,120
2022-07-04,22:00:00,Stage 4,Area 8,120
2022-07-04,22:00:00,Stage 4,Area 12,120
2022-07-04,22:00:00,Stage 4,Area 16,120
2022-07-05,00:00:00,Stage 2,Area 2,128
2022-07-05,00:00:00,Stage 2,Area 10,120
2022-07-05,02:00:00,Stage 2,Area 3,120
2022-07-05,02:00:00,Stage 2,Area 11,129
2022-07-05,04:00:00,Stage 2,Area 4,130
2022-07-05,04:00:00,Stage 2,Area 12,135
2022-07-05,06:00:00,Stage 4,Area 1,120
2022-07-05,06:00:00,Stage 4,Area 5,135
2022-07-05,06:00:00,Stage 4,Area 9,142
2022-07-05,06:00:00,Stage 4,Area 13,152
2022-07-05,08:00:00,Stage 4,Area 2,127
2022-07-05,08:00:00,Stage 4,Area 6,138
2022-07-05,08:00:00,Stage 4,Area 10,155
2022-07-05,08:00:00,Stage 4,Area 14,120
2022-07-05,10:00:00,Stage 4,Area 3,120
2022-07-05,10:00:00,Stage 4,Area 7,127
2022-07-05,10:00:00,Stage 4,Area 11,145
2022-07-05,10:00:00,Stage 4,Area 15,135
2022-07-05,12:00:00,Stage 4,Area 4,139
2022-07-05,12:00:00,Stage 4,Area 8,123
2022-07-05,12:00:00,Stage 4,Area 12,135
2022-07-05,12:00:00,Stage 4,Area 16,137
2022-07-05,14:00:00,Stage 4,Area 1,120
2022-07-05,14:00:00,Stage 4,Area 5,130
2022-07-05,14:00:00,Stage 4,Area 9,138
2022-07-05,14:00:00,Stage 4,Area 13,139
2022-07-05,16:00:00,Stage 4,Area 2,122
2022-07-05,16:00:00,Stage 4,Area 6,140
2022-07-05,16:00:00,Stage 4,Area 10,130
2022-07-05,16:00:00,Stage 4,Area 14,147
2022-07-05,18:00:00,Stage 4,Area 3,120
2022-07-05,18:00:00,Stage 4,Area 7,137
2022-07-05,18:00:00,Stage 4,Area 11,130
2022-07-05,18:00:00,Stage 4,Area 15,123
2022-07-05,20:00:00,Stage 4,Area 4,120
2022-07-05,20:00:00,Stage 4,Area 8,120
2022-07-05,20:00:00,Stage 4,Area 12,128
2022-07-05,20:00:00,Stage 4,Area 16,125
2022-07-05,22:00:00,Stage 4,Area 1,120
2022-07-05,22:00:00,Stage 4,Area 5,120
2022-07-05,22:00:00,Stage 4,Area 9,124
2022-07-05,22:00:00,Stage 4,Area 13,126
2022-07-06,00:00:00,Stage 2,Area 6,120
2022-07-06,00:00:00,Stage 2,Area 14,130
2022-07-06,02:00:00,Stage 2,Area 7,120
2022-07-06,02:00:00,Stage 2,Area 15,124
2022-07-06,04:00:00,Stage 2,Area 8,120
2022-07-06,04:00:00,Stage 2,Area 16,126
2022-07-06,06:00:00,Stage 4,Area 1,120
2022-07-06,06:00:00,Stage 4,Area 5,125
2022-07-06,06:00:00,Stage 4,Area 9,140
2022-07-06,06:00:00,Stage 4,Area 13,120
2022-07-06,08:00:00,Stage 4,Area 2,120
2022-07-06,08:00:00,Stage 4,Area 6,150
2022-07-06,08:00:00,Stage 4,Area 10,120
2022-07-06,08:00:00,Stage 4,Area 14,120
2022-07-06,10:00:00,Stage 4,Area 3,125
2022-07-06,10:00:00,Stage 4,Area 7,122
2022-07-06,10:00:00,Stage 4,Area 11,132
2022-07-06,10:00:00,Stage 4,Area 15,128
2022-07-06,12:00:00,Stage 4,Area 4,150
2022-07-06,12:00:00,Stage 4,Area 8,150
2022-07-06,12:00:00,Stage 4,Area 12,150
2022-07-06,12:00:00,Stage 4,Area 16,150
2022-07-06,14:00:00,Stage 4,Area 1,150
2022-07-06,14:00:00,Stage 4,Area 5,150
2022-07-06,14:00:00,Stage 4,Area 9,150
2022-07-06,14:00:00,Stage 4,Area 13,150
2022-07-06,16:00:00,Stage 4,Area 2,150
2022-07-06,16:00:00,Stage 4,Area 6,150
2022-07-06,16:00:00,Stage 4,Area 10,150
2022-07-06,16:00:00,Stage 4,Area 14,150
2022-07-06,18:00:00,Stage 4,Area 3,120
2022-07-06,18:00:00,Stage 4,Area 7,127
2022-07-06,18:00:00,Stage 4,Area 11,130
2022-07-06,18:00:00,Stage 4,Area 15,124
2022-07-06,20:00:00,Stage 4,Area 4,120
2022-07-06,20:00:00,Stage 4,Area 8,128
2022-07-06,20:00:00,Stage 4,Area 12,120
2022-07-06,20:00:00,Stage 4,Area 16,120
2022-07-06,22:00:00,Stage 4,Area 1,120
2022-07-06,22:00:00,Stage 4,Area 5,125
2022-07-06,22:00:00,Stage 4,Area 9,128
2022-07-06,22:00:00,Stage 4,Area 13,134
2022-07-07,00:00:00,Stage 2,Area 2,120
2022-07-07,00:00:00,Stage 2,Area 10,127
2022-07-07,02:00:00,Stage 2,Area 3,120
2022-07-07,02:00:00,Stage 2,Area 11,125
2022-07-07,04:00:00,Stage 4,Area 4,120
2022-07-07,04:00:00,Stage 4,Area 12,122
2022-07-07,06:00:00,Stage 4,Area 1,120
2022-07-07,06:00:00,Stage 4,Area 5,126
2022-07-07,06:00:00,Stage 4,Area 9,120
2022-07-07,06:00:00,Stage 4,Area 13,120
2022-07-07,08:00:00,Stage 4,Area 2,120
2022-07-07,08:00:00,Stage 4,Area 6,140
2022-07-07,08:00:00,Stage 4,Area 10,122
2022-07-07,08:00:00,Stage 4,Area 14,127
2022-07-07,10:00:00,Stage 4,Area 3,120
2022-07-07,10:00:00,Stage 4,Area 7,126
2022-07-07,10:00:00,Stage 4,Area 11,120
2022-07-07,10:00:00,Stage 4,Area 15,136
2022-07-07,12:00:00,Stage 4,Area 4,125
2022-07-07,12:00:00,Stage 4,Area 8,120
2022-07-07,12:00:00,Stage 4,Area 12,120
2022-07-07,12:00:00,Stage 4,Area 16,140
2022-07-07,14:00:00,Stage 4,Area 1,120
2022-07-07,14:00:00,Stage 4,Area 5,130
2022-07-07,14:00:00,Stage 4,Area 9,120
2022-07-07,14:00:00,Stage 4,Area 13,158
2022-07-07,16:00:00,Stage 4,Area 2,126
2022-07-07,16:00:00,Stage 4,Area 6,132
2022-07-07,16:00:00,Stage 4,Area 10,136
2022-07-07,16:00:00,Stage 4,Area 14,120
2022-07-07,18:00:00,Stage 4,Area 3,150
2022-07-07,18:00:00,Stage 4,Area 7,139
2022-07-07,18:00:00,Stage 4,Area 11,134
2022-07-07,18:00:00,Stage 4,Area 15,122
2022-07-07,20:00:00,Stage 4,Area 4,120
2022-07-07,20:00:00,Stage 4,Area 8,124
2022-07-07,20:00:00,Stage 4,Area 12,125
2022-07-07,20:00:00,Stage 4,Area 16,150
2022-07-07,22:00:00,Stage 4,Area 1,120
2022-07-07,22:00:00,Stage 4,Area 5,123
2022-07-07,22:00:00,Stage 4,Area 9,122
2022-07-07,22:00:00,Stage 4,Area 13,120
2022-07-08,00:00:00,Stage 2,Area 6,120
2022-07-08,00:00:00,Stage 2,Area 14,125
2022-07-08,02:00:00,Stage 2,Area 7,120
2022-07-08,02:00:00,Stage 2,Area 15,122
2022-07-08,04:00:00,Stage 2,Area 8,120
2022-07-08,04:00:00,Stage 2,Area 16,126
2022-07-08,06:00:00,Stage 4,Area 1,120
2022-07-08,06:00:00,Stage 4,Area 5,130
2022-07-08,06:00:00,Stage 4,Area 9,125
2022-07-08,06:00:00,Stage 4,Area 13,130
2022-07-08,08:00:00,Stage 4,Area 2,130
2022-07-08,08:00:00,Stage 4,Area 6,120
2022-07-08,08:00:00,Stage 4,Area 10,120
2022-07-08,08:00:00,Stage 4,Area 14,135
2022-07-08,10:00:00,Stage 4,Area 3,120
2022-07-08,10:00:00,Stage 4,Area 7,120
2022-07-08,10:00:00,Stage 4,Area 11,130
2022-07-08,10:00:00,Stage 4,Area 15,130
2022-07-08,12:00:00,Stage 4,Area 4,150
2022-07-08,12:00:00,Stage 4,Area 8,150
2022-07-08,12:00:00,Stage 4,Area 12,150
2022-07-08,12:00:00,Stage 4,Area 16,150
2022-07-08,14:00:00,Stage 4,Area 1,150
2022-07-08,14:00:00,Stage 4,Area 5,150
2022-07-08,14:00:00,Stage 4,Area 9,150
2022-07-08,14:00:00,Stage 4,Area 13,150
2022-07-08,16:00:00,Stage 4,Area 2,150
2022-07-08,16:00:00,Stage 4,Area 6,150
2022-07-08,16:00:00,Stage 4,Area 10,150
2022-07-08,16:00:00,Stage 4,Area 14,159
2022-07-08,18:00:00,Stage 4,Area 3,126
2022-07-08,18:00:00,Stage 4,Area 7,120
2022-07-08,18:00:00,Stage 4,Area 11,120
2022-07-08,18:00:00,Stage 4,Area 15,120
2022-07-08,20:00:00,Stage 4,Area 4,150
2022-07-08,20:00:00,Stage 4,Area 8,150
2022-07-08,20:00:00,Stage 4,Area 12,150
2022-07-08,20:00:00,Stage 4,Area 16,120
2022-07-08,22:00:00,Stage 4,Area 1,120
2022-07-08,22:00:00,Stage 4,Area 5,120
2022-07-08,22:00:00,Stage 4,Area 9,120
2022-07-08,22:00:00,Stage 4,Area 13,150
2022-07-09,00:00:00,Stage 2,Area 3,120
2022-07-09,00:00:00,Stage 2,Area 11,120
2022-07-09,02:00:00,Stage 2,Area 4,120
2022-07-09,02:00:00,Stage 2,Area 12,120
2022-07-09,04:00:00,Stage 2,Area 5,120
2022-07-09,04:00:00,Stage 2,Area 13,120
2022-07-09,06:00:00,Stage 2,Area 6,120
2022-07-09,06:00:00,Stage 2,Area 14,140
2022-07-09,08:00:00,Stage 2,Area 7,135
2022-07-09,08:00:00,Stage 2,Area 15,130
2022-07-09,10:00:00,Stage 2,Area 8,130
2022-07-09,10:00:00,Stage 2,Area 16,130
2022-07-09,12:00:00,Stage 2,Area 1,130
2022-07-09,12:00:00,Stage 2,Area 9,130
2022-07-09,14:00:00,Stage 2,Area 2,130
2022-07-09,14:00:00,Stage 2,Area 10,130
2022-07-09,16:00:00,Stage 2,Area 3,130
2022-07-09,16:00:00,Stage 2,Area 11,130
2022-07-09,18:00:00,Stage 2,Area 4,120
2022-07-09,18:00:00,Stage 2,Area 12,120
2022-07-09,20:00:00,Stage 2,Area 5,130
2022-07-09,20:00:00,Stage 2,Area 13,130
2022-07-09,22:00:00,Stage 3,Area 6,120
2022-07-09,22:00:00,Stage 3,Area 10,120
2022-07-09,22:00:00,Stage 3,Area 14,120
2022-07-10,00:00:00,Stage 2,Area 7,120
2022-07-10,00:00:00,Stage 2,Area 15,120
2022-07-10,02:00:00,Stage 2,Area 8,120
2022-07-10,02:00:00,Stage 2,Area 16,120
2022-07-10,04:00:00,Stage 2,Area 1,120
2022-07-10,04:00:00,Stage 2,Area 9,120
2022-07-10,06:00:00,Stage 2,Area 4,130
2022-07-10,06:00:00,Stage 2,Area 10,120
2022-07-10,08:00:00,Stage 2,Area 3,120
2022-07-10,08:00:00,Stage 2,Area 11,130
2022-07-10,10:00:00,Stage 2,Area 4,130
2022-07-10,10:00:00,Stage 2,Area 12,130
2022-07-10,12:00:00,Stage 2,Area 5,130
2022-07-10,12:00:00,Stage 2,Area 13,120
2022-07-10,14:00:00,Stage 2,Area 6,130
2022-07-10,14:00:00,Stage 2,Area 14,130
2022-07-10,16:00:00,Stage 3,Area 3,150
2022-07-10,16:00:00,Stage 3,Area 7,130
2022-07-10,16:00:00,Stage 3,Area 15,130
2022-07-10,18:00:00,Stage 3,Area 4,120
2022-07-10,18:00:00,Stage 3,Area 8,120
2022-07-10,18:00:00,Stage 3,Area 16,120
2022-07-10,20:00:00,Stage 3,Area 1,120
2022-07-10,20:00:00,Stage 3,Area 5,120
2022-07-10,20:00:00,Stage 3,Area 9,120
2022-07-10,22:00:00,Stage 3,Area 2,120
2022-07-10,22:00:00,Stage 3,Area 6,120
2022-07-10,22:00:00,Stage 3,Area 10,120
2022-07-10,22:00:00,Stage 4,Area 14,120
2022-07-11,00:00:00,Stage 2,Area 3,120
2022-07-11,00:00:00,Stage 2,Area 11,120
2022-07-11,02:00:00,Stage 2,Area 4,120
2022-07-11,02:00:00,Stage 2,Area 12,120
2022-07-11,04:00:00,Stage 2,Area 5,120
2022-07-11,04:00:00,Stage 2,Area 13,130
2022-07-11,06:00:00,Stage 4,Area 2,136
2022-07-11,06:00:00,Stage 4,Area 6,120
2022-07-11,06:00:00,Stage 4,Area 10,130
2022-07-11,06:00:00,Stage 4,Area 14,129
2022-07-11,08:00:00,Stage 4,Area 3,120
2022-07-11,08:00:00,Stage 4,Area 7,125
2022-07-11,08:00:00,Stage 4,Area 11,120
2022-07-11,08:00:00,Stage 4,Area 15,120
2022-07-11,10:00:00,Stage 4,Area 4,120
2022-07-11,10:00:00,Stage 4,Area 8,128
2022-07-11,10:00:00,Stage 4,Area 12,120
2022-07-11,10:00:00,Stage 4,Area 16,120
2022-07-11,12:00:00,Stage 4,Area 1,120
2022-07-11,12:00:00,Stage 4,Area 5,120
2022-07-11,12:00:00,Stage 4,Area 9,120
2022-07-11,12:00:00,Stage 4,Area 13,120
2022-07-11,14:00:00,Stage 4,Area 2,120
2022-07-11,14:00:00,Stage 4,Area 6,120
2022-07-11,14:00:00,Stage 4,Area 10,120
2022-07-11,14:00:00,Stage 4,Area 14,120
2022-07-11,16:00:00,Stage 3,Area 3,130
2022-07-11,16:00:00,Stage 3,Area 11,120
2022-07-11,16:00:00,Stage 3,Area 15,120
2022-07-11,16:00:00,Stage 4,Area 7,50
2022-07-11,18:00:00,Stage 3,Area 4,120
2022-07-11,18:00:00,Stage 3,Area 12,120
2022-07-11,18:00:00,Stage 3,Area 16,120
2022-07-11,20:00:00,Stage 3,Area 1,120
2022-07-11,20:00:00,Stage 3,Area 5,120
2022-07-11,20:00:00,Stage 3,Area 13,120
2022-07-11,22:00:00,Stage 4,Area 2,120
2022-07-11,22:00:00,Stage 4,Area 6,120
2022-07-11,22:00:00,Stage 4,Area 10,120
2022-07-11,22:00:00,Stage 4,Area 14,120
2022-07-12,00:00:00,Stage 2,Area 7,120
2022-07-12,00:00:00,Stage 2,Area 15,120
2022-07-12,02:00:00,Stage 2,Area 8,120
2022-07-12,02:00:00,Stage 2,Area 16,120
2022-07-12,04:00:00,Stage 2,Area 1,120
2022-07-12,04:00:00,Stage 2,Area 9,120
2022-07-12,06:00:00,Stage 4,Area 2,150
2022-07-12,06:00:00,Stage 4,Area 6,150
2022-07-12,06:00:00,Stage 4,Area 10,150
2022-07-12,06:00:00,Stage 4,Area 14,123
2022-07-12,08:00:00,Stage 4,Area 3,128
2022-07-12,08:00:00,Stage 4,Area 7,130
2022-07-12,08:00:00,Stage 4,Area 11,135
2022-07-12,08:00:00,Stage 4,Area 15,122
2022-07-12,10:00:00,Stage 4,Area 4,150
2022-07-12,10:00:00,Stage 4,Area 8,150
2022-07-12,10:00:00,Stage 4,Area 12,150
2022-07-12,10:00:00,Stage 4,Area 16,125
2022-07-12,12:00:00,Stage 4,Area 1,150
2022-07-12,12:00:00,Stage 4,Area 5,150
2022-07-12,12:00:00,Stage 4,Area 9,150
2022-07-12,12:00:00,Stage 4,Area 13,150
2022-07-12,14:00:00,Stage 4,Area 2,150
2022-07-12,14:00:00,Stage 4,Area 6,150
2022-07-12,14:00:00,Stage 4,Area 10,150
2022-07-12,14:00:00,Stage 4,Area 14,141
2022-07-12,16:00:00,Stage 3,Area 7,129
2022-07-12,16:00:00,Stage 3,Area 11,128
2022-07-12,16:00:00,Stage 3,Area 15,131
2022-07-12,18:00:00,Stage 3,Area 8,120
2022-07-12,18:00:00,Stage 3,Area 12,120
2022-07-12,18:00:00,Stage 3,Area 16,120
2022-07-12,20:00:00,Stage 3,Area 1,120
2022-07-12,20:00:00,Stage 3,Area 9,120
2022-07-12,20:00:00,Stage 3,Area 13,120
2022-07-12,22:00:00,Stage 4,Area 2,120
2022-07-12,22:00:00,Stage 4,Area 6,120
2022-07-12,22:00:00,Stage 4,Area 10,120
2022-07-12,22:00:00,Stage 4,Area 14,133
2022-07-13,00:00:00,Stage 2,Area 4,120
2022-07-13,00:00:00,Stage 2,Area 12,120
2022-07-13,02:00:00,Stage 2,Area 5,120
2022-07-13,02:00:00,Stage 2,Area 13,120
2022-07-13,04:00:00,Stage 2,Area 6,120
2022-07-13,04:00:00,Stage 2,Area 14,120
2022-07-13,06:00:00,Stage 3,Area 3,130
2022-07-13,06:00:00,Stage 3,Area 7,150
2022-07-13,06:00:00,Stage 3,Area 15,150
2022-07-13,08:00:00,Stage 3,Area 4,135
2022-07-13,08:00:00,Stage 3,Area 8,135
2022-07-13,08:00:00,Stage 3,Area 16,135
2022-07-13,10:00:00,Stage 3,Area 1,150
2022-07-13,10:00:00,Stage 3,Area 5,150
2022-07-13,10:00:00,Stage 3,Area 9,150
2022-07-13,12:00:00,Stage 3,Area 2,120
2022-07-13,12:00:00,Stage 3,Area 6,120
2022-07-13,12:00:00,Stage 3,Area 10,127
2022-07-13,14:00:00,Stage 3,Area 3,123
2022-07-13,14:00:00,Stage 3,Area 7,127
2022-07-13,14:00:00,Stage 3,Area 11,140
2022-07-13,16:00:00,Stage 3,Area 4,120
2022-07-13,16:00:00,Stage 3,Area 8,130
2022-07-13,16:00:00,Stage 3,Area 12,120
2022-07-13,18:00:00,Stage 3,Area 5,120
2022-07-13,18:00:00,Stage 3,Area 9,130
2022-07-13,18:00:00,Stage 3,Area 13,130
2022-07-13,20:00:00,Stage 3,Area 6,120
2022-07-13,20:00:00,Stage 3,Area 10,130
2022-07-13,20:00:00,Stage 3,Area 14,122
2022-07-13,22:00:00,Stage 3,Area 7,75
2022-07-13,22:00:00,Stage 3,Area 11,80
2022-07-13,22:00:00,Stage 3,Area 15,125
2022-07-14,00:00:00,Stage 1,Area 16,120
2022-07-14,02:00:00,Stage 1,Area 1,120
2022-07-14,04:00:00,Stage 1,Area 2,120
2022-07-14,06:00:00,Stage 3,Area 3,130
2022-07-14,06:00:00,Stage 3,Area 11,130
2022-07-14,06:00:00,Stage 3,Area 15,130
2022-07-14,08:00:00,Stage 3,Area 4,140
2022-07-14,08:00:00,Stage 3,Area 12,140
2022-07-14,08:00:00,Stage 3,Area 16,150
2022-07-14,10:00:00,Stage 3,Area 1,150
2022-07-14,10:00:00,Stage 3,Area 5,150
2022-07-14,10:00:00,Stage 3,Area 13,150
2022-07-14,12:00:00,Stage 3,Area 2,125
2022-07-14,12:00:00,Stage 3,Area 6,120
2022-07-14,12:00:00,Stage 3,Area 14,135
2022-07-14,14:00:00,Stage 3,Area 3,130
2022-07-14,14:00:00,Stage 3,Area 7,128
2022-07-14,14:00:00,Stage 3,Area 15,136
2022-07-14,16:00:00,Stage 3,Area 4,134
2022-07-14,16:00:00,Stage 3,Area 8,126
2022-07-14,16:00:00,Stage 3,Area 16,120
2022-07-14,18:00:00,Stage 3,Area 1,120
2022-07-14,18:00:00,Stage 3,Area 5,120
2022-07-14,18:00:00,Stage 3,Area 9,130
2022-07-14,20:00:00,Stage 3,Area 2,120
2022-07-14,20:00:00,Stage 3,Area 6,120
2022-07-14,20:00:00,Stage 3,Area 10,135
2022-07-14,22:00:00,Stage 4,Area 3,120
2022-07-14,22:00:00,Stage 4,Area 7,120
2022-07-14,22:00:00,Stage 4,Area 11,120
2022-07-14,22:00:00,Stage 4,Area 15,120
2022-07-15,06:00:00,Stage 3,Area 7,140
2022-07-15,06:00:00,Stage 3,Area 11,140
2022-07-15,06:00:00,Stage 3,Area 15,140
2022-07-15,08:00:00,Stage 3,Area 8,120
2022-07-15,08:00:00,Stage 3,Area 12,130
2022-07-15,08:00:00,Stage 3,Area 16,144
2022-07-15,10:00:00,Stage 3,Area 1,125
2022-07-15,10:00:00,Stage 3,Area 9,122
2022-07-15,10:00:00,Stage 3,Area 13,125
2022-07-15,12:00:00,Stage 3,Area 2,124
2022-07-15,12:00:00,Stage 3,Area 10,120
2022-07-15,12:00:00,Stage 3,Area 14,120
2022-07-15,14:00:00,Stage 3,Area 3,120
2022-07-15,14:00:00,Stage 3,Area 11,126
2022-07-15,14:00:00,Stage 3,Area 15,120
2022-07-15,16:00:00,Stage 3,Area 4,120
2022-07-15,16:00:00,Stage 3,Area 12,120
2022-07-15,16:00:00,Stage 3,Area 16,124
2022-07-15,18:00:00,Stage 3,Area 1,60
2022-07-15,18:00:00,Stage 3,Area 5,125
2022-07-15,18:00:00,Stage 3,Area 13,60
2022-07-15,20:00:00,Stage 1,Area 6,125
2022-07-15,22:00:00,Stage 1,Area 7,65
2022-07-18,17:00:00,Stage 1,Area 5,60
2022-07-18,18:00:00,Stage 1,Area 6,60
2022-07-19,17:00:00,Stage 1,Area 1,60
2022-07-19,18:00:00,Stage 1,Area 2,60
2022-07-20,16:00:00,Stage 1,Area 13,138
2022-07-20,18:00:00,Stage 1,Area 14,120
2022-07-20,20:00:00,Stage 1,Area 15,120
2022-07-20,22:00:00,Stage 1,Area 16,120
2022-07-21,16:00:00,Stage 1,Area 10,130
2022-07-21,18:00:00,Stage 1,Area 11,120
2022-07-21,20:00:00,Stage 1,Area 12,120
2022-07-21,22:00:00,Stage 1,Area 13,120
2022-08-03,17:00:00,Stage 1,Area 1,60
2022-08-03,18:00:00,Stage 1,Area 2,61
2022-08-04,06:00:00,Stage 2,Area 8,125
2022-08-04,06:00:00,Stage 2,Area 16,135
2022-08-04,08:00:00,Stage 2,Area 1,120
2022-08-04,08:00:00,Stage 2,Area 9,124
2022-08-04,10:00:00,Stage 2,Area 2,125
2022-08-04,10:00:00,Stage 2,Area 10,120
2022-08-04,12:00:00,Stage 2,Area 3,120
2022-08-04,12:00:00,Stage 2,Area 11,127
2022-08-04,14:00:00,Stage 2,Area 4,120
2022-08-04,14:00:00,Stage 2,Area 12,120
2022-08-04,16:00:00,Stage 3,Area 5,122
2022-08-04,16:00:00,Stage 3,Area 13,135
2022-08-04,16:00:00,Stage 3,Area 9,120
2022-08-04,18:00:00,Stage 3,Area 6,135
2022-08-04,18:00:00,Stage 3,Area 14,133
2022-08-04,18:00:00,Stage 3,Area 10,75
2022-08-04,20:00:00,Stage 2,Area 7,137
2022-08-04,20:00:00,Stage 2,Area 15,123
2022-08-04,22:00:00,Stage 2,Area 8,90
2022-08-04,22:00:00,Stage 2,Area 16,80
2022-08-05,06:00:00,Stage 1,Area 5,139
2022-08-05,08:00:00,Stage 1,Area 6,143
2022-08-05,10:00:00,Stage 1,Area 7,136
2022-08-05,12:00:00,Stage 1,Area 8,127
2022-08-05,14:00:00,Stage 1,Area 9,121
2022-08-05,16:00:00,Stage 1,Area 10,120
2022-08-05,18:00:00,Stage 1,Area 11,127
2022-08-05,19:00:00,Stage 1,Area 3,60
2022-08-05,20:00:00,Stage 2,Area 4,126
2022-08-05,20:00:00,Stage 2,Area 12,126
2022-08-16,16:00:00,Stage 1,Area 16,120
2022-08-16,18:00:00,Stage 1,Area 1,60
2022-08-17,16:00:00,Stage 1,Area 9,120
2022-08-17,18:00:00,Stage 1,Area 10,60
2022-08-18,16:00:00,Stage 2,Area 5,144
2022-08-18,16:00:00,Stage 2,Area 13,120
2022-08-18,18:00:00,Stage 2,Area 6,120
2022-08-18,18:00:00,Stage 2,Area 14,136
2022-08-18,20:00:00,Stage 2,Area 7,132
2022-08-18,20:00:00,Stage 2,Area 15,122
2022-08-18,22:00:00,Stage 2,Area 8,107
2022-08-18,22:00:00,Stage 2,Area 16,100
2022-09-08,14:00:00,Stage 1,Area 13,148
2022-09-08,16:00:00,Stage 1,Area 14,120
2022-09-08,18:00:00,Stage 1,Area 15,120
2022-09-08,20:00:00,Stage 1,Area 16,120
2022-09-08,22:00:00,Stage 2,Area 1,120
2022-09-08,22:00:00,Stage 2,Area 9,120
2022-09-09,00:00:00,Stage 2,Area 3,120
2022-09-09,00:00:00,Stage 2,Area 11,120
2022-09-09,02:00:00,Stage 2,Area 4,139
2022-09-09,02:00:00,Stage 2,Area 12,132
2022-09-09,04:00:00,Stage 2,Area 5,69
2022-09-09,04:00:00,Stage 2,Area 13,60
2022-09-09,14:00:00,Stage 2,Area 2,120
2022-09-09,14:00:00,Stage 2,Area 10,130
2022-09-09,16:00:00,Stage 2,Area 3,120
2022-09-09,16:00:00,Stage 2,Area 11,120
2022-09-09,18:00:00,Stage 2,Area 4,120
2022-09-09,18:00:00,Stage 2,Area 12,120
2022-09-09,20:00:00,Stage 2,Area 5,120
2022-09-09,20:00:00,Stage 2,Area 13,120
2022-09-09,22:00:00,Stage 3,Area 6,120
2022-09-09,22:00:00,Stage 3,Area 14,120
2022-09-09,22:00:00,Stage 3,Area 10,120
2022-09-10,00:00:00,Stage 3,Area 7,120
2022-09-10,00:00:00,Stage 3,Area 15,130
2022-09-10,00:00:00,Stage 3,Area 11,130
2022-09-10,02:00:00,Stage 3,Area 8,140
2022-09-10,02:00:00,Stage 3,Area 16,140
2022-09-10,02:00:00,Stage 3,Area 12,140
2022-09-10,04:00:00,Stage 3,Area 13,60
2022-09-10,04:00:00,Stage 3,Area 1,120
2022-09-10,04:00:00,Stage 3,Area 9,60
2022-09-10,06:00:00,Stage 1,Area 2,120
2022-09-10,08:00:00,Stage 1,Area 3,128
2022-09-10,10:00:00,Stage 2,Area 4,123
2022-09-10,10:00:00,Stage 2,Area 12,127
2022-09-10,12:00:00,Stage 3,Area 5,128
2022-09-10,12:00:00,Stage 3,Area 13,120
2022-09-10,12:00:00,Stage 3,Area 1,120
2022-09-10,14:00:00,Stage 3,Area 6,130
2022-09-10,14:00:00,Stage 3,Area 14,120
2022-09-10,14:00:00,Stage 3,Area 2,136
2022-09-10,16:00:00,Stage 3,Area 7,104
2022-09-10,16:00:00,Stage 3,Area 15,125
2022-09-10,16:00:00,Stage 3,Area 3,120
2022-09-10,18:00:00,Stage 4,Area 8,125
2022-09-10,18:00:00,Stage 4,Area 16,120
2022-09-10,18:00:00,Stage 4,Area 4,130
2022-09-10,18:00:00,Stage 4,Area 12,123
2022-09-10,20:00:00,Stage 4,Area 5,122
2022-09-10,20:00:00,Stage 4,Area 13,120
2022-09-10,20:00:00,Stage 4,Area 1,120
2022-09-10,20:00:00,Stage 4,Area 9,124
2022-09-10,22:00:00,Stage 4,Area 6,120
2022-09-10,22:00:00,Stage 4,Area 14,120
2022-09-10,22:00:00,Stage 4,Area 2,120
2022-09-10,22:00:00,Stage 4,Area 10,120
2022-09-11,00:00:00,Stage 4,Area 7,120
2022-09-11,00:00:00,Stage 4,Area 15,120
2022-09-11,00:00:00,Stage 4,Area 11,120
2022-09-11,00:00:00,Stage 4,Area 3,120
2022-09-11,02:00:00,Stage 4,Area 8,131
2022-09-11,02:00:00,Stage 4,Area 16,123
2022-09-11,02:00:00,Stage 4,Area 4,140
2022-09-11,02:00:00,Stage 4,Area 12,130
2022-09-11,04:00:00,Stage 4,Area 5,135
2022-09-11,04:00:00,Stage 4,Area 13,120
2022-09-11,04:00:00,Stage 4,Area 1,120
2022-09-11,04:00:00,Stage 4,Area 9,148
2022-09-11,06:00:00,Stage 4,Area 6,130
2022-09-11,06:00:00,Stage 4,Area 14,148
2022-09-11,06:00:00,Stage 4,Area 2,122
2022-09-11,06:00:00,Stage 4,Area 10,140
2022-09-11,08:00:00,Stage 4,Area 7,129
2022-09-11,08:00:00,Stage 4,Area 15,139
2022-09-11,08:00:00,Stage 4,Area 3,123
2022-09-11,08:00:00,Stage 4,Area 11,134
2022-09-11,10:00:00,Stage 4,Area 8,145
2022-09-11,10:00:00,Stage 4,Area 16,122
2022-09-11,10:00:00,Stage 4,Area 4,128
2022-09-11,10:00:00,Stage 4,Area 12,138
2022-09-11,12:00:00,Stage 4,Area 5,130
2022-09-11,12:00:00,Stage 4,Area 13,130
2022-09-11,12:00:00,Stage 4,Area 1,120
2022-09-11,12:00:00,Stage 4,Area 9,130
2022-09-11,14:00:00,Stage 4,Area 6,125
2022-09-11,14:00:00,Stage 4,Area 14,120
2022-09-11,14:00:00,Stage 4,Area 2,130
2022-09-11,14:00:00,Stage 4,Area 10,125
2022-09-11,16:00:00,Stage 4,Area 7,125
2022-09-11,16:00:00,Stage 4,Area 15,125
2022-09-11,16:00:00,Stage 4,Area 3,125
2022-09-11,16:00:00,Stage 4,Area 11,125
2022-09-11,18:00:00,Stage 4,Area 8,131
2022-09-11,18:00:00,Stage 4,Area 16,120
2022-09-11,18:00:00,Stage 4,Area 4,135
2022-09-11,18:00:00,Stage 4,Area 12,120
2022-09-11,20:00:00,Stage 4,Area 5,130
2022-09-11,20:00:00,Stage 4,Area 13,112
2022-09-11,20:00:00,Stage 4,Area 1,120
2022-09-11,20:00:00,Stage 4,Area 9,124
2022-09-11,22:00:00,Stage 4,Area 6,120
2022-09-11,22:00:00,Stage 4,Area 14,120
2022-09-11,22:00:00,Stage 4,Area 2,120
2022-09-11,22:00:00,Stage 4,Area 10,122
2022-09-12,00:00:00,Stage 4,Area 7,120
2022-09-12,00:00:00,Stage 4,Area 15,120
2022-09-12,00:00:00,Stage 4,Area 3,120
2022-09-12,00:00:00,Stage 4,Area 11,120
2022-09-12,02:00:00,Stage 4,Area 8,120
2022-09-12,02:00:00,Stage 4,Area 16,120
2022-09-12,02:00:00,Stage 4,Area 4,120
2022-09-12,02:00:00,Stage 4,Area 12,120
2022-09-12,04:00:00,Stage 4,Area 5,60
2022-09-12,04:00:00,Stage 4,Area 13,72
2022-09-12,04:00:00,Stage 4,Area 1,120
2022-09-12,04:00:00,Stage 4,Area 9,120
2022-09-12,06:00:00,Stage 2,Area 2,120
2022-09-12,06:00:00,Stage 2,Area 10,120
2022-09-12,08:00:00,Stage 2,Area 3,120
2022-09-12,08:00:00,Stage 2,Area 11,120
2022-09-12,10:00:00,Stage 2,Area 4,120
2022-09-12,10:00:00,Stage 2,Area 12,120
2022-09-12,12:00:00,Stage 2,Area 5,147
2022-09-12,12:00:00,Stage 2,Area 13,120
2022-09-12,14:00:00,Stage 2,Area 6,130
2022-09-12,14:00:00,Stage 2,Area 14,130
2022-09-12,16:00:00,Stage 2,Area 7,130
2022-09-12,16:00:00,Stage 2,Area 15,120
2022-09-12,18:00:00,Stage 2,Area 8,132
2022-09-12,18:00:00,Stage 2,Area 16,120
2022-09-12,20:00:00,Stage 2,Area 1,120
2022-09-12,20:00:00,Stage 2,Area 9,120
2022-09-12,22:00:00,Stage 3,Area 14,120
2022-09-12,22:00:00,Stage 3,Area 2,120
2022-09-12,22:00:00,Stage 3,Area 10,120
2022-09-13,00:00:00,Stage 3,Area 16,120
2022-09-13,00:00:00,Stage 3,Area 4,120
2022-09-13,00:00:00,Stage 3,Area 12,120
2022-09-13,02:00:00,Stage 3,Area 5,120
2022-09-13,02:00:00,Stage 3,Area 13,120
2022-09-13,02:00:00,Stage 3,Area 1,120
2022-09-13,04:00:00,Stage 3,Area 6,60
2022-09-13,04:00:00,Stage 3,Area 14,60
2022-09-13,04:00:00,Stage 3,Area 2,60
2022-09-13,10:00:00,Stage 2,Area 1,130
2022-09-13,10:00:00,Stage 2,Area 9,120
2022-09-13,12:00:00,Stage 3,Area 6,128
2022-09-13,12:00:00,Stage 3,Area 2,126
2022-09-13,12:00:00,Stage 3,Area 10,129
2022-09-13,14:00:00,Stage 3,Area 7,128
2022-09-13,14:00:00,Stage 3,Area 3,120
2022-09-13,14:00:00,Stage 3,Area 11,133
2022-09-13,16:00:00,Stage 3,Area 8,130
2022-09-13,16:00:00,Stage 3,Area 4,135
2022-09-13,16:00:00,Stage 3,Area 12,127
2022-09-13,18:00:00,Stage 3,Area 5,138
2022-09-13,18:00:00,Stage 3,Area 13,142
2022-09-13,18:00:00,Stage 3,Area 9,125
2022-09-13,20:00:00,Stage 3,Area 6,132
2022-09-13,20:00:00,Stage 3,Area 14,128
2022-09-13,20:00:00,Stage 3,Area 10,140
2022-09-13,22:00:00,Stage 4,Area 7,126
2022-09-13,22:00:00,Stage 4,Area 15,138
2022-09-13,22:00:00,Stage 4,Area 3,120
2022-09-13,22:00:00,Stage 4,Area 11,133
2022-09-14,00:00:00,Stage 4,Area 8,126
2022-09-14,00:00:00,Stage 4,Area 16,138
2022-09-14,00:00:00,Stage 4,Area 4,120
2022-09-14,00:00:00,Stage 4,Area 12,132
2022-09-14,02:00:00,Stage 4,Area 5,130
2022-09-14,02:00:00,Stage 4,Area 13,125
2022-09-14,02:00:00,Stage 4,Area 1,120
2022-09-14,02:00:00,Stage 4,Area 9,135
2022-09-14,04:00:00,Stage 4,Area 6,60
2022-09-14,04:00:00,Stage 4,Area 14,64
2022-09-14,04:00:00,Stage 4,Area 2,120
2022-09-14,04:00:00,Stage 4,Area 10,130
2022-09-14,06:00:00,Stage 2,Area 3,125
2022-09-14,06:00:00,Stage 2,Area 11,120
2022-09-14,08:00:00,Stage 2,Area 4,120
2022-09-14,08:00:00,Stage 2,Area 12,120
2022-09-14,10:00:00,Stage 2,Area 5,120
2022-09-14,10:00:00,Stage 2,Area 13,120
2022-09-14,12:00:00,Stage 2,Area 6,120
2022-09-14,12:00:00,Stage 2,Area 14,150
2022-09-14,14:00:00,Stage 2,Area 7,125
2022-09-14,14:00:00,Stage 2,Area 15,130
2022-09-14,16:00:00,Stage 2,Area 8,130
2022-09-14,16:00:00,Stage 2,Area 16,150
2022-09-14,18:00:00,Stage 3,Area 5,133
2022-09-14,18:00:00,Stage 3,Area 1,120
2022-09-14,18:00:00,Stage 3,Area 9,139
2022-09-14,20:00:00,Stage 3,Area 6,138
2022-09-14,20:00:00,Stage 3,Area 2,129
2022-09-14,20:00:00,Stage 3,Area 10,133
2022-09-14,22:00:00,Stage 4,Area 7,140
2022-09-14,22:00:00,Stage 4,Area 15,132
2022-09-14,22:00:00,Stage 4,Area 3,131
2022-09-14,22:00:00,Stage 4,Area 11,132
2022-09-15,00:00:00,Stage 4,Area 8,137
2022-09-15,00:00:00,Stage 4,Area 16,134
2022-09-15,00:00:00,Stage 4,Area 4,130
2022-09-15,00:00:00,Stage 4,Area 12,135
2022-09-15,02:00:00,Stage 4,Area 5,140
2022-09-15,02:00:00,Stage 4,Area 13,120
2022-09-15,02:00:00,Stage 4,Area 1,133
2022-09-15,02:00:00,Stage 4,Area 9,120
2022-09-15,04:00:00,Stage 4,Area 6,127
2022-09-15,04:00:00,Stage 4,Area 14,130
2022-09-15,04:00:00,Stage 4,Area 2,60
2022-09-15,04:00:00,Stage 4,Area 10,62
2022-09-15,06:00:00,Stage 2,Area 7,120
2022-09-15,06:00:00,Stage 2,Area 15,125
2022-09-15,08:00:00,Stage 2,Area 8,124
2022-09-15,08:00:00,Stage 2,Area 16,127
2022-09-15,10:00:00,Stage 2,Area 1,125
2022-09-15,10:00:00,Stage 2,Area 9,120
2022-09-15,12:00:00,Stage 2,Area 2,125
2022-09-15,12:00:00,Stage 2,Area 10,133
2022-09-15,14:00:00,Stage 2,Area 3,132
2022-09-15,14:00:00,Stage 2,Area 11,125
2022-09-15,16:00:00,Stage 2,Area 4,125
2022-09-15,16:00:00,Stage 2,Area 12,125
2022-09-15,18:00:00,Stage 3,Area 5,130
2022-09-15,18:00:00,Stage 3,Area 13,125
2022-09-15,18:00:00,Stage 3,Area 1,133
2022-09-15,20:00:00,Stage 3,Area 6,131
2022-09-15,20:00:00,Stage 3,Area 14,130
2022-09-15,20:00:00,Stage 3,Area 2,125
2022-09-15,22:00:00,Stage 4,Area 7,132
2022-09-15,22:00:00,Stage 4,Area 15,131
2022-09-15,22:00:00,Stage 4,Area 3,132
2022-09-15,22:00:00,Stage 4,Area 11,132
2022-09-16,00:00:00,Stage 4,Area 8,136
2022-09-16,00:00:00,Stage 4,Area 16,125
2022-09-16,00:00:00,Stage 4,Area 4,125
2022-09-16,00:00:00,Stage 4,Area 12,125
2022-09-16,02:00:00,Stage 4,Area 5,137
2022-09-16,02:00:00,Stage 4,Area 13,135
2022-09-16,02:00:00,Stage 4,Area 1,132
2022-09-16,02:00:00,Stage 4,Area 9,132
2022-09-16,04:00:00,Stage 4,Area 6,60
2022-09-16,04:00:00,Stage 4,Area 14,60
2022-09-16,04:00:00,Stage 4,Area 2,120
2022-09-16,04:00:00,Stage 4,Area 10,126
2022-09-16,06:00:00,Stage 2,Area 3,120
2022-09-16,06:00:00,Stage 2,Area 11,120
2022-09-16,08:00:00,Stage 2,Area 4,120
2022-09-16,08:00:00,Stage 2,Area 12,120
2022-09-16,10:00:00,Stage 2,Area 5,125
2022-09-16,10:00:00,Stage 2,Area 13,120
2022-09-16,12:00:00,Stage 2,Area 6,120
2022-09-16,12:00:00,Stage 2,Area 14,145
2022-09-16,14:00:00,Stage 2,Area 7,120
2022-09-16,14:00:00,Stage 2,Area 15,120
2022-09-16,16:00:00,Stage 2,Area 8,120
2022-09-16,16:00:00,Stage 2,Area 16,120
2022-09-16,18:00:00,Stage 2,Area 1,125
2022-09-16,18:00:00,Stage 2,Area 9,120
2022-09-16,20:00:00,Stage 2,Area 2,120
2022-09-16,20:00:00,Stage 2,Area 10,120
2022-09-16,22:00:00,Stage 4,Area 7,120
2022-09-16,22:00:00,Stage 4,Area 15,120
2022-09-16,22:00:00,Stage 4,Area 3,120
2022-09-16,22:00:00,Stage 4,Area 11,120
2022-09-17,00:00:00,Stage 4,Area 5,120
2022-09-17,00:00:00,Stage 4,Area 13,130
2022-09-17,00:00:00,Stage 4,Area 1,130
2022-09-17,00:00:00,Stage 4,Area 9,120
2022-09-17,02:00:00,Stage 4,Area 6,130
2022-09-17,02:00:00,Stage 4,Area 14,120
2022-09-17,02:00:00,Stage 4,Area 2,120
2022-09-17,02:00:00,Stage 4,Area 10,130
2022-09-17,04:00:00,Stage 4,Area 7,60
2022-09-17,04:00:00,Stage 4,Area 15,60
2022-09-17,04:00:00,Stage 4,Area 3,120
2022-09-17,04:00:00,Stage 4,Area 11,120
2022-09-17,06:00:00,Stage 2,Area 4,120
2022-09-17,06:00:00,Stage 2,Area 12,120
2022-09-17,08:00:00,Stage 2,Area 5,120
2022-09-17,08:00:00,Stage 2,Area 13,120
2022-09-17,10:00:00,Stage 3,Area 6,120
2022-09-17,10:00:00,Stage 3,Area 14,120
2022-09-17,10:00:00,Stage 3,Area 2,120
2022-09-17,12:00:00,Stage 3,Area 7,130
2022-09-17,12:00:00,Stage 3,Area 15,125
2022-09-17,12:00:00,Stage 3,Area 3,120
2022-09-17,14:00:00,Stage 3,Area 8,130
2022-09-17,14:00:00,Stage 3,Area 16,130
2022-09-17,14:00:00,Stage 3,Area 4,130
2022-09-17,16:00:00,Stage 3,Area 5,130
2022-09-17,16:00:00,Stage 3,Area 1,130
2022-09-17,16:00:00,Stage 3,Area 9,130
2022-09-17,18:00:00,Stage 4,Area 6,125
2022-09-17,18:00:00,Stage 4,Area 14,125
2022-09-17,18:00:00,Stage 4,Area 2,121
2022-09-17,18:00:00,Stage 4,Area 10,129
2022-09-17,20:00:00,Stage 4,Area 7,124
2022-09-17,20:00:00,Stage 4,Area 15,122
2022-09-17,20:00:00,Stage 4,Area 3,124
2022-09-17,20:00:00,Stage 4,Area 11,132
2022-09-17,22:00:00,Stage 5,Area 8,120
2022-09-17,22:00:00,Stage 5,Area 13,126
2022-09-17,22:00:00,Stage 5,Area 16,126
2022-09-17,22:00:00,Stage 5,Area 4,120
2022-09-17,22:00:00,Stage 5,Area 12,126
2022-09-18,00:00:00,Stage 5,Area 5,122
2022-09-18,00:00:00,Stage 5,Area 13,120
2022-09-18,00:00:00,Stage 5,Area 14,120
2022-09-18,00:00:00,Stage 5,Area 1,122
2022-09-18,00:00:00,Stage 5,Area 9,127
2022-09-18,02:00:00,Stage 5,Area 6,126
2022-09-18,02:00:00,Stage 5,Area 14,125
2022-09-18,02:00:00,Stage 5,Area 15,120
2022-09-18,02:00:00,Stage 5,Area 2,126
2022-09-18,02:00:00,Stage 5,Area 10,133
2022-09-18,04:00:00,Stage 6,Area 7,123
2022-09-18,04:00:00,Stage 6,Area 8,120
2022-09-18,04:00:00,Stage 6,Area 15,126
2022-09-18,04:00:00,Stage 6,Area 16,120
2022-09-18,04:00:00,Stage 6,Area 3,124
2022-09-18,04:00:00,Stage 6,Area 11,126
2022-09-18,06:00:00,Stage 6,Area 8,120
2022-09-18,06:00:00,Stage 6,Area 16,120
2022-09-18,06:00:00,Stage 6,Area 1,120
2022-09-18,06:00:00,Stage 6,Area 4,135
2022-09-18,06:00:00,Stage 6,Area 9,120
2022-09-18,06:00:00,Stage 6,Area 12,120
2022-09-18,08:00:00,Stage 6,Area 5,126
2022-09-18,08:00:00,Stage 6,Area 13,135
2022-09-18,08:00:00,Stage 6,Area 1,132
2022-09-18,08:00:00,Stage 6,Area 2,120
2022-09-18,08:00:00,Stage 6,Area 9,131
2022-09-18,08:00:00,Stage 6,Area 10,120
2022-09-18,10:00:00,Stage 6,Area 6,155
2022-09-18,10:00:00,Stage 6,Area 14,126
2022-09-18,10:00:00,Stage 6,Area 2,125
2022-09-18,10:00:00,Stage 6,Area 3,120
2022-09-18,10:00:00,Stage 6,Area 10,120
2022-09-18,10:00:00,Stage 6,Area 11,120
2022-09-18,12:00:00,Stage 6,Area 7,130
2022-09-18,12:00:00,Stage 6,Area 15,130
2022-09-18,12:00:00,Stage 6,Area 3,130
2022-09-18,12:00:00,Stage 6,Area 4,120
2022-09-18,12:00:00,Stage 6,Area 11,128
2022-09-18,12:00:00,Stage 6,Area 12,120
2022-09-18,14:00:00,Stage 6,Area 5,120
2022-09-18,14:00:00,Stage 6,Area 8,135
2022-09-18,14:00:00,Stage 6,Area 13,120
2022-09-18,14:00:00,Stage 6,Area 16,135
2022-09-18,14:00:00,Stage 6,Area 4,130
2022-09-18,14:00:00,Stage 6,Area 12,135
2022-09-18,16:00:00,Stage 6,Area 5,131
2022-09-18,16:00:00,Stage 6,Area 6,120
2022-09-18,16:00:00,Stage 6,Area 13,125
2022-09-18,16:00:00,Stage 6,Area 14,120
2022-09-18,16:00:00,Stage 6,Area 1,130
2022-09-18,16:00:00,Stage 6,Area 9,125
2022-09-18,18:00:00,Stage 6,Area 6,122
2022-09-18,18:00:00,Stage 6,Area 7,120
2022-09-18,18:00:00,Stage 6,Area 14,123
2022-09-18,18:00:00,Stage 6,Area 15,120
2022-09-18,18:00:00,Stage 6,Area 2,124
2022-09-18,18:00:00,Stage 6,Area 10,134
2022-09-18,20:00:00,Stage 6,Area 7,121
2022-09-18,20:00:00,Stage 6,Area 8,120
2022-09-18,20:00:00,Stage 6,Area 15,127
2022-09-18,20:00:00,Stage 6,Area 16,120
2022-09-18,20:00:00,Stage 6,Area 3,121
2022-09-18,20:00:00,Stage 6,Area 11,133
2022-09-18,22:00:00,Stage 6,Area 8,126
2022-09-18,22:00:00,Stage 6,Area 16,121
2022-09-18,22:00:00,Stage 6,Area 1,120
2022-09-18,22:00:00,Stage 6,Area 4,121
2022-09-18,22:00:00,Stage 6,Area 9,126
2022-09-18,22:00:00,Stage 6,Area 12,126
2022-09-19,00:00:00,Stage 6,Area 5,121
2022-09-19,00:00:00,Stage 6,Area 13,138
2022-09-19,00:00:00,Stage 6,Area 1,121
2022-09-19,00:00:00,Stage 6,Area 2,120
2022-09-19,00:00:00,Stage 6,Area 9,129
2022-09-19,00:00:00,Stage 6,Area 10,120
2022-09-19,02:00:00,Stage 6,Area 6,123
2022-09-19,02:00:00,Stage 6,Area 14,126
2022-09-19,02:00:00,Stage 6,Area 2,124
2022-09-19,02:00:00,Stage 6,Area 3,121
2022-09-19,02:00:00,Stage 6,Area 10,146
2022-09-19,02:00:00,Stage 6,Area 11,120
2022-09-19,04:00:00,Stage 6,Area 3,120
2022-09-19,04:00:00,Stage 6,Area 7,108
2022-09-19,04:00:00,Stage 6,Area 15,126
2022-09-19,04:00:00,Stage 6,Area 4,120
2022-09-19,04:00:00,Stage 6,Area 11,133
2022-09-19,04:00:00,Stage 6,Area 12,120
2022-09-19,06:00:00,Stage 4,Area 8,120
2022-09-19,06:00:00,Stage 4,Area 16,120
2022-09-19,06:00:00,Stage 4,Area 4,120
2022-09-19,06:00:00,Stage 4,Area 12,120
2022-09-19,08:00:00,Stage 4,Area 5,120
2022-09-19,08:00:00,Stage 4,Area 13,120
2022-09-19,08:00:00,Stage 4,Area 1,120
2022-09-19,08:00:00,Stage 4,Area 9,120
2022-09-19,10:00:00,Stage 4,Area 6,120
2022-09-19,10:00:00,Stage 4,Area 14,120
2022-09-19,10:00:00,Stage 4,Area 2,120
2022-09-19,10:00:00,Stage 4,Area 10,120
2022-09-19,12:00:00,Stage 4,Area 7,120
2022-09-19,12:00:00,Stage 4,Area 15,120
2022-09-19,12:00:00,Stage 4,Area 3,120
2022-09-19,12:00:00,Stage 4,Area 11,120
2022-09-19,14:00:00,Stage 4,Area 8,120
2022-09-19,14:00:00,Stage 4,Area 16,120
2022-09-19,14:00:00,Stage 4,Area 4,120
2022-09-19,14:00:00,Stage 4,Area 12,120
2022-09-19,16:00:00,Stage 4,Area 5,120
2022-09-19,16:00:00,Stage 4,Area 13,120
2022-09-19,16:00:00,Stage 4,Area 1,120
2022-09-19,16:00:00,Stage 4,Area 9,120
2022-09-19,18:00:00,Stage 4,Area 6,123
2022-09-19,18:00:00,Stage 4,Area 14,126
2022-09-19,18:00:00,Stage 4,Area 2,124
2022-09-19,18:00:00,Stage 4,Area 10,132
2022-09-19,20:00:00,Stage 5,Area 7,125
2022-09-19,20:00:00,Stage 5,Area 15,121
2022-09-19,20:00:00,Stage 5,Area 3,130
2022-09-19,20:00:00,Stage 5,Area 4,120
2022-09-19,20:00:00,Stage 5,Area 11,124
2022-09-19,22:00:00,Stage 5,Area 5,120
2022-09-19,22:00:00,Stage 5,Area 8,129
2022-09-19,22:00:00,Stage 5,Area 16,121
2022-09-19,22:00:00,Stage 5,Area 4,120
2022-09-19,22:00:00,Stage 5,Area 12,132
2022-09-20,00:00:00,Stage 5,Area 5,120
2022-09-20,00:00:00,Stage 5,Area 6,120
2022-09-20,00:00:00,Stage 5,Area 13,120
2022-09-20,00:00:00,Stage 5,Area 1,120
2022-09-20,00:00:00,Stage 5,Area 9,120
2022-09-20,02:00:00,Stage 5,Area 6,131
2022-09-20,02:00:00,Stage 5,Area 7,120
2022-09-20,02:00:00,Stage 5,Area 14,122
2022-09-20,02:00:00,Stage 5,Area 2,124
2022-09-20,02:00:00,Stage 5,Area 10,140
2022-09-20,04:00:00,Stage 5,Area 7,125
2022-09-20,04:00:00,Stage 5,Area 8,71
2022-09-20,04:00:00,Stage 5,Area 15,129
2022-09-20,04:00:00,Stage 5,Area 3,127
2022-09-20,04:00:00,Stage 5,Area 11,69
2022-09-20,06:00:00,Stage 3,Area 8,130
2022-09-20,06:00:00,Stage 3,Area 16,130
2022-09-20,06:00:00,Stage 3,Area 4,130
2022-09-20,08:00:00,Stage 3,Area 5,135
2022-09-20,08:00:00,Stage 3,Area 1,132
2022-09-20,08:00:00,Stage 3,Area 9,127
2022-09-20,10:00:00,Stage 3,Area 6,120
2022-09-20,10:00:00,Stage 3,Area 2,120
2022-09-20,10:00:00,Stage 3,Area 10,136
2022-09-20,12:00:00,Stage 3,Area 7,120
2022-09-20,12:00:00,Stage 3,Area 3,129
2022-09-20,12:00:00,Stage 3,Area 11,120
2022-09-20,14:00:00,Stage 3,Area 8,120
2022-09-20,14:00:00,Stage 3,Area 4,120
2022-09-20,14:00:00,Stage 3,Area 12,120
2022-09-20,16:00:00,Stage 3,Area 5,120
2022-09-20,16:00:00,Stage 3,Area 13,138
2022-09-20,16:00:00,Stage 3,Area 9,120
2022-09-20,18:00:00,Stage 3,Area 6,126
2022-09-20,18:00:00,Stage 3,Area 14,120
2022-09-20,18:00:00,Stage 3,Area 10,120
2022-09-20,20:00:00,Stage 4,Area 7,124
2022-09-20,20:00:00,Stage 4,Area 15,122
2022-09-20,20:00:00,Stage 4,Area 3,120
2022-09-20,20:00:00,Stage 4,Area 11,120
2022-09-20,22:00:00,Stage 5,Area 8,120
2022-09-20,22:00:00,Stage 5,Area 16,120
2022-09-20,22:00:00,Stage 5,Area 1,120
2022-09-20,22:00:00,Stage 5,Area 4,120
2022-09-20,22:00:00,Stage 5,Area 12,120
2022-09-21,00:00:00,Stage 5,Area 6,120
2022-09-21,00:00:00,Stage 5,Area 14,120
2022-09-21,00:00:00,Stage 5,Area 2,120
2022-09-21,00:00:00,Stage 5,Area 3,120
2022-09-21,00:00:00,Stage 5,Area 10,120
2022-09-21,02:00:00,Stage 5,Area 7,120
2022-09-21,02:00:00,Stage 5,Area 15,120
2022-09-21,02:00:00,Stage 5,Area 3,120
2022-09-21,02:00:00,Stage 5,Area 4,120
2022-09-21,02:00:00,Stage 5,Area 11,120
2022-09-21,04:00:00,Stage 5,Area 5,60
2022-09-21,04:00:00,Stage 5,Area 4,60
2022-09-21,04:00:00,Stage 5,Area 8,60
2022-09-21,04:00:00,Stage 5,Area 16,120
2022-09-21,04:00:00,Stage 5,Area 12,120
2022-09-21,06:00:00,Stage 3,Area 5,130
2022-09-21,06:00:00,Stage 3,Area 13,125
2022-09-21,06:00:00,Stage 3,Area 1,125
2022-09-21,08:00:00,Stage 3,Area 6,150
2022-09-21,08:00:00,Stage 3,Area 14,135
2022-09-21,08:00:00,Stage 3,Area 2,120
2022-09-21,10:00:00,Stage 3,Area 7,135
2022-09-21,10:00:00,Stage 3,Area 15,135
2022-09-21,10:00:00,Stage 3,Area 3,135
2022-09-21,12:00:00,Stage 3,Area 8,130
2022-09-21,12:00:00,Stage 3,Area 16,130
2022-09-21,12:00:00,Stage 3,Area 4,125
2022-09-21,14:00:00,Stage 3,Area 5,130
2022-09-21,14:00:00,Stage 3,Area 1,130
2022-09-21,14:00:00,Stage 3,Area 9,135
2022-09-21,16:00:00,Stage 3,Area 6,134
2022-09-21,16:00:00,Stage 3,Area 2,120
2022-09-21,16:00:00,Stage 3,Area 10,135
2022-09-21,18:00:00,Stage 3,Area 7,120
2022-09-21,18:00:00,Stage 3,Area 3,122
2022-09-21,18:00:00,Stage 3,Area 11,127
2022-09-21,20:00:00,Stage 4,Area 8,128
2022-09-21,20:00:00,Stage 4,Area 16,120
2022-09-21,20:00:00,Stage 4,Area 4,128
2022-09-21,20:00:00,Stage 4,Area 12,125
2022-09-21,22:00:00,Stage 5,Area 5,120
2022-09-21,22:00:00,Stage 5,Area 13,120
2022-09-21,22:00:00,Stage 5,Area 14,120
2022-09-21,22:00:00,Stage 5,Area 1,120
2022-09-21,22:00:00,Stage 5,Area 9,120
2022-09-22,00:00:00,Stage 5,Area 6,120
2022-09-22,00:00:00,Stage 5,Area 14,120
2022-09-22,00:00:00,Stage 5,Area 15,120
2022-09-22,00:00:00,Stage 5,Area 2,120
2022-09-22,00:00:00,Stage 5,Area 10,120
2022-09-22,02:00:00,Stage 5,Area 7,120
2022-09-22,02:00:00,Stage 5,Area 15,120
2022-09-22,02:00:00,Stage 5,Area 16,120
2022-09-22,02:00:00,Stage 5,Area 3,120
2022-09-22,02:00:00,Stage 5,Area 11,120
2022-09-22,04:00:00,Stage 5,Area 8,120
2022-09-22,04:00:00,Stage 5,Area 16,120
2022-09-22,04:00:00,Stage 5,Area 1,60
2022-09-22,04:00:00,Stage 5,Area 4,60
2022-09-22,04:00:00,Stage 5,Area 12,120
2022-09-22,06:00:00,Stage 3,Area 13,130
2022-09-22,06:00:00,Stage 3,Area 1,130
2022-09-22,06:00:00,Stage 3,Area 9,130
2022-09-22,08:00:00,Stage 3,Area 14,135
2022-09-22,08:00:00,Stage 3,Area 2,128
2022-09-22,08:00:00,Stage 3,Area 10,135
2022-09-22,10:00:00,Stage 3,Area 15,125
2022-09-22,10:00:00,Stage 3,Area 3,130
2022-09-22,10:00:00,Stage 3,Area 11,130
2022-09-22,12:00:00,Stage 3,Area 16,135
2022-09-22,12:00:00,Stage 3,Area 4,140
2022-09-22,12:00:00,Stage 3,Area 12,125
2022-09-22,14:00:00,Stage 3,Area 5,150
2022-09-22,14:00:00,Stage 3,Area 13,120
2022-09-22,14:00:00,Stage 3,Area 1,120
2022-09-22,16:00:00,Stage 3,Area 6,120
2022-09-22,16:00:00,Stage 3,Area 14,140
2022-09-22,16:00:00,Stage 3,Area 2,140
2022-09-22,18:00:00,Stage 3,Area 7,120
2022-09-22,18:00:00,Stage 3,Area 15,120
2022-09-22,18:00:00,Stage 3,Area 3,120
2022-09-22,20:00:00,Stage 4,Area 8,120
2022-09-22,20:00:00,Stage 4,Area 16,120
2022-09-22,20:00:00,Stage 4,Area 4,120
2022-09-22,20:00:00,Stage 4,Area 12,120
2022-09-22,22:00:00,Stage 5,Area 5,120
2022-09-22,22:00:00,Stage 5,Area 13,120
2022-09-22,22:00:00,Stage 5,Area 1,120
2022-09-22,22:00:00,Stage 5,Area 9,120
2022-09-22,22:00:00,Stage 5,Area 10,120
2022-09-23,00:00:00,Stage 5,Area 6,120
2022-09-23,00:00:00,Stage 5,Area 14,120
2022-09-23,00:00:00,Stage 5,Area 2,120
2022-09-23,00:00:00,Stage 5,Area 10,120
2022-09-23,00:00:00,Stage 5,Area 11,120
2022-09-23,02:00:00,Stage 5,Area 7,120
2022-09-23,02:00:00,Stage 5,Area 15,120
2022-09-23,02:00:00,Stage 5,Area 3,120
2022-09-23,02:00:00,Stage 5,Area 11,154
2022-09-23,02:00:00,Stage 5,Area 12,120
2022-09-23,04:00:00,Stage 5,Area 8,120
2022-09-23,04:00:00,Stage 5,Area 13,60
2022-09-23,04:00:00,Stage 5,Area 16,72
2022-09-23,04:00:00,Stage 5,Area 4,120
2022-09-23,04:00:00,Stage 5,Area 12,120
2022-09-23,06:00:00,Stage 3,Area 5,120
2022-09-23,06:00:00,Stage 3,Area 13,130
2022-09-23,06:00:00,Stage 3,Area 9,120
2022-09-23,08:00:00,Stage 3,Area 6,120
2022-09-23,08:00:00,Stage 3,Area 14,120
2022-09-23,08:00:00,Stage 3,Area 10,120
2022-09-23,10:00:00,Stage 3,Area 7,120
2022-09-23,10:00:00,Stage 3,Area 15,120
2022-09-23,10:00:00,Stage 3,Area 11,120
2022-09-23,12:00:00,Stage 3,Area 8,120
2022-09-23,12:00:00,Stage 3,Area 16,120
2022-09-23,12:00:00,Stage 3,Area 12,120
2022-09-23,14:00:00,Stage 3,Area 13,120
2022-09-23,14:00:00,Stage 3,Area 1,128
2022-09-23,14:00:00,Stage 3,Area 9,120
2022-09-23,16:00:00,Stage 3,Area 14,127
2022-09-23,16:00:00,Stage 3,Area 2,125
2022-09-23,16:00:00,Stage 3,Area 10,130
2022-09-23,18:00:00,Stage 3,Area 15,125
2022-09-23,18:00:00,Stage 3,Area 3,124
2022-09-23,18:00:00,Stage 3,Area 11,129
2022-09-23,20:00:00,Stage 4,Area 8,135
2022-09-23,20:00:00,Stage 4,Area 16,135
2022-09-23,20:00:00,Stage 4,Area 4,135
2022-09-23,20:00:00,Stage 4,Area 12,135
2022-09-23,22:00:00,Stage 5,Area 5,120
2022-09-23,22:00:00,Stage 5,Area 6,120
2022-09-23,22:00:00,Stage 5,Area 13,120
2022-09-23,22:00:00,Stage 5,Area 1,120
2022-09-23,22:00:00,Stage 5,Area 9,120
2022-09-24,00:00:00,Stage 5,Area 6,135
2022-09-24,00:00:00,Stage 5,Area 7,120
2022-09-24,00:00:00,Stage 5,Area 14,135
2022-09-24,00:00:00,Stage 5,Area 2,135
2022-09-24,00:00:00,Stage 5,Area 10,135
2022-09-24,02:00:00,Stage 5,Area 7,135
2022-09-24,02:00:00,Stage 5,Area 8,120
2022-09-24,02:00:00,Stage 5,Area 15,135
2022-09-24,02:00:00,Stage 5,Area 3,135
2022-09-24,02:00:00,Stage 5,Area 11,135
2022-09-24,04:00:00,Stage 5,Area 8,125
2022-09-24,04:00:00,Stage 5,Area 16,125
2022-09-24,04:00:00,Stage 5,Area 4,75
2022-09-24,04:00:00,Stage 5,Area 9,75
2022-09-24,04:00:00,Stage 5,Area 12,75
2022-09-24,06:00:00,Stage 2,Area 1,123
2022-09-24,06:00:00,Stage 2,Area 9,120
2022-09-24,08:00:00,Stage 2,Area 2,120
2022-09-24,08:00:00,Stage 2,Area 10,122
2022-09-24,10:00:00,Stage 2,Area 3,124
2022-09-24,10:00:00,Stage 2,Area 11,121
2022-09-24,12:00:00,Stage 2,Area 4,123
2022-09-24,12:00:00,Stage 2,Area 12,120
2022-09-24,14:00:00,Stage 2,Area 5,127
2022-09-24,14:00:00,Stage 2,Area 13,120
2022-09-24,16:00:00,Stage 2,Area 6,136
2022-09-24,16:00:00,Stage 2,Area 14,123
2022-09-24,18:00:00,Stage 2,Area 7,130
2022-09-24,18:00:00,Stage 2,Area 15,130
2022-09-24,20:00:00,Stage 2,Area 8,130
2022-09-24,20:00:00,Stage 2,Area 16,130
2022-09-24,22:00:00,Stage 4,Area 5,120
2022-09-24,22:00:00,Stage 4,Area 13,120
2022-09-24,22:00:00,Stage 4,Area 1,120
2022-09-24,22:00:00,Stage 4,Area 9,120
2022-09-25,00:00:00,Stage 4,Area 7,130
2022-09-25,00:00:00,Stage 4,Area 15,130
2022-09-25,00:00:00,Stage 4,Area 3,130
2022-09-25,00:00:00,Stage 4,Area 11,130
2022-09-25,02:00:00,Stage 4,Area 8,130
2022-09-25,02:00:00,Stage 4,Area 16,130
2022-09-25,02:00:00,Stage 4,Area 4,130
2022-09-25,02:00:00,Stage 4,Area 12,130
2022-09-25,04:00:00,Stage 4,Area 5,130
2022-09-25,04:00:00,Stage 4,Area 13,130
2022-09-25,04:00:00,Stage 4,Area 1,130
2022-09-25,04:00:00,Stage 4,Area 9,130
2022-09-25,06:00:00,Stage 3,Area 6,120
2022-09-25,06:00:00,Stage 3,Area 14,120
2022-09-25,06:00:00,Stage 3,Area 2,120
2022-09-25,08:00:00,Stage 3,Area 7,125
2022-09-25,08:00:00,Stage 3,Area 15,120
2022-09-25,08:00:00,Stage 3,Area 3,120
2022-09-25,10:00:00,Stage 3,Area 8,120
2022-09-25,10:00:00,Stage 3,Area 16,124
2022-09-25,10:00:00,Stage 3,Area 4,120
2022-09-25,12:00:00,Stage 3,Area 5,122
2022-09-25,12:00:00,Stage 3,Area 1,120
2022-09-25,12:00:00,Stage 3,Area 9,127
2022-09-25,14:00:00,Stage 3,Area 6,125
2022-09-25,14:00:00,Stage 3,Area 2,120
2022-09-25,14:00:00,Stage 3,Area 10,126
2022-09-25,16:00:00,Stage 3,Area 7,120
2022-09-25,16:00:00,Stage 3,Area 3,125
2022-09-25,16:00:00,Stage 3,Area 11,127
2022-09-25,18:00:00,Stage 3,Area 8,130
2022-09-25,18:00:00,Stage 3,Area 4,130
2022-09-25,18:00:00,Stage 3,Area 12,130
2022-09-25,20:00:00,Stage 3,Area 5,140
2022-09-25,20:00:00,Stage 3,Area 13,130
2022-09-25,20:00:00,Stage 3,Area 9,130
2022-09-25,22:00:00,Stage 3,Area 6,130
2022-09-25,22:00:00,Stage 3,Area 14,120
2022-09-25,22:00:00,Stage 3,Area 10,120
2022-09-26,00:00:00,Stage 3,Area 7,125
2022-09-26,00:00:00,Stage 3,Area 15,125
2022-09-26,00:00:00,Stage 3,Area 11,125
2022-09-26,02:00:00,Stage 3,Area 8,130
2022-09-26,02:00:00,Stage 3,Area 16,130
2022-09-26,02:00:00,Stage 3,Area 12,130
2022-09-26,04:00:00,Stage 3,Area 13,65
2022-09-26,04:00:00,Stage 3,Area 1,130
2022-09-26,04:00:00,Stage 3,Area 9,70
2022-09-26,06:00:00,Stage 1,Area 2,120
2022-09-26,08:00:00,Stage 1,Area 3,120
2022-09-26,10:00:00,Stage 1,Area 4,120
2022-09-26,12:00:00,Stage 1,Area 5,120
2022-09-26,14:00:00,Stage 1,Area 6,120
2022-09-26,16:00:00,Stage 3,Area 7,135
2022-09-26,16:00:00,Stage 3,Area 15,135
2022-09-26,16:00:00,Stage 3,Area 3,133
2022-09-26,18:00:00,Stage 3,Area 8,130
2022-09-26,18:00:00,Stage 3,Area 16,130
2022-09-26,18:00:00,Stage 3,Area 4,130
2022-09-26,20:00:00,Stage 3,Area 5,130
2022-09-26,20:00:00,Stage 3,Area 1,130
2022-09-26,20:00:00,Stage 3,Area 9,130
2022-09-26,22:00:00,Stage 3,Area 6,130
2022-09-26,22:00:00,Stage 3,Area 2,120
2022-09-26,22:00:00,Stage 3,Area 10,130
2022-09-27,00:00:00,Stage 3,Area 7,130
2022-09-27,00:00:00,Stage 3,Area 3,130
2022-09-27,00:00:00,Stage 3,Area 11,130
2022-09-27,02:00:00,Stage 3,Area 8,130
2022-09-27,02:00:00,Stage 3,Area 4,130
2022-09-27,02:00:00,Stage 3,Area 12,130
2022-09-27,04:00:00,Stage 3,Area 5,70
2022-09-27,04:00:00,Stage 3,Area 13,130
2022-09-27,04:00:00,Stage 3,Area 9,70
2022-09-27,06:00:00,Stage 1,Area 14,120
2022-09-27,08:00:00,Stage 1,Area 15,124
2022-09-27,10:00:00,Stage 1,Area 16,128
2022-09-27,12:00:00,Stage 1,Area 1,120
2022-09-27,14:00:00,Stage 1,Area 2,120
2022-09-27,16:00:00,Stage 3,Area 15,120
2022-09-27,16:00:00,Stage 3,Area 3,120
2022-09-27,16:00:00,Stage 3,Area 11,120
2022-09-27,18:00:00,Stage 3,Area 16,121
2022-09-27,18:00:00,Stage 3,Area 4,122
2022-09-27,18:00:00,Stage 3,Area 12,125
2022-09-27,20:00:00,Stage 3,Area 5,122
2022-09-27,20:00:00,Stage 3,Area 13,128
2022-09-27,20:00:00,Stage 3,Area 1,129
2022-09-27,22:00:00,Stage 3,Area 6,122
2022-09-27,22:00:00,Stage 3,Area 14,120
2022-09-27,22:00:00,Stage 3,Area 2,120
2022-09-28,00:00:00,Stage 3,Area 7,122
2022-09-28,00:00:00,Stage 3,Area 15,125
2022-09-28,00:00:00,Stage 3,Area 3,124
2022-09-28,02:00:00,Stage 3,Area 8,125
2022-09-28,02:00:00,Stage 3,Area 16,125
2022-09-28,02:00:00,Stage 3,Area 4,124
2022-09-28,04:00:00,Stage 3,Area 5,130
2022-09-28,04:00:00,Stage 3,Area 1,120
2022-09-28,04:00:00,Stage 3,Area 9,130
2022-09-28,06:00:00,Stage 1,Area 10,125
2022-09-28,08:00:00,Stage 1,Area 11,120
2022-09-28,10:00:00,Stage 1,Area 12,123
2022-09-28,12:00:00,Stage 1,Area 13,120
2022-09-28,14:00:00,Stage 1,Area 14,120
2022-09-28,16:00:00,Stage 2,Area 7,120
2022-09-28,16:00:00,Stage 2,Area 15,120
2022-09-28,18:00:00,Stage 2,Area 8,126
2022-09-28,18:00:00,Stage 2,Area 16,121
2022-09-28,20:00:00,Stage 2,Area 1,123
2022-09-28,20:00:00,Stage 2,Area 9,121
2022-09-28,22:00:00,Stage 2,Area 2,120
2022-09-28,22:00:00,Stage 2,Area 10,122
2022-09-29,00:00:00,Stage 4,Area 8,126
2022-09-29,00:00:00,Stage 4,Area 16,121
2022-09-29,00:00:00,Stage 4,Area 4,122
2022-09-29,00:00:00,Stage 4,Area 12,124
2022-09-29,02:00:00,Stage 4,Area 5,122
2022-09-29,02:00:00,Stage 4,Area 13,127
2022-09-29,02:00:00,Stage 4,Area 1,120
2022-09-29,02:00:00,Stage 4,Area 9,124
2022-09-29,04:00:00,Stage 4,Area 6,122
2022-09-29,04:00:00,Stage 4,Area 14,122
2022-09-29,04:00:00,Stage 4,Area 2,124
2022-09-29,04:00:00,Stage 4,Area 10,130
2022-09-29,06:00:00,Stage 2,Area 7,130
2022-09-29,06:00:00,Stage 2,Area 15,130
2022-09-29,08:00:00,Stage 2,Area 8,136
2022-09-29,08:00:00,Stage 2,Area 16,124
2022-09-29,10:00:00,Stage 2,Area 1,122
2022-09-29,10:00:00,Stage 2,Area 9,120
2022-09-29,12:00:00,Stage 2,Area 2,120
2022-09-29,12:00:00,Stage 2,Area 10,120
2022-09-29,14:00:00,Stage 2,Area 3,120
2022-09-29,14:00:00,Stage 2,Area 11,120
2022-09-29,16:00:00,Stage 2,Area 4,120
2022-09-29,16:00:00,Stage 2,Area 12,120
2022-09-29,18:00:00,Stage 2,Area 5,122
2022-09-29,18:00:00,Stage 2,Area 13,125
2022-09-29,20:00:00,Stage 2,Area 6,120
2022-09-29,20:00:00,Stage 2,Area 14,120
2022-09-29,22:00:00,Stage 2,Area 7,120
2022-09-29,22:00:00,Stage 2,Area 15,120
2022-09-30,00:00:00,Stage 4,Area 8,120
2022-09-30,00:00:00,Stage 4,Area 16,120
2022-09-30,00:00:00,Stage 4,Area 4,120
2022-09-30,00:00:00,Stage 4,Area 12,120
2022-09-30,02:00:00,Stage 4,Area 5,120
2022-09-30,02:00:00,Stage 4,Area 13,120
2022-09-30,02:00:00,Stage 4,Area 1,120
2022-09-30,02:00:00,Stage 4,Area 9,120
2022-09-30,04:00:00,Stage 4,Area 6,120
2022-09-30,04:00:00,Stage 4,Area 14,120
2022-09-30,04:00:00,Stage 4,Area 2,120
2022-09-30,04:00:00,Stage 4,Area 10,120
2022-09-30,06:00:00,Stage 2,Area 3,120
2022-09-30,06:00:00,Stage 2,Area 11,120
2022-09-30,08:00:00,Stage 2,Area 4,130
2022-09-30,08:00:00,Stage 2,Area 12,130
2022-09-30,10:00:00,Stage 2,Area 5,130
2022-09-30,10:00:00,Stage 2,Area 13,130
2022-09-30,12:00:00,Stage 2,Area 6,140
2022-09-30,12:00:00,Stage 2,Area 14,132
2022-09-30,14:00:00,Stage 2,Area 7,133
2022-09-30,14:00:00,Stage 2,Area 15,137
2022-09-30,16:00:00,Stage 2,Area 8,126
2022-09-30,16:00:00,Stage 2,Area 16,130
2022-09-30,18:00:00,Stage 2,Area 1,120
2022-09-30,18:00:00,Stage 2,Area 9,120
2022-09-30,20:00:00,Stage 2,Area 2,120
2022-09-30,20:00:00,Stage 2,Area 10,120
2022-09-30,22:00:00,Stage 4,Area 7,120
2022-09-30,22:00:00,Stage 4,Area 15,120
2022-09-30,22:00:00,Stage 4,Area 3,120
2022-09-30,22:00:00,Stage 4,Area 11,120
2022-10-01,00:00:00,Stage 4,Area 5,120
2022-10-01,00:00:00,Stage 4,Area 13,120
2022-10-01,00:00:00,Stage 4,Area 1,120
2022-10-01,00:00:00,Stage 4,Area 9,120
2022-10-01,02:00:00,Stage 4,Area 6,120
2022-10-01,02:00:00,Stage 4,Area 14,120
2022-10-01,02:00:00,Stage 4,Area 2,120
2022-10-01,02:00:00,Stage 4,Area 10,120
2022-10-01,04:00:00,Stage 4,Area 7,60
2022-10-01,04:00:00,Stage 4,Area 15,60
2022-10-01,04:00:00,Stage 4,Area 3,120
2022-10-01,04:00:00,Stage 4,Area 11,60
2022-10-01,06:00:00,Stage 1,Area 4,130
2022-10-01,08:00:00,Stage 1,Area 5,125
2022-10-01,10:00:00,Stage 1,Area 6,120
2022-10-01,12:00:00,Stage 2,Area 7,131
2022-10-01,12:00:00,Stage 2,Area 15,134
2022-10-01,14:00:00,Stage 2,Area 8,131
2022-10-01,14:00:00,Stage 2,Area 16,133
2022-10-01,16:00:00,Stage 2,Area 1,131
2022-10-01,16:00:00,Stage 2,Area 9,127
2022-10-01,18:00:00,Stage 2,Area 2,122
2022-10-01,18:00:00,Stage 2,Area 10,123
2022-10-01,20:00:00,Stage 2,Area 3,120
2022-10-01,20:00:00,Stage 2,Area 11,120
2022-10-01,22:00:00,Stage 3,Area 8,120
2022-10-01,22:00:00,Stage 3,Area 4,120
2022-10-01,22:00:00,Stage 3,Area 12,120
2022-10-02,00:00:00,Stage 3,Area 5,120
2022-10-02,00:00:00,Stage 3,Area 13,120
2022-10-02,00:00:00,Stage 3,Area 9,120
2022-10-02,02:00:00,Stage 3,Area 6,120
2022-10-02,02:00:00,Stage 3,Area 14,120
2022-10-02,02:00:00,Stage 3,Area 10,120
2022-10-02,04:00:00,Stage 3,Area 7,120
2022-10-02,04:00:00,Stage 3,Area 15,120
2022-10-02,04:00:00,Stage 3,Area 11,120
2022-10-02,06:00:00,Stage 3,Area 8,150
2022-10-02,06:00:00,Stage 3,Area 16,150
2022-10-02,06:00:00,Stage 3,Area 12,150
2022-10-02,08:00:00,Stage 3,Area 13,130
2022-10-02,08:00:00,Stage 3,Area 1,129
2022-10-02,08:00:00,Stage 3,Area 9,130
2022-10-02,10:00:00,Stage 3,Area 14,130
2022-10-02,10:00:00,Stage 3,Area 2,130
2022-10-02,10:00:00,Stage 3,Area 10,130
2022-10-02,12:00:00,Stage 3,Area 15,130
2022-10-02,12:00:00,Stage 3,Area 3,130
2022-10-02,12:00:00,Stage 3,Area 11,130
2022-10-02,14:00:00,Stage 3,Area 16,130
2022-10-02,14:00:00,Stage 3,Area 4,130
2022-10-02,14:00:00,Stage 3,Area 12,130
2022-10-02,16:00:00,Stage 3,Area 5,130
2022-10-02,16:00:00,Stage 3,Area 13,140
2022-10-02,16:00:00,Stage 3,Area 1,130
2022-10-02,18:00:00,Stage 3,Area 6,120
2022-10-02,18:00:00,Stage 3,Area 14,120
2022-10-02,18:00:00,Stage 3,Area 2,120
2022-10-02,20:00:00,Stage 3,Area 7,120
2022-10-02,20:00:00,Stage 3,Area 15,120
2022-10-02,20:00:00,Stage 3,Area 3,120
2022-10-02,22:00:00,Stage 3,Area 8,120
2022-10-02,22:00:00,Stage 3,Area 16,120
2022-10-02,22:00:00,Stage 3,Area 4,120
2022-10-03,00:00:00,Stage 3,Area 5,120
2022-10-03,00:00:00,Stage 3,Area 1,120
2022-10-03,00:00:00,Stage 3,Area 9,120
2022-10-03,02:00:00,Stage 3,Area 6,120
2022-10-03,02:00:00,Stage 3,Area 2,120
2022-10-03,02:00:00,Stage 3,Area 10,120
2022-10-03,04:00:00,Stage 3,Area 7,120
2022-10-03,04:00:00,Stage 3,Area 3,120
2022-10-03,04:00:00,Stage 3,Area 11,120
2022-10-03,06:00:00,Stage 1,Area 12,130
2022-10-03,08:00:00,Stage 1,Area 13,120
2022-10-03,10:00:00,Stage 1,Area 14,134
2022-10-03,12:00:00,Stage 1,Area 15,120
2022-10-03,14:00:00,Stage 2,Area 8,120
2022-10-03,14:00:00,Stage 2,Area 16,120
2022-10-03,16:00:00,Stage 2,Area 1,120
2022-10-03,16:00:00,Stage 2,Area 9,120
2022-10-03,18:00:00,Stage 2,Area 2,125
2022-10-03,18:00:00,Stage 2,Area 10,120
2022-10-03,20:00:00,Stage 2,Area 3,120
2022-10-03,20:00:00,Stage 2,Area 11,120
2022-10-03,22:00:00,Stage 3,Area 16,120
2022-10-03,22:00:00,Stage 3,Area 4,120
2022-10-03,22:00:00,Stage 3,Area 12,120
2022-10-04,00:00:00,Stage 3,Area 5,128
2022-10-04,00:00:00,Stage 3,Area 13,120
2022-10-04,00:00:00,Stage 3,Area 1,120
2022-10-04,02:00:00,Stage 3,Area 6,129
2022-10-04,02:00:00,Stage 3,Area 14,120
2022-10-04,02:00:00,Stage 3,Area 2,120
2022-10-04,04:00:00,Stage 3,Area 7,120
2022-10-04,04:00:00,Stage 3,Area 15,120
2022-10-04,04:00:00,Stage 3,Area 3,120
2022-10-04,06:00:00,Stage 1,Area 8,123
2022-10-04,08:00:00,Stage 1,Area 9,127
2022-10-04,10:00:00,Stage 1,Area 10,125
2022-10-04,12:00:00,Stage 1,Area 11,125
2022-10-04,14:00:00,Stage 2,Area 4,123
2022-10-04,14:00:00,Stage 2,Area 12,123
2022-10-04,16:00:00,Stage 2,Area 5,120
2022-10-04,16:00:00,Stage 2,Area 13,120
2022-10-04,18:00:00,Stage 3,Area 6,130
2022-10-04,18:00:00,Stage 3,Area 14,130
2022-10-04,18:00:00,Stage 3,Area 10,130
2022-10-04,20:00:00,Stage 3,Area 7,125
2022-10-04,20:00:00,Stage 3,Area 15,125
2022-10-04,20:00:00,Stage 3,Area 11,125
2022-10-04,22:00:00,Stage 4,Area 8,125
2022-10-04,22:00:00,Stage 4,Area 16,125
2022-10-04,22:00:00,Stage 4,Area 4,125
2022-10-04,22:00:00,Stage 4,Area 12,125
2022-10-05,00:00:00,Stage 4,Area 6,130
2022-10-05,00:00:00,Stage 4,Area 14,130
2022-10-05,00:00:00,Stage 4,Area 2,130
2022-10-05,00:00:00,Stage 4,Area 10,130
2022-10-05,02:00:00,Stage 4,Area 7,130
2022-10-05,02:00:00,Stage 4,Area 15,130
2022-10-05,02:00:00,Stage 4,Area 3,130
2022-10-05,02:00:00,Stage 4,Area 11,130
2022-10-05,04:00:00,Stage 4,Area 8,130
2022-10-05,04:00:00,Stage 4,Area 16,130
2022-10-05,04:00:00,Stage 4,Area 4,130
2022-10-05,04:00:00,Stage 4,Area 12,130
2022-10-05,06:00:00,Stage 2,Area 5,132
2022-10-05,06:00:00,Stage 2,Area 13,122
2022-10-05,08:00:00,Stage 2,Area 6,130
2022-10-05,08:00:00,Stage 2,Area 14,129
2022-10-05,10:00:00,Stage 2,Area 7,131
2022-10-05,10:00:00,Stage 2,Area 15,135
2022-10-05,12:00:00,Stage 2,Area 8,120
2022-10-05,12:00:00,Stage 2,Area 16,127
2022-10-05,14:00:00,Stage 3,Area 5,120
2022-10-05,14:00:00,Stage 3,Area 1,120
2022-10-05,14:00:00,Stage 3,Area 9,120
2022-10-05,16:00:00,Stage 3,Area 6,120
2022-10-05,16:00:00,Stage 3,Area 2,120
2022-10-05,16:00:00,Stage 3,Area 10,120
2022-10-05,18:00:00,Stage 3,Area 7,130
2022-10-05,18:00:00,Stage 3,Area 3,120
2022-10-05,18:00:00,Stage 3,Area 11,130
2022-10-05,20:00:00,Stage 3,Area 8,125
2022-10-05,20:00:00,Stage 3,Area 4,125
2022-10-05,20:00:00,Stage 3,Area 12,125
2022-10-05,22:00:00,Stage 4,Area 5,125
2022-10-05,22:00:00,Stage 4,Area 13,125
2022-10-05,22:00:00,Stage 4,Area 1,125
2022-10-05,22:00:00,Stage 4,Area 9,125
2022-10-06,00:00:00,Stage 4,Area 6,130
2022-10-06,00:00:00,Stage 4,Area 14,130
2022-10-06,00:00:00,Stage 4,Area 2,130
2022-10-06,00:00:00,Stage 4,Area 10,130
2022-10-06,02:00:00,Stage 4,Area 7,130
2022-10-06,02:00:00,Stage 4,Area 15,130
2022-10-06,02:00:00,Stage 4,Area 3,130
2022-10-06,02:00:00,Stage 4,Area 11,130
2022-10-06,04:00:00,Stage 4,Area 8,135
2022-10-06,04:00:00,Stage 4,Area 16,130
2022-10-06,04:00:00,Stage 4,Area 4,65
2022-10-06,04:00:00,Stage 4,Area 12,130
2022-10-06,06:00:00,Stage 1,Area 1,131
2022-10-06,08:00:00,Stage 1,Area 2,132
2022-10-06,10:00:00,Stage 1,Area 3,125
2022-10-06,12:00:00,Stage 1,Area 4,127
2022-10-06,14:00:00,Stage 2,Area 5,120
2022-10-06,14:00:00,Stage 2,Area 13,120
2022-10-06,16:00:00,Stage 2,Area 6,120
2022-10-06,16:00:00,Stage 2,Area 14,120
2022-10-06,18:00:00,Stage 2,Area 7,125
2022-10-06,18:00:00,Stage 2,Area 15,130
2022-10-06,20:00:00,Stage 2,Area 8,130
2022-10-06,20:00:00,Stage 2,Area 16,130
2022-10-06,22:00:00,Stage 3,Area 5,125
2022-10-06,22:00:00,Stage 3,Area 1,125
2022-10-06,22:00:00,Stage 3,Area 9,125
2022-10-07,00:00:00,Stage 3,Area 6,130
2022-10-07,00:00:00,Stage 3,Area 2,130
2022-10-07,00:00:00,Stage 3,Area 10,130
2022-10-07,02:00:00,Stage 3,Area 7,125
2022-10-07,02:00:00,Stage 3,Area 3,125
2022-10-07,02:00:00,Stage 3,Area 11,125
2022-10-07,04:00:00,Stage 3,Area 8,130
2022-10-07,04:00:00,Stage 3,Area 4,130
2022-10-07,04:00:00,Stage 3,Area 12,130
2022-10-07,06:00:00,Stage 1,Area 13,120
2022-10-07,08:00:00,Stage 1,Area 14,125
2022-10-07,10:00:00,Stage 1,Area 15,120
2022-10-07,12:00:00,Stage 1,Area 16,120
2022-10-07,14:00:00,Stage 2,Area 1,120
2022-10-07,14:00:00,Stage 2,Area 9,120
2022-10-07,16:00:00,Stage 2,Area 2,120
2022-10-07,16:00:00,Stage 2,Area 10,120
2022-10-07,18:00:00,Stage 2,Area 3,124
2022-10-07,18:00:00,Stage 2,Area 11,122
2022-10-07,20:00:00,Stage 2,Area 4,127
2022-10-07,20:00:00,Stage 2,Area 12,128
2022-10-07,22:00:00,Stage 3,Area 5,129
2022-10-07,22:00:00,Stage 3,Area 13,132
2022-10-07,22:00:00,Stage 3,Area 1,128
2022-10-08,00:00:00,Stage 3,Area 6,135
2022-10-08,00:00:00,Stage 3,Area 14,137
2022-10-08,00:00:00,Stage 3,Area 2,132
2022-10-08,02:00:00,Stage 3,Area 7,131
2022-10-08,02:00:00,Stage 3,Area 15,130
2022-10-08,02:00:00,Stage 3,Area 3,128
2022-10-08,04:00:00,Stage 3,Area 8,47
2022-10-08,04:00:00,Stage 3,Area 16,45
2022-10-08,04:00:00,Stage 3,Area 4,50
2022-10-15,22:00:00,Stage 2,Area 7,120
2022-10-15,22:00:00,Stage 2,Area 15,120
2022-10-16,00:00:00,Stage 2,Area 8,120
2022-10-16,00:00:00,Stage 2,Area 16,120
2022-10-16,02:00:00,Stage 2,Area 1,120
2022-10-16,02:00:00,Stage 2,Area 9,120
2022-10-16,04:00:00,Stage 2,Area 2,120
2022-10-16,04:00:00,Stage 2,Area 10,120
2022-10-16,14:00:00,Stage 2,Area 7,120
2022-10-16,14:00:00,Stage 2,Area 15,120
2022-10-16,16:00:00,Stage 2,Area 8,120
2022-10-16,16:00:00,Stage 2,Area 16,120
2022-10-16,18:00:00,Stage 2,Area 1,120
2022-10-16,18:00:00,Stage 2,Area 9,120
2022-10-16,20:00:00,Stage 2,Area 2,120
2022-10-16,20:00:00,Stage 2,Area 10,120
2022-10-16,22:00:00,Stage 2,Area 3,120
2022-10-16,22:00:00,Stage 2,Area 11,90
2022-10-18,06:00:00,Stage 2,Area 8,120
2022-10-18,06:00:00,Stage 2,Area 16,120
2022-10-18,08:00:00,Stage 2,Area 1,120
2022-10-18,08:00:00,Stage 2,Area 9,120
2022-10-18,10:00:00,Stage 2,Area 2,120
2022-10-18,10:00:00,Stage 2,Area 10,120
2022-10-18,12:00:00,Stage 2,Area 3,125
2022-10-18,12:00:00,Stage 2,Area 11,125
2022-10-18,14:00:00,Stage 2,Area 4,125
2022-10-18,14:00:00,Stage 2,Area 12,125
2022-10-18,16:00:00,Stage 3,Area 5,151
2022-10-18,16:00:00,Stage 3,Area 13,135
2022-10-18,16:00:00,Stage 3,Area 1,129
2022-10-18,18:00:00,Stage 3,Area 6,139
2022-10-18,18:00:00,Stage 3,Area 14,138
2022-10-18,18:00:00,Stage 3,Area 2,136
2022-10-18,20:00:00,Stage 3,Area 7,137
2022-10-18,20:00:00,Stage 3,Area 15,134
2022-10-18,20:00:00,Stage 3,Area 3,136
2022-10-18,22:00:00,Stage 4,Area 8,131
2022-10-18,22:00:00,Stage 4,Area 16,130
2022-10-18,22:00:00,Stage 4,Area 4,135
2022-10-18,22:00:00,Stage 4,Area 12,138
2022-10-19,00:00:00,Stage 2,Area 1,124
2022-10-19,00:00:00,Stage 2,Area 9,125
2022-10-19,02:00:00,Stage 2,Area 2,163
2022-10-19,02:00:00,Stage 2,Area 10,124
2022-10-19,04:00:00,Stage 2,Area 3,60
2022-10-19,04:00:00,Stage 2,Area 11,63
2022-10-19,16:00:00,Stage 1,Area 1,125
2022-10-19,18:00:00,Stage 1,Area 2,130
2022-10-19,20:00:00,Stage 1,Area 3,128
2022-10-19,22:00:00,Stage 3,Area 16,131
2022-10-19,22:00:00,Stage 3,Area 4,133
2022-10-19,22:00:00,Stage 3,Area 12,132
2022-10-20,00:00:00,Stage 3,Area 5,130
2022-10-20,00:00:00,Stage 3,Area 13,132
2022-10-20,00:00:00,Stage 3,Area 1,135
2022-10-20,02:00:00,Stage 3,Area 6,135
2022-10-20,02:00:00,Stage 3,Area 14,135
2022-10-20,02:00:00,Stage 3,Area 2,130
2022-10-20,04:00:00,Stage 3,Area 7,125
2022-10-20,04:00:00,Stage 3,Area 15,123
2022-10-20,04:00:00,Stage 3,Area 3,122
2022-10-20,06:00:00,Stage 1,Area 8,120
2022-10-20,08:00:00,Stage 1,Area 9,120
2022-10-20,10:00:00,Stage 1,Area 10,120
2022-10-20,12:00:00,Stage 1,Area 11,125
2022-10-20,14:00:00,Stage 1,Area 12,125
2022-10-20,16:00:00,Stage 2,Area 5,125
2022-10-20,16:00:00,Stage 2,Area 13,130
2022-10-20,18:00:00,Stage 2,Area 6,131
2022-10-20,18:00:00,Stage 2,Area 14,130
2022-10-20,20:00:00,Stage 2,Area 7,137
2022-10-20,20:00:00,Stage 2,Area 15,128
2022-10-20,22:00:00,Stage 3,Area 8,132
2022-10-20,22:00:00,Stage 3,Area 16,125
2022-10-20,22:00:00,Stage 3,Area 12,133
2022-10-21,00:00:00,Stage 3,Area 14,128
2022-10-21,00:00:00,Stage 3,Area 2,121
2022-10-21,00:00:00,Stage 3,Area 10,126
2022-10-21,02:00:00,Stage 3,Area 15,127
2022-10-21,02:00:00,Stage 3,Area 3,130
2022-10-21,02:00:00,Stage 3,Area 11,133
2022-10-21,04:00:00,Stage 3,Area 16,123
2022-10-21,04:00:00,Stage 3,Area 4,122
2022-10-21,04:00:00,Stage 3,Area 12,120
2022-10-21,06:00:00,Stage 1,Area 5,120
2022-10-21,08:00:00,Stage 1,Area 6,120
2022-10-21,10:00:00,Stage 1,Area 7,120
2022-10-21,12:00:00,Stage 1,Area 8,130
2022-10-21,14:00:00,Stage 1,Area 9,125
2022-10-21,16:00:00,Stage 1,Area 10,130
2022-10-21,18:00:00,Stage 1,Area 11,120
2022-10-21,20:00:00,Stage 1,Area 12,120
2022-10-21,22:00:00,Stage 3,Area 5,120
2022-10-21,22:00:00,Stage 3,Area 13,120
2022-10-21,22:00:00,Stage 3,Area 9,120
2022-10-22,00:00:00,Stage 3,Area 6,120
2022-10-22,00:00:00,Stage 3,Area 14,120
2022-10-22,00:00:00,Stage 3,Area 10,120
2022-10-22,02:00:00,Stage 3,Area 7,120
2022-10-22,02:00:00,Stage 3,Area 15,120
2022-10-22,02:00:00,Stage 3,Area 11,120
2022-10-22,04:00:00,Stage 3,Area 8,120
2022-10-22,04:00:00,Stage 3,Area 16,120
2022-10-22,04:00:00,Stage 3,Area 12,120
2022-10-22,06:00:00,Stage 1,Area 1,120
2022-10-22,08:00:00,Stage 1,Area 2,120
2022-10-22,10:00:00,Stage 1,Area 3,120
2022-10-22,12:00:00,Stage 1,Area 4,125
2022-10-22,14:00:00,Stage 3,Area 5,125
2022-10-22,14:00:00,Stage 3,Area 13,125
2022-10-22,14:00:00,Stage 3,Area 1,125
2022-10-22,16:00:00,Stage 3,Area 6,125
2022-10-22,16:00:00,Stage 3,Area 14,140
2022-10-22,16:00:00,Stage 3,Area 2,125
2022-10-22,18:00:00,Stage 3,Area 7,120
2022-10-22,18:00:00,Stage 3,Area 15,120
2022-10-22,18:00:00,Stage 3,Area 3,120
2022-10-22,20:00:00,Stage 3,Area 8,120
2022-10-22,20:00:00,Stage 3,Area 16,120
2022-10-22,20:00:00,Stage 3,Area 4,120
2022-10-22,22:00:00,Stage 3,Area 5,120
2022-10-22,22:00:00,Stage 3,Area 1,120
2022-10-22,22:00:00,Stage 3,Area 9,120
2022-10-23,00:00:00,Stage 3,Area 6,120
2022-10-23,00:00:00,Stage 3,Area 2,120
2022-10-23,00:00:00,Stage 3,Area 10,120
2022-10-23,02:00:00,Stage 3,Area 7,120
2022-10-23,02:00:00,Stage 3,Area 3,120
2022-10-23,02:00:00,Stage 3,Area 11,120
2022-10-23,04:00:00,Stage 3,Area 8,120
2022-10-23,04:00:00,Stage 3,Area 4,120
2022-10-23,04:00:00,Stage 3,Area 12,120
2022-10-23,06:00:00,Stage 3,Area 5,120
2022-10-23,06:00:00,Stage 3,Area 13,120
2022-10-23,06:00:00,Stage 3,Area 9,132
2022-10-23,08:00:00,Stage 3,Area 6,120
2022-10-23,08:00:00,Stage 3,Area 14,120
2022-10-23,08:00:00,Stage 3,Area 10,120
2022-10-23,10:00:00,Stage 3,Area 7,120
2022-10-23,10:00:00,Stage 3,Area 15,120
2022-10-23,10:00:00,Stage 3,Area 11,120
2022-10-23,12:00:00,Stage 4,Area 8,120
2022-10-23,12:00:00,Stage 4,Area 16,120
2022-10-23,12:00:00,Stage 4,Area 4,120
2022-10-23,12:00:00,Stage 4,Area 12,120
2022-10-23,14:00:00,Stage 4,Area 5,120
2022-10-23,14:00:00,Stage 4,Area 13,120
2022-10-23,14:00:00,Stage 4,Area 1,120
2022-10-23,14:00:00,Stage 4,Area 9,120
2022-10-23,16:00:00,Stage 4,Area 6,120
2022-10-23,16:00:00,Stage 4,Area 14,120
2022-10-23,16:00:00,Stage 4,Area 2,120
2022-10-23,16:00:00,Stage 4,Area 10,120
2022-10-23,18:00:00,Stage 4,Area 7,120
2022-10-23,18:00:00,Stage 4,Area 15,120
2022-10-23,18:00:00,Stage 4,Area 3,120
2022-10-23,18:00:00,Stage 4,Area 11,120
2022-10-23,20:00:00,Stage 4,Area 8,120
2022-10-23,20:00:00,Stage 4,Area 16,120
2022-10-23,20:00:00,Stage 4,Area 4,120
2022-10-23,20:00:00,Stage 4,Area 12,120
2022-10-23,22:00:00,Stage 4,Area 5,120
2022-10-23,22:00:00,Stage 4,Area 13,120
2022-10-23,22:00:00,Stage 4,Area 1,120
2022-10-23,22:00:00,Stage 4,Area 9,120
2022-10-24,00:00:00,Stage 4,Area 6,120
2022-10-24,00:00:00,Stage 4,Area 14,120
2022-10-24,00:00:00,Stage 4,Area 2,132
2022-10-24,00:00:00,Stage 4,Area 10,120
2022-10-24,02:00:00,Stage 4,Area 7,120
2022-10-24,02:00:00,Stage 4,Area 15,120
2022-10-24,02:00:00,Stage 4,Area 3,120
2022-10-24,02:00:00,Stage 4,Area 11,120
2022-10-24,04:00:00,Stage 4,Area 8,120
2022-10-24,04:00:00,Stage 4,Area 16,60
2022-10-24,04:00:00,Stage 4,Area 4,60
2022-10-24,04:00:00,Stage 4,Area 12,60
2022-10-24,06:00:00,Stage 1,Area 9,143
2022-10-24,08:00:00,Stage 1,Area 10,120
2022-10-24,10:00:00,Stage 1,Area 11,120
2022-10-24,12:00:00,Stage 1,Area 12,120
2022-10-24,14:00:00,Stage 1,Area 13,120
2022-10-24,16:00:00,Stage 3,Area 6,120
2022-10-24,16:00:00,Stage 3,Area 14,128
2022-10-24,16:00:00,Stage 3,Area 10,125
2022-10-24,18:00:00,Stage 3,Area 7,120
2022-10-24,18:00:00,Stage 3,Area 15,120
2022-10-24,18:00:00,Stage 3,Area 11,120
2022-10-24,20:00:00,Stage 3,Area 8,120
2022-10-24,20:00:00,Stage 3,Area 16,120
2022-10-24,20:00:00,Stage 3,Area 12,120
2022-10-24,22:00:00,Stage 4,Area 5,120
2022-10-24,22:00:00,Stage 4,Area 13,120
2022-10-24,22:00:00,Stage 4,Area 1,120
2022-10-24,22:00:00,Stage 4,Area 9,120
2022-10-25,00:00:00,Stage 4,Area 7,120
2022-10-25,00:00:00,Stage 4,Area 15,120
2022-10-25,00:00:00,Stage 4,Area 3,120
2022-10-25,00:00:00,Stage 4,Area 11,120
2022-10-25,02:00:00,Stage 4,Area 8,120
2022-10-25,02:00:00,Stage 4,Area 16,120
2022-10-25,02:00:00,Stage 4,Area 4,120
2022-10-25,02:00:00,Stage 4,Area 12,120
2022-10-25,04:00:00,Stage 4,Area 5,120
2022-10-25,04:00:00,Stage 4,Area 13,60
2022-10-25,04:00:00,Stage 4,Area 1,60
2022-10-25,04:00:00,Stage 4,Area 9,60
2022-10-25,06:00:00,Stage 1,Area 6,125
2022-10-25,08:00:00,Stage 1,Area 7,130
2022-10-25,10:00:00,Stage 1,Area 8,130
2022-10-25,12:00:00,Stage 1,Area 9,120
2022-10-25,14:00:00,Stage 1,Area 10,125
2022-10-25,16:00:00,Stage 3,Area 7,125
2022-10-25,16:00:00,Stage 3,Area 3,120
2022-10-25,16:00:00,Stage 3,Area 11,130
2022-10-25,18:00:00,Stage 3,Area 8,135
2022-10-25,18:00:00,Stage 3,Area 4,140
2022-10-25,18:00:00,Stage 3,Area 12,140
2022-10-25,20:00:00,Stage 3,Area 5,120
2022-10-25,20:00:00,Stage 3,Area 13,120
2022-10-25,20:00:00,Stage 3,Area 9,120
2022-10-25,22:00:00,Stage 4,Area 6,120
2022-10-25,22:00:00,Stage 4,Area 14,120
2022-10-25,22:00:00,Stage 4,Area 10,120
2022-10-25,22:00:00,Stage 4,Area 2,120
2022-10-26,00:00:00,Stage 4,Area 7,120
2022-10-26,00:00:00,Stage 4,Area 15,120
2022-10-26,00:00:00,Stage 4,Area 3,120
2022-10-26,00:00:00,Stage 4,Area 11,120
2022-10-26,02:00:00,Stage 4,Area 8,120
2022-10-26,02:00:00,Stage 4,Area 16,120
2022-10-26,02:00:00,Stage 4,Area 4,120
2022-10-26,02:00:00,Stage 4,Area 12,120
2022-10-26,04:00:00,Stage 4,Area 5,60
2022-10-26,04:00:00,Stage 4,Area 13,60
2022-10-26,04:00:00,Stage 4,Area 1,120
2022-10-26,04:00:00,Stage 4,Area 9,60
2022-10-26,06:00:00,Stage 1,Area 2,120
2022-10-26,08:00:00,Stage 1,Area 3,120
2022-10-26,10:00:00,Stage 1,Area 4,120
2022-10-26,12:00:00,Stage 1,Area 5,120
2022-10-26,14:00:00,Stage 1,Area 6,126
2022-10-26,16:00:00,Stage 3,Area 7,132
2022-10-26,16:00:00,Stage 3,Area 15,120
2022-10-26,16:00:00,Stage 3,Area 3,120
2022-10-26,18:00:00,Stage 3,Area 8,128
2022-10-26,18:00:00,Stage 3,Area 16,130
2022-10-26,18:00:00,Stage 3,Area 4,125
2022-10-26,20:00:00,Stage 3,Area 5,120
2022-10-26,20:00:00,Stage 3,Area 1,120
2022-10-26,20:00:00,Stage 3,Area 9,120
2022-10-26,22:00:00,Stage 4,Area 6,120
2022-10-26,22:00:00,Stage 4,Area 14,120
2022-10-26,22:00:00,Stage 4,Area 2,120
2022-10-26,22:00:00,Stage 4,Area 10,120
2022-10-27,00:00:00,Stage 4,Area 7,120
2022-10-27,00:00:00,Stage 4,Area 15,120
2022-10-27,00:00:00,Stage 4,Area 3,120
2022-10-27,00:00:00,Stage 4,Area 11,120
2022-10-27,02:00:00,Stage 4,Area 8,120
2022-10-27,02:00:00,Stage 4,Area 16,120
2022-10-27,02:00:00,Stage 4,Area 4,120
2022-10-27,02:00:00,Stage 4,Area 12,120
2022-10-27,04:00:00,Stage 4,Area 5,60
2022-10-27,04:00:00,Stage 4,Area 13,120
2022-10-27,04:00:00,Stage 4,Area 1,60
2022-10-27,04:00:00,Stage 4,Area 9,60
2022-10-27,06:00:00,Stage 1,Area 14,130
2022-10-27,08:00:00,Stage 1,Area 15,125
2022-10-27,10:00:00,Stage 1,Area 16,124
2022-10-27,12:00:00,Stage 1,Area 1,120
2022-10-27,14:00:00,Stage 1,Area 2,122
2022-10-27,16:00:00,Stage 3,Area 15,120
2022-10-27,16:00:00,Stage 3,Area 3,120
2022-10-27,16:00:00,Stage 3,Area 11,123
2022-10-27,18:00:00,Stage 3,Area 16,135
2022-10-27,18:00:00,Stage 3,Area 4,128
2022-10-27,18:00:00,Stage 3,Area 12,130
2022-10-27,20:00:00,Stage 3,Area 5,120
2022-10-27,20:00:00,Stage 3,Area 13,120
2022-10-27,20:00:00,Stage 3,Area 1,120
2022-10-27,22:00:00,Stage 4,Area 6,30
2022-10-27,22:00:00,Stage 4,Area 14,30
2022-10-27,22:00:00,Stage 4,Area 2,30
2022-10-27,22:00:00,Stage 4,Area 10,30
2022-10-28,10:00:00,Stage 2,Area 4,120
2022-10-28,10:00:00,Stage 2,Area 12,120
2022-10-28,16:00:00,Stage 1,Area 15,130
2022-10-28,18:00:00,Stage 1,Area 16,125
2022-10-28,20:00:00,Stage 3,Area 13,135
2022-10-28,20:00:00,Stage 3,Area 1,135
2022-10-28,20:00:00,Stage 3,Area 9,135
2022-10-28,22:00:00,Stage 3,Area 14,115
2022-10-28,22:00:00,Stage 3,Area 2,115
2022-10-28,22:00:00,Stage 3,Area 10,116
2022-10-31,16:00:00,Stage 1,Area 4,120
2022-10-31,18:00:00,Stage 1,Area 5,135
2022-10-31,20:00:00,Stage 1,Area 6,140
2022-10-31,22:00:00,Stage 2,Area 7,125
2022-10-31,22:00:00,Stage 2,Area 15,125
2022-11-01,00:00:00,Stage 2,Area 1,130
2022-11-01,00:00:00,Stage 2,Area 9,130
2022-11-01,02:00:00,Stage 2,Area 2,130
2022-11-01,02:00:00,Stage 2,Area 10,130
2022-11-01,04:00:00,Stage 2,Area 3,65
2022-11-01,04:00:00,Stage 2,Area 11,65
2022-11-01,22:00:00,Stage 2,Area 4,120
2022-11-01,22:00:00,Stage 2,Area 12,120
2022-11-02,22:00:00,Stage 2,Area 8,120
2022-11-02,22:00:00,Stage 2,Area 16,120
2022-11-03,22:00:00,Stage 2,Area 4,110
2022-11-03,22:00:00,Stage 2,Area 12,110
2022-11-04,22:00:00,Stage 2,Area 8,120
2022-11-04,22:00:00,Stage 2,Area 16,120
2022-11-05,00:00:00,Stage 2,Area 2,120
2022-11-05,00:00:00,Stage 2,Area 10,120
2022-11-05,02:00:00,Stage 2,Area 3,120
2022-11-05,02:00:00,Stage 2,Area 11,120
2022-11-05,04:00:00,Stage 2,Area 4,60
2022-11-05,04:00:00,Stage 2,Area 12,60
2022-11-05,22:00:00,Stage 2,Area 5,120
2022-11-05,22:00:00,Stage 2,Area 13,120
2022-11-06,00:00:00,Stage 2,Area 6,125
2022-11-06,00:00:00,Stage 2,Area 14,125
2022-11-06,02:00:00,Stage 2,Area 7,120
2022-11-06,02:00:00,Stage 2,Area 15,120
2022-11-06,04:00:00,Stage 2,Area 8,70
2022-11-06,04:00:00,Stage 2,Area 16,60
2022-11-06,06:00:00,Stage 1,Area 1,133
2022-11-06,08:00:00,Stage 1,Area 2,123
2022-11-06,10:00:00,Stage 1,Area 3,108
2022-11-07,22:00:00,Stage 2,Area 5,120
2022-11-07,22:00:00,Stage 2,Area 13,120
2022-11-08,00:00:00,Stage 2,Area 6,120
2022-11-08,00:00:00,Stage 2,Area 14,134
2022-11-08,02:00:00,Stage 2,Area 7,130
2022-11-08,02:00:00,Stage 2,Area 15,125
2022-11-08,04:00:00,Stage 2,Area 8,65
2022-11-08,04:00:00,Stage 2,Area 16,65
2022-11-08,16:00:00,Stage 1,Area 14,125
2022-11-08,18:00:00,Stage 1,Area 15,123
2022-11-08,20:00:00,Stage 1,Area 16,122
2022-11-08,22:00:00,Stage 2,Area 1,125
2022-11-08,22:00:00,Stage 2,Area 9,125
2022-11-09,00:00:00,Stage 2,Area 3,125
2022-11-09,00:00:00,Stage 2,Area 11,125
2022-11-09,02:00:00,Stage 2,Area 4,125
2022-11-09,02:00:00,Stage 2,Area 12,125
2022-11-09,04:00:00,Stage 2,Area 5,125
2022-11-09,04:00:00,Stage 2,Area 13,125
2022-11-09,16:00:00,Stage 1,Area 11,125
2022-11-09,18:00:00,Stage 1,Area 12,130
2022-11-09,20:00:00,Stage 1,Area 13,120
2022-11-09,22:00:00,Stage 2,Area 6,120
2022-11-09,22:00:00,Stage 2,Area 14,125
2022-11-10,00:00:00,Stage 2,Area 7,135
2022-11-10,00:00:00,Stage 2,Area 15,130
2022-11-10,02:00:00,Stage 2,Area 8,130
2022-11-10,02:00:00,Stage 2,Area 16,130
2022-11-10,04:00:00,Stage 2,Area 1,120
2022-11-10,04:00:00,Stage 2,Area 9,125
2022-11-10,16:00:00,Stage 1,Area 7,125
2022-11-10,18:00:00,Stage 1,Area 8,125
2022-11-10,20:00:00,Stage 1,Area 9,120
2022-11-10,22:00:00,Stage 2,Area 2,120
2022-11-10,22:00:00,Stage 2,Area 10,120
2022-11-11,00:00:00,Stage 2,Area 3,120
2022-11-11,00:00:00,Stage 2,Area 11,130
2022-11-11,02:00:00,Stage 2,Area 4,130
2022-11-11,02:00:00,Stage 2,Area 12,130
2022-11-11,04:00:00,Stage 2,Area 5,130
2022-11-11,04:00:00,Stage 2,Area 13,130
2022-11-11,16:00:00,Stage 1,Area 3,125
2022-11-11,18:00:00,Stage 1,Area 4,120
2022-11-11,20:00:00,Stage 1,Area 5,120
2022-11-11,22:00:00,Stage 2,Area 6,120
2022-11-11,22:00:00,Stage 2,Area 14,120
2022-11-12,00:00:00,Stage 2,Area 7,120
2022-11-12,00:00:00,Stage 2,Area 15,120
2022-11-12,02:00:00,Stage 2,Area 8,120
2022-11-12,02:00:00,Stage 2,Area 16,128
2022-11-12,04:00:00,Stage 2,Area 1,120
2022-11-12,04:00:00,Stage 2,Area 9,120
2022-11-12,16:00:00,Stage 2,Area 7,125
2022-11-12,16:00:00,Stage 2,Area 15,130
2022-11-12,18:00:00,Stage 2,Area 8,120
2022-11-12,18:00:00,Stage 2,Area 16,120
2022-11-12,20:00:00,Stage 2,Area 1,120
2022-11-12,20:00:00,Stage 2,Area 9,120
2022-11-12,22:00:00,Stage 2,Area 2,120
2022-11-12,22:00:00,Stage 2,Area 10,120
2022-11-13,00:00:00,Stage 2,Area 4,120
2022-11-13,00:00:00,Stage 2,Area 12,120
2022-11-13,02:00:00,Stage 2,Area 5,120
2022-11-13,02:00:00,Stage 2,Area 13,120
2022-11-13,04:00:00,Stage 2,Area 6,120
2022-11-13,04:00:00,Stage 2,Area 14,120
2022-11-13,06:00:00,Stage 2,Area 7,126
2022-11-13,06:00:00,Stage 2,Area 15,120
2022-11-13,08:00:00,Stage 2,Area 8,120
2022-11-13,08:00:00,Stage 2,Area 16,120
2022-11-13,10:00:00,Stage 2,Area 1,125
2022-11-13,10:00:00,Stage 2,Area 9,120
2022-11-13,12:00:00,Stage 2,Area 2,135
2022-11-13,12:00:00,Stage 2,Area 10,132
2022-11-13,14:00:00,Stage 2,Area 3,125
2022-11-13,14:00:00,Stage 2,Area 11,129
2022-11-13,16:00:00,Stage 2,Area 4,120
2022-11-13,16:00:00,Stage 2,Area 12,120
2022-11-13,18:00:00,Stage 2,Area 5,120
2022-11-13,18:00:00,Stage 2,Area 13,120
2022-11-13,20:00:00,Stage 2,Area 6,120
2022-11-13,20:00:00,Stage 2,Area 14,120
2022-11-13,22:00:00,Stage 2,Area 7,120
2022-11-13,22:00:00,Stage 2,Area 15,120
2022-11-14,00:00:00,Stage 2,Area 8,120
2022-11-14,00:00:00,Stage 2,Area 16,120
2022-11-14,02:00:00,Stage 2,Area 1,120
2022-11-14,02:00:00,Stage 2,Area 9,120
2022-11-14,04:00:00,Stage 2,Area 2,120
2022-11-14,04:00:00,Stage 2,Area 10,120
2022-11-14,16:00:00,Stage 2,Area 8,120
2022-11-14,16:00:00,Stage 2,Area 16,120
2022-11-14,18:00:00,Stage 2,Area 1,120
2022-11-14,18:00:00,Stage 2,Area 9,120
2022-11-14,20:00:00,Stage 2,Area 2,120
2022-11-14,20:00:00,Stage 2,Area 10,120
2022-11-14,22:00:00,Stage 3,Area 7,120
2022-11-14,22:00:00,Stage 3,Area 3,120
2022-11-14,22:00:00,Stage 3,Area 11,120
2022-11-15,00:00:00,Stage 3,Area 8,120
2022-11-15,00:00:00,Stage 3,Area 4,120
2022-11-15,00:00:00,Stage 3,Area 12,120
2022-11-15,02:00:00,Stage 3,Area 5,120
2022-11-15,02:00:00,Stage 3,Area 13,120
2022-11-15,02:00:00,Stage 3,Area 9,120
2022-11-15,04:00:00,Stage 3,Area 6,120
2022-11-15,04:00:00,Stage 3,Area 14,120
2022-11-15,04:00:00,Stage 3,Area 10,60
2022-11-15,16:00:00,Stage 1,Area 4,123
2022-11-15,18:00:00,Stage 1,Area 5,120
2022-11-15,20:00:00,Stage 1,Area 6,81
2022-11-16,02:00:00,Stage 2,Area 1,120
2022-11-16,02:00:00,Stage 2,Area 9,120
2022-11-16,04:00:00,Stage 2,Area 2,120
2022-11-16,04:00:00,Stage 2,Area 10,120
2022-11-16,16:00:00,Stage 2,Area 8,120
2022-11-16,16:00:00,Stage 2,Area 16,120
2022-11-16,18:00:00,Stage 2,Area 1,120
2022-11-16,18:00:00,Stage 2,Area 9,120
2022-11-16,20:00:00,Stage 2,Area 2,120
2022-11-16,20:00:00,Stage 2,Area 10,120
2022-11-16,22:00:00,Stage 3,Area 15,120
2022-11-16,22:00:00,Stage 3,Area 3,120
2022-11-16,22:00:00,Stage 3,Area 11,120
2022-11-17,00:00:00,Stage 3,Area 13,120
2022-11-17,00:00:00,Stage 3,Area 1,120
2022-11-17,00:00:00,Stage 3,Area 9,120
2022-11-17,02:00:00,Stage 3,Area 14,120
2022-11-17,02:00:00,Stage 3,Area 2,120
2022-11-17,02:00:00,Stage 3,Area 10,120
2022-11-17,04:00:00,Stage 3,Area 15,120
2022-11-17,04:00:00,Stage 3,Area 3,120
2022-11-17,04:00:00,Stage 3,Area 11,120
2022-11-17,16:00:00,Stage 2,Area 1,120
2022-11-17,16:00:00,Stage 2,Area 9,120
2022-11-17,18:00:00,Stage 2,Area 2,120
2022-11-17,18:00:00,Stage 2,Area 10,120
2022-11-17,20:00:00,Stage 2,Area 3,120
2022-11-17,20:00:00,Stage 2,Area 11,120
2022-11-17,22:00:00,Stage 3,Area 8,120
2022-11-17,22:00:00,Stage 3,Area 4,120
2022-11-17,22:00:00,Stage 3,Area 12,120
2022-11-18,00:00:00,Stage 3,Area 5,120
2022-11-18,00:00:00,Stage 3,Area 13,120
2022-11-18,00:00:00,Stage 3,Area 9,120
2022-11-18,02:00:00,Stage 3,Area 6,120
2022-11-18,02:00:00,Stage 3,Area 14,120
2022-11-18,02:00:00,Stage 3,Area 10,120
2022-11-18,04:00:00,Stage 3,Area 15,120
2022-11-18,04:00:00,Stage 3,Area 11,60
2022-11-18,04:00:00,Stage 3,Area 7,60
2022-11-18,06:00:00,Stage 2,Area 8,135
2022-11-18,06:00:00,Stage 2,Area 16,132
2022-11-18,08:00:00,Stage 2,Area 1,134
2022-11-18,08:00:00,Stage 2,Area 9,130
2022-11-18,10:00:00,Stage 2,Area 2,129
2022-11-18,10:00:00,Stage 2,Area 10,134
2022-11-18,12:00:00,Stage 2,Area 3,120
2022-11-18,12:00:00,Stage 2,Area 11,122
2022-11-18,14:00:00,Stage 2,Area 4,121
2022-11-18,14:00:00,Stage 2,Area 12,122
2022-11-18,16:00:00,Stage 2,Area 5,121
2022-11-18,16:00:00,Stage 2,Area 13,120
2022-11-18,18:00:00,Stage 2,Area 6,130
2022-11-18,18:00:00,Stage 2,Area 14,130
2022-11-18,20:00:00,Stage 2,Area 7,120
2022-11-18,20:00:00,Stage 2,Area 15,120
2022-11-18,22:00:00,Stage 4,Area 8,120
2022-11-18,22:00:00,Stage 4,Area 16,120
2022-11-18,22:00:00,Stage 4,Area 4,120
2022-11-18,22:00:00,Stage 4,Area 12,120
2022-11-19,00:00:00,Stage 4,Area 5,120
2022-11-19,00:00:00,Stage 4,Area 13,120
2022-11-19,00:00:00,Stage 4,Area 1,120
2022-11-19,00:00:00,Stage 4,Area 9,120
2022-11-19,02:00:00,Stage 4,Area 6,120
2022-11-19,02:00:00,Stage 4,Area 14,120
2022-11-19,02:00:00,Stage 4,Area 2,120
2022-11-19,02:00:00,Stage 4,Area 10,120
2022-11-19,04:00:00,Stage 4,Area 7,90
2022-11-19,04:00:00,Stage 4,Area 15,90
2022-11-19,04:00:00,Stage 4,Area 3,120
2022-11-19,04:00:00,Stage 4,Area 11,120
2022-11-19,06:00:00,Stage 2,Area 4,126
2022-11-19,06:00:00,Stage 2,Area 12,128
2022-11-19,08:00:00,Stage 2,Area 5,136
2022-11-19,08:00:00,Stage 2,Area 13,132
2022-11-19,10:00:00,Stage 2,Area 6,133
2022-11-19,10:00:00,Stage 2,Area 14,135
2022-11-19,12:00:00,Stage 2,Area 7,123
2022-11-19,12:00:00,Stage 2,Area 15,120
2022-11-19,14:00:00,Stage 4,Area 8,120
2022-11-19,14:00:00,Stage 4,Area 16,120
2022-11-19,14:00:00,Stage 4,Area 4,120
2022-11-19,14:00:00,Stage 4,Area 12,120
2022-11-19,16:00:00,Stage 4,Area 5,133
2022-11-19,16:00:00,Stage 4,Area 13,120
2022-11-19,16:00:00,Stage 4,Area 1,122
2022-11-19,16:00:00,Stage 4,Area 9,121
2022-11-19,18:00:00,Stage 4,Area 6,120
2022-11-19,18:00:00,Stage 4,Area 14,120
2022-11-19,18:00:00,Stage 4,Area 2,120
2022-11-19,18:00:00,Stage 4,Area 10,120
2022-11-19,20:00:00,Stage 4,Area 7,120
2022-11-19,20:00:00,Stage 4,Area 3,120
2022-11-19,20:00:00,Stage 4,Area 11,120
2022-11-19,22:00:00,Stage 4,Area 8,120
2022-11-19,22:00:00,Stage 4,Area 16,120
2022-11-19,22:00:00,Stage 4,Area 4,120
2022-11-19,22:00:00,Stage 4,Area 12,120
2022-11-20,00:00:00,Stage 4,Area 5,120
2022-11-20,00:00:00,Stage 4,Area 13,120
2022-11-20,00:00:00,Stage 4,Area 1,120
2022-11-20,00:00:00,Stage 4,Area 9,120
2022-11-20,02:00:00,Stage 4,Area 6,120
2022-11-20,02:00:00,Stage 4,Area 14,120
2022-11-20,02:00:00,Stage 4,Area 2,120
2022-11-20,02:00:00,Stage 4,Area 10,120
2022-11-20,04:00:00,Stage 3,Area 7,120
2022-11-20,04:00:00,Stage 3,Area 3,120
2022-11-20,04:00:00,Stage 3,Area 11,120
2022-11-20,06:00:00,Stage 4,Area 8,131
2022-11-20,06:00:00,Stage 4,Area 16,124
2022-11-20,06:00:00,Stage 4,Area 4,129
2022-11-20,06:00:00,Stage 4,Area 12,133
2022-11-20,08:00:00,Stage 3,Area 5,20
2022-11-20,08:00:00,Stage 3,Area 13,30
2022-11-20,08:00:00,Stage 3,Area 1,16
2022-11-20,17:00:00,Stage 4,Area 5,60
2022-11-20,17:00:00,Stage 4,Area 13,60
2022-11-20,17:00:00,Stage 4,Area 1,60
2022-11-20,17:00:00,Stage 4,Area 9,60
2022-11-20,18:00:00,Stage 4,Area 6,120
2022-11-20,18:00:00,Stage 4,Area 14,120
2022-11-20,18:00:00,Stage 4,Area 2,120
2022-11-20,18:00:00,Stage 4,Area 10,120
2022-11-20,20:00:00,Stage 4,Area 7,120
2022-11-20,20:00:00,Stage 4,Area 15,120
2022-11-20,20:00:00,Stage 4,Area 3,120
2022-11-20,20:00:00,Stage 4,Area 11,120
2022-11-20,22:00:00,Stage 4,Area 8,120
2022-11-20,22:00:00,Stage 4,Area 16,120
2022-11-20,22:00:00,Stage 4,Area 4,120
2022-11-20,22:00:00,Stage 4,Area 12,120
2022-11-21,00:00:00,Stage 4,Area 6,125
2022-11-21,00:00:00,Stage 4,Area 14,120
2022-11-21,00:00:00,Stage 4,Area 2,120
2022-11-21,00:00:00,Stage 4,Area 10,120
2022-11-21,02:00:00,Stage 4,Area 7,130
2022-11-21,02:00:00,Stage 4,Area 15,120
2022-11-21,02:00:00,Stage 4,Area 3,125
2022-11-21,02:00:00,Stage 4,Area 11,120
2022-11-21,04:00:00,Stage 4,Area 8,130
2022-11-21,04:00:00,Stage 4,Area 16,120
2022-11-21,04:00:00,Stage 4,Area 4,125
2022-11-21,04:00:00,Stage 4,Area 12,120
2022-11-21,06:00:00,Stage 2,Area 5,120
2022-11-21,06:00:00,Stage 2,Area 13,120
2022-11-21,08:00:00,Stage 2,Area 6,130
2022-11-21,08:00:00,Stage 2,Area 14,131
2022-11-21,10:00:00,Stage 2,Area 7,130
2022-11-21,10:00:00,Stage 2,Area 15,126
2022-11-21,12:00:00,Stage 2,Area 8,125
2022-11-21,12:00:00,Stage 2,Area 16,125
2022-11-21,14:00:00,Stage 2,Area 1,125
2022-11-21,14:00:00,Stage 2,Area 9,125
2022-11-21,16:00:00,Stage 3,Area 6,130
2022-11-21,16:00:00,Stage 3,Area 2,125
2022-11-21,16:00:00,Stage 3,Area 10,130
2022-11-21,18:00:00,Stage 3,Area 7,120
2022-11-21,18:00:00,Stage 3,Area 3,120
2022-11-21,18:00:00,Stage 3,Area 11,120
2022-11-21,20:00:00,Stage 3,Area 8,120
2022-11-21,20:00:00,Stage 3,Area 4,120
2022-11-21,20:00:00,Stage 3,Area 12,120
2022-11-21,22:00:00,Stage 4,Area 5,120
2022-11-21,22:00:00,Stage 4,Area 13,120
2022-11-21,22:00:00,Stage 4,Area 1,120
2022-11-21,22:00:00,Stage 4,Area 9,120
2022-11-22,00:00:00,Stage 4,Area 6,120
2022-11-22,00:00:00,Stage 4,Area 14,120
2022-11-22,00:00:00,Stage 4,Area 2,120
2022-11-22,00:00:00,Stage 4,Area 10,120
2022-11-22,02:00:00,Stage 4,Area 7,120
2022-11-22,02:00:00,Stage 4,Area 15,120
2022-11-22,02:00:00,Stage 4,Area 3,120
2022-11-22,02:00:00,Stage 4,Area 11,120
2022-11-22,04:00:00,Stage 4,Area 8,60
2022-11-22,04:00:00,Stage 4,Area 16,60
2022-11-22,04:00:00,Stage 4,Area 4,60
2022-11-22,04:00:00,Stage 4,Area 12,60
2022-11-22,16:00:00,Stage 3,Area 6,125
2022-11-22,16:00:00,Stage 3,Area 14,125
2022-11-22,16:00:00,Stage 3,Area 2,125
2022-11-22,18:00:00,Stage 3,Area 7,120
2022-11-22,18:00:00,Stage 3,Area 15,120
2022-11-22,18:00:00,Stage 3,Area 3,120
2022-11-22,20:00:00,Stage 3,Area 8,120
2022-11-22,20:00:00,Stage 3,Area 16,120
2022-11-22,20:00:00,Stage 3,Area 4,120
2022-11-22,22:00:00,Stage 4,Area 5,120
2022-11-22,22:00:00,Stage 4,Area 13,120
2022-11-22,22:00:00,Stage 4,Area 1,120
2022-11-22,22:00:00,Stage 4,Area 9,120
2022-11-23,00:00:00,Stage 4,Area 6,120
2022-11-23,00:00:00,Stage 4,Area 14,120
2022-11-23,00:00:00,Stage 4,Area 2,120
2022-11-23,00:00:00,Stage 4,Area 10,120
2022-11-23,02:00:00,Stage 4,Area 7,120
2022-11-23,02:00:00,Stage 4,Area 15,120
2022-11-23,02:00:00,Stage 4,Area 3,120
2022-11-23,02:00:00,Stage 4,Area 11,120
2022-11-23,04:00:00,Stage 4,Area 8,60
2022-11-23,04:00:00,Stage 4,Area 16,60
2022-11-23,04:00:00,Stage 4,Area 4,60
2022-11-23,04:00:00,Stage 4,Area 12,60
2022-11-23,16:00:00,Stage 3,Area 14,130
2022-11-23,16:00:00,Stage 3,Area 2,125
2022-11-23,16:00:00,Stage 3,Area 10,125
2022-11-23,18:00:00,Stage 3,Area 15,120
2022-11-23,18:00:00,Stage 3,Area 3,120
2022-11-23,18:00:00,Stage 3,Area 11,120
2022-11-23,20:00:00,Stage 3,Area 16,120
2022-11-23,20:00:00,Stage 3,Area 4,120
2022-11-23,20:00:00,Stage 3,Area 12,120
2022-11-23,22:00:00,Stage 4,Area 5,120
2022-11-23,22:00:00,Stage 4,Area 13,120
2022-11-23,22:00:00,Stage 4,Area 1,120
2022-11-23,22:00:00,Stage 4,Area 9,120
2022-11-24,00:00:00,Stage 4,Area 6,120
2022-11-24,00:00:00,Stage 4,Area 14,120
2022-11-24,00:00:00,Stage 4,Area 2,120
2022-11-24,00:00:00,Stage 4,Area 10,120
2022-11-24,02:00:00,Stage 4,Area 7,120
2022-11-24,02:00:00,Stage 4,Area 15,120
2022-11-24,02:00:00,Stage 4,Area 3,120
2022-11-24,02:00:00,Stage 4,Area 11,120
2022-11-24,04:00:00,Stage 4,Area 8,60
2022-11-24,04:00:00,Stage 4,Area 16,60
2022-11-24,04:00:00,Stage 4,Area 4,60
2022-11-24,04:00:00,Stage 4,Area 12,60
2022-11-24,16:00:00,Stage 2,Area 6,125
2022-11-24,16:00:00,Stage 2,Area 14,125
2022-11-24,18:00:00,Stage 2,Area 7,120
2022-11-24,18:00:00,Stage 2,Area 15,120
2022-11-24,20:00:00,Stage 2,Area 8,120
2022-11-24,20:00:00,Stage 2,Area 16,120
2022-11-24,22:00:00,Stage 3,Area 13,120
2022-11-24,22:00:00,Stage 3,Area 1,120
2022-11-24,22:00:00,Stage 3,Area 9,120
2022-11-25,00:00:00,Stage 3,Area 15,120
2022-11-25,00:00:00,Stage 3,Area 3,120
2022-11-25,00:00:00,Stage 3,Area 11,120
2022-11-25,02:00:00,Stage 3,Area 16,120
2022-11-25,02:00:00,Stage 3,Area 4,120
2022-11-25,02:00:00,Stage 3,Area 12,120
2022-11-25,04:00:00,Stage 3,Area 5,60
2022-11-25,04:00:00,Stage 3,Area 13,60
2022-11-25,04:00:00,Stage 3,Area 1,60
2022-11-25,16:00:00,Stage 1,Area 11,124
2022-11-25,18:00:00,Stage 1,Area 12,120
2022-11-25,20:00:00,Stage 1,Area 13,120
2022-11-25,22:00:00,Stage 2,Area 6,121
2022-11-25,22:00:00,Stage 2,Area 14,121
2022-11-26,00:00:00,Stage 2,Area 7,42
2022-11-26,00:00:00,Stage 2,Area 15,44
2022-11-26,04:00:00,Stage 2,Area 1,60
2022-11-26,04:00:00,Stage 2,Area 9,60
2022-11-26,12:00:00,Stage 2,Area 5,125
2022-11-26,12:00:00,Stage 2,Area 13,125
2022-11-26,14:00:00,Stage 2,Area 6,125
2022-11-26,14:00:00,Stage 2,Area 14,125
2022-11-26,16:00:00,Stage 2,Area 7,125
2022-11-26,16:00:00,Stage 2,Area 15,125
2022-11-26,18:00:00,Stage 2,Area 8,120
2022-11-26,18:00:00,Stage 2,Area 16,120
2022-11-26,20:00:00,Stage 2,Area 1,96
2022-11-26,20:00:00,Stage 2,Area 9,96
2022-11-27,04:00:00,Stage 2,Area 5,120
2022-11-27,04:00:00,Stage 2,Area 13,120
2022-11-27,06:00:00,Stage 2,Area 6,125
2022-11-27,06:00:00,Stage 2,Area 14,123
2022-11-27,08:00:00,Stage 2,Area 7,122
2022-11-27,08:00:00,Stage 2,Area 15,123
2022-11-27,10:00:00,Stage 2,Area 8,125
2022-11-27,10:00:00,Stage 2,Area 16,125
2022-11-27,12:00:00,Stage 2,Area 1,132
2022-11-27,12:00:00,Stage 2,Area 9,123
2022-11-27,14:00:00,Stage 2,Area 2,123
2022-11-27,14:00:00,Stage 2,Area 10,125
2022-11-27,16:00:00,Stage 2,Area 3,125
2022-11-27,16:00:00,Stage 2,Area 11,125
2022-11-27,18:00:00,Stage 2,Area 4,120
2022-11-27,18:00:00,Stage 2,Area 12,120
2022-11-27,20:00:00,Stage 2,Area 5,120
2022-11-27,20:00:00,Stage 2,Area 13,120
2022-11-27,22:00:00,Stage 2,Area 6,120
2022-11-27,22:00:00,Stage 2,Area 14,120
2022-11-28,22:00:00,Stage 2,Area 2,120
2022-11-28,22:00:00,Stage 2,Area 10,120
2022-11-29,00:00:00,Stage 2,Area 4,120
2022-11-29,00:00:00,Stage 2,Area 12,120
2022-11-29,02:00:00,Stage 2,Area 5,120
2022-11-29,02:00:00,Stage 2,Area 13,120
2022-11-29,04:00:00,Stage 2,Area 6,60
2022-11-29,04:00:00,Stage 2,Area 14,60
2022-11-29,22:00:00,Stage 2,Area 7,120
2022-11-29,22:00:00,Stage 2,Area 15,120
2022-11-30,00:00:00,Stage 2,Area 8,120
2022-11-30,00:00:00,Stage 2,Area 16,120
2022-11-30,02:00:00,Stage 2,Area 1,120
2022-11-30,02:00:00,Stage 2,Area 9,120
2022-11-30,04:00:00,Stage 2,Area 2,60
2022-11-30,04:00:00,Stage 2,Area 10,60
2022-11-30,22:00:00,Stage 2,Area 3,143
2022-11-30,22:00:00,Stage 2,Area 11,140
2022-12-01,00:00:00,Stage 2,Area 1,132
2022-12-01,00:00:00,Stage 2,Area 9,142
2022-12-01,02:00:00,Stage 2,Area 2,131
2022-12-01,02:00:00,Stage 2,Area 10,130
2022-12-01,04:00:00,Stage 2,Area 3,60
2022-12-01,04:00:00,Stage 2,Area 11,61
2022-12-01,22:00:00,Stage 2,Area 4,133
2022-12-01,22:00:00,Stage 2,Area 12,131
2022-12-02,00:00:00,Stage 2,Area 5,133
2022-12-02,00:00:00,Stage 2,Area 13,132
2022-12-02,02:00:00,Stage 2,Area 6,133
2022-12-02,02:00:00,Stage 2,Area 14,136
2022-12-02,04:00:00,Stage 2,Area 7,63
2022-12-02,04:00:00,Stage 2,Area 15,61
2022-12-02,22:00:00,Stage 2,Area 8,125
2022-12-02,22:00:00,Stage 2,Area 16,125
2022-12-03,00:00:00,Stage 2,Area 1,125
2022-12-03,00:00:00,Stage 2,Area 9,125
2022-12-03,02:00:00,Stage 2,Area 2,125
2022-12-03,02:00:00,Stage 2,Area 10,132
2022-12-03,04:00:00,Stage 2,Area 3,125
2022-12-03,04:00:00,Stage 2,Area 11,125
2022-12-03,06:00:00,Stage 2,Area 4,120
2022-12-03,06:00:00,Stage 2,Area 12,120
2022-12-03,08:00:00,Stage 2,Area 5,120
2022-12-03,08:00:00,Stage 2,Area 13,120
2022-12-03,10:00:00,Stage 2,Area 6,120
2022-12-03,10:00:00,Stage 2,Area 14,120
2022-12-03,12:00:00,Stage 2,Area 7,120
2022-12-03,12:00:00,Stage 2,Area 15,120
2022-12-03,14:00:00,Stage 2,Area 8,120
2022-12-03,14:00:00,Stage 2,Area 16,120
2022-12-03,22:00:00,Stage 4,Area 8,120
2022-12-03,22:00:00,Stage 4,Area 16,120
2022-12-03,22:00:00,Stage 4,Area 4,120
2022-12-03,22:00:00,Stage 4,Area 12,120
2022-12-04,00:00:00,Stage 4,Area 5,125
2022-12-04,00:00:00,Stage 4,Area 13,125
2022-12-04,00:00:00,Stage 4,Area 1,125
2022-12-04,00:00:00,Stage 4,Area 9,125
2022-12-04,02:00:00,Stage 4,Area 6,125
2022-12-04,02:00:00,Stage 4,Area 14,125
2022-12-04,02:00:00,Stage 4,Area 2,125
2022-12-04,02:00:00,Stage 4,Area 10,125
2022-12-04,04:00:00,Stage 4,Area 7,125
2022-12-04,04:00:00,Stage 4,Area 15,125
2022-12-04,04:00:00,Stage 4,Area 3,125
2022-12-04,04:00:00,Stage 4,Area 11,125
2022-12-04,06:00:00,Stage 4,Area 8,120
2022-12-04,06:00:00,Stage 4,Area 16,120
2022-12-04,06:00:00,Stage 4,Area 4,120
2022-12-04,06:00:00,Stage 4,Area 12,120
2022-12-04,08:00:00,Stage 4,Area 5,120
2022-12-04,08:00:00,Stage 4,Area 13,120
2022-12-04,08:00:00,Stage 4,Area 1,120
2022-12-04,08:00:00,Stage 4,Area 9,120
2022-12-04,10:00:00,Stage 4,Area 6,120
2022-12-04,10:00:00,Stage 4,Area 14,120
2022-12-04,10:00:00,Stage 4,Area 2,120
2022-12-04,10:00:00,Stage 4,Area 10,120
2022-12-04,12:00:00,Stage 4,Area 7,120
2022-12-04,12:00:00,Stage 4,Area 15,120
2022-12-04,12:00:00,Stage 4,Area 3,120
2022-12-04,12:00:00,Stage 4,Area 11,120
2022-12-04,14:00:00,Stage 4,Area 8,120
2022-12-04,14:00:00,Stage 4,Area 16,120
2022-12-04,14:00:00,Stage 4,Area 4,120
2022-12-04,14:00:00,Stage 4,Area 12,120
2022-12-04,16:00:00,Stage 4,Area 5,120
2022-12-04,16:00:00,Stage 4,Area 13,120
2022-12-04,16:00:00,Stage 4,Area 1,120
2022-12-04,16:00:00,Stage 4,Area 9,120
2022-12-04,18:00:00,Stage 4,Area 6,125
2022-12-04,18:00:00,Stage 4,Area 14,125
2022-12-04,18:00:00,Stage 4,Area 2,137
2022-12-04,18:00:00,Stage 4,Area 10,125
2022-12-04,20:00:00,Stage 4,Area 7,125
2022-12-04,20:00:00,Stage 4,Area 15,120
2022-12-04,20:00:00,Stage 4,Area 3,125
2022-12-04,20:00:00,Stage 4,Area 11,120
2022-12-04,22:00:00,Stage 4,Area 8,125
2022-12-04,22:00:00,Stage 4,Area 16,125
2022-12-04,22:00:00,Stage 4,Area 4,125
2022-12-04,22:00:00,Stage 4,Area 12,125
2022-12-05,00:00:00,Stage 4,Area 6,125
2022-12-05,00:00:00,Stage 4,Area 14,125
2022-12-05,00:00:00,Stage 4,Area 2,125
2022-12-05,00:00:00,Stage 4,Area 10,125
2022-12-05,02:00:00,Stage 4,Area 7,125
2022-12-05,02:00:00,Stage 4,Area 15,125
2022-12-05,02:00:00,Stage 4,Area 3,125
2022-12-05,02:00:00,Stage 4,Area 11,125
2022-12-05,04:00:00,Stage 4,Area 8,65
2022-12-05,04:00:00,Stage 4,Area 16,71
2022-12-05,04:00:00,Stage 4,Area 4,125
2022-12-05,04:00:00,Stage 4,Area 12,125
2022-12-05,06:00:00,Stage 2,Area 5,124
2022-12-05,06:00:00,Stage 2,Area 13,120
2022-12-05,08:00:00,Stage 2,Area 6,120
2022-12-05,08:00:00,Stage 2,Area 14,120
2022-12-05,10:00:00,Stage 2,Area 7,120
2022-12-05,10:00:00,Stage 2,Area 15,120
2022-12-05,12:00:00,Stage 2,Area 8,120
2022-12-05,12:00:00,Stage 2,Area 16,120
2022-12-05,14:00:00,Stage 2,Area 1,132
2022-12-05,14:00:00,Stage 2,Area 9,128
2022-12-05,16:00:00,Stage 2,Area 2,130
2022-12-05,16:00:00,Stage 2,Area 10,131
2022-12-05,18:00:00,Stage 2,Area 3,135
2022-12-05,18:00:00,Stage 2,Area 11,125
2022-12-05,20:00:00,Stage 2,Area 4,125
2022-12-05,20:00:00,Stage 2,Area 12,125
2022-12-05,22:00:00,Stage 3,Area 5,125
2022-12-05,22:00:00,Stage 3,Area 13,134
2022-12-05,22:00:00,Stage 3,Area 9,125
2022-12-06,00:00:00,Stage 3,Area 6,125
2022-12-06,00:00:00,Stage 3,Area 14,125
2022-12-06,00:00:00,Stage 3,Area 10,125
2022-12-06,02:00:00,Stage 3,Area 7,125
2022-12-06,02:00:00,Stage 3,Area 15,125
2022-12-06,02:00:00,Stage 3,Area 11,125
2022-12-06,04:00:00,Stage 3,Area 8,65
2022-12-06,04:00:00,Stage 3,Area 16,125
2022-12-06,04:00:00,Stage 3,Area 12,65
2022-12-06,06:00:00,Stage 1,Area 1,120
2022-12-06,08:00:00,Stage 1,Area 2,120
2022-12-06,10:00:00,Stage 1,Area 3,120
2022-12-06,12:00:00,Stage 1,Area 4,126
2022-12-06,14:00:00,Stage 1,Area 5,132
2022-12-06,16:00:00,Stage 2,Area 6,135
2022-12-06,16:00:00,Stage 2,Area 14,135
2022-12-06,18:00:00,Stage 2,Area 7,129
2022-12-06,18:00:00,Stage 2,Area 15,126
2022-12-06,20:00:00,Stage 2,Area 8,120
2022-12-06,20:00:00,Stage 2,Area 16,120
2022-12-06,22:00:00,Stage 3,Area 5,120
2022-12-06,22:00:00,Stage 3,Area 1,120
2022-12-06,22:00:00,Stage 3,Area 9,120
2022-12-07,00:00:00,Stage 3,Area 6,120
2022-12-07,00:00:00,Stage 3,Area 2,120
2022-12-07,00:00:00,Stage 3,Area 10,120
2022-12-07,02:00:00,Stage 3,Area 7,120
2022-12-07,02:00:00,Stage 3,Area 3,120
2022-12-07,02:00:00,Stage 3,Area 11,120
2022-12-07,04:00:00,Stage 3,Area 8,60
2022-12-07,04:00:00,Stage 3,Area 4,60
2022-12-07,04:00:00,Stage 3,Area 12,60
2022-12-07,09:00:00,Stage 3,Area 6,60
2022-12-07,09:00:00,Stage 3,Area 14,60
2022-12-07,09:00:00,Stage 3,Area 10,60
2022-12-07,10:00:00,Stage 3,Area 7,120
2022-12-07,10:00:00,Stage 3,Area 15,120
2022-12-07,10:00:00,Stage 3,Area 11,120
2022-12-07,12:00:00,Stage 5,Area 8,120
2022-12-07,12:00:00,Stage 5,Area 16,136
2022-12-07,12:00:00,Stage 5,Area 1,120
2022-12-07,12:00:00,Stage 5,Area 4,131
2022-12-07,12:00:00,Stage 5,Area 12,135
2022-12-07,14:00:00,Stage 5,Area 5,127
2022-12-07,14:00:00,Stage 5,Area 13,142
2022-12-07,14:00:00,Stage 5,Area 1,120
2022-12-07,14:00:00,Stage 5,Area 2,120
2022-12-07,14:00:00,Stage 5,Area 9,127
2022-12-07,16:00:00,Stage 5,Area 6,129
2022-12-07,16:00:00,Stage 5,Area 14,137
2022-12-07,16:00:00,Stage 5,Area 2,132
2022-12-07,16:00:00,Stage 5,Area 3,120
2022-12-07,16:00:00,Stage 5,Area 10,132
2022-12-07,18:00:00,Stage 5,Area 7,142
2022-12-07,18:00:00,Stage 5,Area 15,132
2022-12-07,18:00:00,Stage 5,Area 3,128
2022-12-07,18:00:00,Stage 5,Area 4,120
2022-12-07,18:00:00,Stage 5,Area 11,133
2022-12-07,20:00:00,Stage 5,Area 5,120
2022-12-07,20:00:00,Stage 5,Area 8,128
2022-12-07,20:00:00,Stage 5,Area 16,137
2022-12-07,20:00:00,Stage 5,Area 4,142
2022-12-07,20:00:00,Stage 5,Area 12,131
2022-12-07,22:00:00,Stage 6,Area 5,121
2022-12-07,22:00:00,Stage 6,Area 6,120
2022-12-07,22:00:00,Stage 6,Area 13,120
2022-12-07,22:00:00,Stage 6,Area 14,120
2022-12-07,22:00:00,Stage 6,Area 1,120
2022-12-07,22:00:00,Stage 6,Area 9,120
2022-12-08,00:00:00,Stage 6,Area 6,120
2022-12-08,00:00:00,Stage 6,Area 7,120
2022-12-08,00:00:00,Stage 6,Area 14,120
2022-12-08,00:00:00,Stage 6,Area 15,120
2022-12-08,00:00:00,Stage 6,Area 2,120
2022-12-08,00:00:00,Stage 6,Area 10,120
2022-12-08,02:00:00,Stage 6,Area 7,120
2022-12-08,02:00:00,Stage 6,Area 8,120
2022-12-08,02:00:00,Stage 6,Area 15,120
2022-12-08,02:00:00,Stage 6,Area 16,120
2022-12-08,02:00:00,Stage 6,Area 3,120
2022-12-08,02:00:00,Stage 6,Area 11,120
2022-12-08,04:00:00,Stage 6,Area 8,120
2022-12-08,04:00:00,Stage 6,Area 16,120
2022-12-08,04:00:00,Stage 6,Area 1,120
2022-12-08,04:00:00,Stage 6,Area 4,120
2022-12-08,04:00:00,Stage 6,Area 9,120
2022-12-08,04:00:00,Stage 6,Area 12,120
2022-12-08,06:00:00,Stage 4,Area 5,120
2022-12-08,06:00:00,Stage 4,Area 13,120
2022-12-08,06:00:00,Stage 4,Area 1,120
2022-12-08,06:00:00,Stage 4,Area 9,120
2022-12-08,08:00:00,Stage 4,Area 6,120
2022-12-08,08:00:00,Stage 4,Area 14,120
2022-12-08,08:00:00,Stage 4,Area 2,120
2022-12-08,08:00:00,Stage 4,Area 10,120
2022-12-08,10:00:00,Stage 4,Area 7,120
2022-12-08,10:00:00,Stage 4,Area 15,120
2022-12-08,10:00:00,Stage 4,Area 3,120
2022-12-08,10:00:00,Stage 4,Area 11,120
2022-12-08,12:00:00,Stage 4,Area 8,120
2022-12-08,12:00:00,Stage 4,Area 16,120
2022-12-08,12:00:00,Stage 4,Area 4,120
2022-12-08,12:00:00,Stage 4,Area 12,120
2022-12-08,14:00:00,Stage 4,Area 5,129
2022-12-08,14:00:00,Stage 4,Area 13,129
2022-12-08,14:00:00,Stage 4,Area 1,132
2022-12-08,14:00:00,Stage 4,Area 9,130
2022-12-08,16:00:00,Stage 5,Area 6,136
2022-12-08,16:00:00,Stage 5,Area 14,139
2022-12-08,16:00:00,Stage 5,Area 15,120
2022-12-08,16:00:00,Stage 5,Area 2,136
2022-12-08,16:00:00,Stage 5,Area 10,138
2022-12-08,18:00:00,Stage 5,Area 7,134
2022-12-08,18:00:00,Stage 5,Area 15,121
2022-12-08,18:00:00,Stage 5,Area 16,120
2022-12-08,18:00:00,Stage 5,Area 3,135
2022-12-08,18:00:00,Stage 5,Area 11,131
2022-12-08,20:00:00,Stage 5,Area 8,130
2022-12-08,20:00:00,Stage 5,Area 16,121
2022-12-08,20:00:00,Stage 5,Area 1,120
2022-12-08,20:00:00,Stage 5,Area 4,138
2022-12-08,20:00:00,Stage 5,Area 12,131
2022-12-08,22:00:00,Stage 6,Area 5,120
2022-12-08,22:00:00,Stage 6,Area 13,120
2022-12-08,22:00:00,Stage 6,Area 1,125
2022-12-08,22:00:00,Stage 6,Area 2,120
2022-12-08,22:00:00,Stage 6,Area 9,120
2022-12-08,22:00:00,Stage 6,Area 10,120
2022-12-09,00:00:00,Stage 6,Area 7,120
2022-12-09,00:00:00,Stage 6,Area 15,120
2022-12-09,00:00:00,Stage 6,Area 3,120
2022-12-09,00:00:00,Stage 6,Area 4,120
2022-12-09,00:00:00,Stage 6,Area 11,120
2022-12-09,00:00:00,Stage 6,Area 12,120
2022-12-09,02:00:00,Stage 6,Area 5,120
2022-12-09,02:00:00,Stage 6,Area 8,120
2022-12-09,02:00:00,Stage 6,Area 13,120
2022-12-09,02:00:00,Stage 6,Area 16,120
2022-12-09,02:00:00,Stage 6,Area 4,120
2022-12-09,02:00:00,Stage 6,Area 12,120
2022-12-09,04:00:00,Stage 6,Area 5,120
2022-12-09,04:00:00,Stage 6,Area 6,60
2022-12-09,04:00:00,Stage 6,Area 13,120
2022-12-09,04:00:00,Stage 6,Area 14,60
2022-12-09,04:00:00,Stage 6,Area 1,120
2022-12-09,04:00:00,Stage 6,Area 9,120
2022-12-09,06:00:00,Stage 4,Area 6,135
2022-12-09,06:00:00,Stage 4,Area 14,135
2022-12-09,06:00:00,Stage 4,Area 2,135
2022-12-09,06:00:00,Stage 4,Area 10,135
2022-12-09,08:00:00,Stage 4,Area 7,150
2022-12-09,08:00:00,Stage 4,Area 15,150
2022-12-09,08:00:00,Stage 4,Area 3,150
2022-12-09,08:00:00,Stage 4,Area 11,150
2022-12-09,10:00:00,Stage 4,Area 8,150
2022-12-09,10:00:00,Stage 4,Area 16,150
2022-12-09,10:00:00,Stage 4,Area 4,150
2022-12-09,10:00:00,Stage 4,Area 12,150
2022-12-09,12:00:00,Stage 4,Area 5,140
2022-12-09,12:00:00,Stage 4,Area 13,150
2022-12-09,12:00:00,Stage 4,Area 1,135
2022-12-09,12:00:00,Stage 4,Area 9,150
2022-12-09,14:00:00,Stage 4,Area 6,131
2022-12-09,14:00:00,Stage 4,Area 14,129
2022-12-09,14:00:00,Stage 4,Area 2,132
2022-12-09,14:00:00,Stage 4,Area 10,140
2022-12-09,16:00:00,Stage 4,Area 7,135
2022-12-09,16:00:00,Stage 4,Area 15,141
2022-12-09,16:00:00,Stage 4,Area 3,133
2022-12-09,16:00:00,Stage 4,Area 11,139
2022-12-09,18:00:00,Stage 4,Area 8,130
2022-12-09,18:00:00,Stage 4,Area 16,135
2022-12-09,18:00:00,Stage 4,Area 4,126
2022-12-09,18:00:00,Stage 4,Area 12,137
2022-12-09,20:00:00,Stage 4,Area 5,120
2022-12-09,20:00:00,Stage 4,Area 13,120
2022-12-09,20:00:00,Stage 4,Area 1,120
2022-12-09,20:00:00,Stage 4,Area 9,120
2022-12-09,22:00:00,Stage 5,Area 6,120
2022-12-09,22:00:00,Stage 5,Area 14,120
2022-12-09,22:00:00,Stage 5,Area 15,120
2022-12-09,22:00:00,Stage 5,Area 2,120
2022-12-09,22:00:00,Stage 5,Area 10,120
2022-12-10,00:00:00,Stage 5,Area 7,120
2022-12-10,00:00:00,Stage 5,Area 15,120
2022-12-10,00:00:00,Stage 5,Area 16,120
2022-12-10,00:00:00,Stage 5,Area 3,120
2022-12-10,00:00:00,Stage 5,Area 11,120
2022-12-10,02:00:00,Stage 5,Area 8,120
2022-12-10,02:00:00,Stage 5,Area 16,120
2022-12-10,02:00:00,Stage 5,Area 1,120
2022-12-10,02:00:00,Stage 5,Area 4,120
2022-12-10,02:00:00,Stage 5,Area 12,120
2022-12-10,04:00:00,Stage 5,Area 5,125
2022-12-10,04:00:00,Stage 5,Area 13,125
2022-12-10,04:00:00,Stage 5,Area 1,125
2022-12-10,04:00:00,Stage 5,Area 2,60
2022-12-10,04:00:00,Stage 5,Area 9,125
2022-12-10,06:00:00,Stage 4,Area 6,125
2022-12-10,06:00:00,Stage 4,Area 14,125
2022-12-10,06:00:00,Stage 4,Area 2,150
2022-12-10,06:00:00,Stage 4,Area 10,120
2022-12-10,08:00:00,Stage 4,Area 7,125
2022-12-10,08:00:00,Stage 4,Area 15,125
2022-12-10,08:00:00,Stage 4,Area 3,150
2022-12-10,08:00:00,Stage 4,Area 11,125
2022-12-10,10:00:00,Stage 4,Area 8,125
2022-12-10,10:00:00,Stage 4,Area 16,125
2022-12-10,10:00:00,Stage 4,Area 4,150
2022-12-10,10:00:00,Stage 4,Area 12,125
2022-12-10,12:00:00,Stage 5,Area 5,150
2022-12-10,12:00:00,Stage 5,Area 13,120
2022-12-10,12:00:00,Stage 5,Area 1,150
2022-12-10,12:00:00,Stage 5,Area 9,120
2022-12-10,13:00:00,Stage 5,Area 6,60
2022-12-10,14:00:00,Stage 5,Area 6,150
2022-12-10,14:00:00,Stage 5,Area 7,120
2022-12-10,14:00:00,Stage 5,Area 14,150
2022-12-10,14:00:00,Stage 5,Area 2,150
2022-12-10,14:00:00,Stage 5,Area 10,150
2022-12-10,16:00:00,Stage 5,Area 7,150
2022-12-10,16:00:00,Stage 5,Area 8,120
2022-12-10,16:00:00,Stage 5,Area 15,150
2022-12-10,16:00:00,Stage 5,Area 3,150
2022-12-10,16:00:00,Stage 5,Area 11,150
2022-12-10,18:00:00,Stage 5,Area 8,150
2022-12-10,18:00:00,Stage 5,Area 16,150
2022-12-10,18:00:00,Stage 5,Area 4,150
2022-12-10,18:00:00,Stage 5,Area 9,120
2022-12-10,18:00:00,Stage 5,Area 12,150
2022-12-10,20:00:00,Stage 5,Area 5,150
2022-12-10,20:00:00,Stage 5,Area 13,150
2022-12-10,20:00:00,Stage 5,Area 1,150
2022-12-10,20:00:00,Stage 5,Area 9,150
2022-12-10,20:00:00,Stage 5,Area 10,120
2022-12-10,22:00:00,Stage 5,Area 6,150
2022-12-10,22:00:00,Stage 5,Area 14,150
2022-12-10,22:00:00,Stage 5,Area 2,150
2022-12-10,22:00:00,Stage 5,Area 10,150
2022-12-10,22:00:00,Stage 5,Area 11,150
2022-12-11,00:00:00,Stage 5,Area 7,150
2022-12-11,00:00:00,Stage 5,Area 15,150
2022-12-11,00:00:00,Stage 5,Area 3,150
2022-12-11,00:00:00,Stage 5,Area 11,120
2022-12-11,00:00:00,Stage 5,Area 12,120
2022-12-11,02:00:00,Stage 5,Area 8,150
2022-12-11,02:00:00,Stage 5,Area 13,120
2022-12-11,02:00:00,Stage 5,Area 16,150
2022-12-11,02:00:00,Stage 5,Area 4,150
2022-12-11,02:00:00,Stage 5,Area 12,120
2022-12-11,04:00:00,Stage 5,Area 5,150
2022-12-11,04:00:00,Stage 5,Area 13,120
2022-12-11,04:00:00,Stage 5,Area 14,120
2022-12-11,04:00:00,Stage 5,Area 1,150
2022-12-11,04:00:00,Stage 5,Area 9,150
2022-12-11,06:00:00,Stage 5,Area 6,150
2022-12-11,06:00:00,Stage 5,Area 14,150
2022-12-11,06:00:00,Stage 5,Area 15,120
2022-12-11,06:00:00,Stage 5,Area 2,150
2022-12-11,06:00:00,Stage 5,Area 10,150
2022-12-11,08:00:00,Stage 5,Area 7,150
2022-12-11,08:00:00,Stage 5,Area 15,150
2022-12-11,08:00:00,Stage 5,Area 16,120
2022-12-11,08:00:00,Stage 5,Area 3,150
2022-12-11,08:00:00,Stage 5,Area 11,150
2022-12-11,10:00:00,Stage 5,Area 8,150
2022-12-11,10:00:00,Stage 5,Area 16,150
2022-12-11,10:00:00,Stage 5,Area 1,120
2022-12-11,10:00:00,Stage 5,Area 4,150
2022-12-11,10:00:00,Stage 5,Area 12,150
2022-12-11,12:00:00,Stage 5,Area 5,150
2022-12-11,12:00:00,Stage 5,Area 13,150
2022-12-11,12:00:00,Stage 5,Area 1,150
2022-12-11,12:00:00,Stage 5,Area 2,120
2022-12-11,12:00:00,Stage 5,Area 9,150
2022-12-11,14:00:00,Stage 5,Area 6,150
2022-12-11,14:00:00,Stage 5,Area 14,150
2022-12-11,14:00:00,Stage 5,Area 2,150
2022-12-11,14:00:00,Stage 5,Area 3,120
2022-12-11,14:00:00,Stage 5,Area 10,150
2022-12-11,16:00:00,Stage 5,Area 7,150
2022-12-11,16:00:00,Stage 5,Area 15,150
2022-12-11,16:00:00,Stage 5,Area 3,150
2022-12-11,16:00:00,Stage 5,Area 4,120
2022-12-11,16:00:00,Stage 5,Area 11,150
2022-12-11,18:00:00,Stage 5,Area 5,120
2022-12-11,18:00:00,Stage 5,Area 8,150
2022-12-11,18:00:00,Stage 5,Area 16,150
2022-12-11,18:00:00,Stage 5,Area 4,150
2022-12-11,18:00:00,Stage 5,Area 12,150
2022-12-11,20:00:00,Stage 5,Area 5,150
2022-12-11,20:00:00,Stage 5,Area 6,120
2022-12-11,20:00:00,Stage 5,Area 13,150
2022-12-11,20:00:00,Stage 5,Area 1,150
2022-12-11,20:00:00,Stage 5,Area 9,150
2022-12-11,22:00:00,Stage 5,Area 6,150
2022-12-11,22:00:00,Stage 5,Area 7,120
2022-12-11,22:00:00,Stage 5,Area 14,150
2022-12-11,22:00:00,Stage 5,Area 2,150
2022-12-11,22:00:00,Stage 5,Area 10,150
2022-12-12,00:00:00,Stage 5,Area 7,150
2022-12-12,00:00:00,Stage 5,Area 8,120
2022-12-12,00:00:00,Stage 5,Area 15,150
2022-12-12,00:00:00,Stage 5,Area 3,150
2022-12-12,00:00:00,Stage 5,Area 11,150
2022-12-12,02:00:00,Stage 5,Area 8,150
2022-12-12,02:00:00,Stage 5,Area 16,150
2022-12-12,02:00:00,Stage 5,Area 4,150
2022-12-12,02:00:00,Stage 5,Area 9,120
2022-12-12,02:00:00,Stage 5,Area 12,150
2022-12-12,04:00:00,Stage 5,Area 5,150
2022-12-12,04:00:00,Stage 5,Area 13,150
2022-12-12,04:00:00,Stage 5,Area 1,150
2022-12-12,04:00:00,Stage 5,Area 9,150
2022-12-12,04:00:00,Stage 5,Area 10,120
2022-12-12,06:00:00,Stage 4,Area 6,150
2022-12-12,06:00:00,Stage 4,Area 14,120
2022-12-12,06:00:00,Stage 4,Area 2,120
2022-12-12,06:00:00,Stage 4,Area 10,150
2022-12-12,08:00:00,Stage 4,Area 7,150
2022-12-12,08:00:00,Stage 4,Area 15,150
2022-12-12,08:00:00,Stage 4,Area 3,150
2022-12-12,08:00:00,Stage 4,Area 11,150
2022-12-12,10:00:00,Stage 4,Area 8,150
2022-12-12,10:00:00,Stage 4,Area 16,150
2022-12-12,10:00:00,Stage 4,Area 4,150
2022-12-12,10:00:00,Stage 4,Area 12,150
2022-12-12,12:00:00,Stage 4,Area 5,150
2022-12-12,12:00:00,Stage 4,Area 13,150
2022-12-12,12:00:00,Stage 4,Area 1,150
2022-12-12,12:00:00,Stage 4,Area 9,150
2022-12-12,14:00:00,Stage 4,Area 6,120
2022-12-12,14:00:00,Stage 4,Area 14,120
2022-12-12,14:00:00,Stage 4,Area 2,150
2022-12-12,14:00:00,Stage 4,Area 10,120
2022-12-12,16:00:00,Stage 4,Area 7,111
2022-12-12,16:00:00,Stage 4,Area 15,120
2022-12-12,16:00:00,Stage 4,Area 3,120
2022-12-12,16:00:00,Stage 4,Area 11,120
2022-12-12,18:00:00,Stage 4,Area 8,150
2022-12-12,18:00:00,Stage 4,Area 16,120
2022-12-12,18:00:00,Stage 4,Area 4,150
2022-12-12,18:00:00,Stage 4,Area 12,120
2022-12-12,20:00:00,Stage 4,Area 5,120
2022-12-12,20:00:00,Stage 4,Area 13,120
2022-12-12,20:00:00,Stage 4,Area 1,150
2022-12-12,20:00:00,Stage 4,Area 9,120
2022-12-12,22:00:00,Stage 5,Area 6,120
2022-12-12,22:00:00,Stage 5,Area 14,150
2022-12-12,22:00:00,Stage 5,Area 2,150
2022-12-12,22:00:00,Stage 5,Area 3,120
2022-12-12,22:00:00,Stage 5,Area 10,150
2022-12-13,00:00:00,Stage 5,Area 8,120
2022-12-13,00:00:00,Stage 5,Area 16,150
2022-12-13,00:00:00,Stage 5,Area 1,120
2022-12-13,00:00:00,Stage 5,Area 4,150
2022-12-13,00:00:00,Stage 5,Area 12,120
2022-12-13,02:00:00,Stage 5,Area 5,150
2022-12-13,02:00:00,Stage 5,Area 13,120
2022-12-13,02:00:00,Stage 5,Area 1,150
2022-12-13,02:00:00,Stage 5,Area 2,120
2022-12-13,02:00:00,Stage 5,Area 9,120
2022-12-13,04:00:00,Stage 5,Area 6,150
2022-12-13,04:00:00,Stage 5,Area 14,150
2022-12-13,04:00:00,Stage 5,Area 2,120
2022-12-13,04:00:00,Stage 5,Area 3,120
2022-12-13,04:00:00,Stage 5,Area 10,150
2022-12-13,06:00:00,Stage 4,Area 7,120
2022-12-13,06:00:00,Stage 4,Area 15,120
2022-12-13,06:00:00,Stage 4,Area 3,150
2022-12-13,06:00:00,Stage 4,Area 11,120
2022-12-13,08:00:00,Stage 4,Area 8,120
2022-12-13,08:00:00,Stage 4,Area 16,120
2022-12-13,08:00:00,Stage 4,Area 4,120
2022-12-13,08:00:00,Stage 4,Area 12,120
2022-12-13,10:00:00,Stage 4,Area 5,120
2022-12-13,10:00:00,Stage 4,Area 13,120
2022-12-13,10:00:00,Stage 4,Area 1,120
2022-12-13,10:00:00,Stage 4,Area 9,120
2022-12-13,12:00:00,Stage 4,Area 6,120
2022-12-13,12:00:00,Stage 4,Area 14,120
2022-12-13,12:00:00,Stage 4,Area 2,120
2022-12-13,12:00:00,Stage 4,Area 10,120
2022-12-13,14:00:00,Stage 4,Area 7,120
2022-12-13,14:00:00,Stage 4,Area 15,120
2022-12-13,14:00:00,Stage 4,Area 3,120
2022-12-13,14:00:00,Stage 4,Area 11,120
2022-12-13,16:00:00,Stage 4,Area 8,120
2022-12-13,16:00:00,Stage 4,Area 16,120
2022-12-13,16:00:00,Stage 4,Area 4,120
2022-12-13,16:00:00,Stage 4,Area 12,120
2022-12-13,18:00:00,Stage 4,Area 5,135
2022-12-13,18:00:00,Stage 4,Area 13,135
2022-12-13,18:00:00,Stage 4,Area 1,135
2022-12-13,18:00:00,Stage 4,Area 9,135
2022-12-13,20:00:00,Stage 4,Area 6,135
2022-12-13,20:00:00,Stage 4,Area 14,150
2022-12-13,20:00:00,Stage 4,Area 2,130
2022-12-13,20:00:00,Stage 4,Area 10,135
2022-12-13,22:00:00,Stage 5,Area 7,120
2022-12-13,22:00:00,Stage 5,Area 15,120
2022-12-13,22:00:00,Stage 5,Area 3,120
2022-12-13,22:00:00,Stage 5,Area 11,120
2022-12-13,22:00:00,Stage 5,Area 12,120
2022-12-14,00:00:00,Stage 5,Area 8,135
2022-12-14,00:00:00,Stage 5,Area 13,120
2022-12-14,00:00:00,Stage 5,Area 16,135
2022-12-14,00:00:00,Stage 5,Area 4,135
2022-12-14,00:00:00,Stage 5,Area 12,135
2022-12-14,02:00:00,Stage 5,Area 5,135
2022-12-14,02:00:00,Stage 5,Area 13,135
2022-12-14,02:00:00,Stage 5,Area 14,120
2022-12-14,02:00:00,Stage 5,Area 1,135
2022-12-14,02:00:00,Stage 5,Area 9,135
2022-12-14,04:00:00,Stage 5,Area 6,135
2022-12-14,04:00:00,Stage 5,Area 14,135
2022-12-14,04:00:00,Stage 5,Area 15,135
2022-12-14,04:00:00,Stage 5,Area 2,135
2022-12-14,04:00:00,Stage 5,Area 10,135
2022-12-14,06:00:00,Stage 4,Area 7,120
2022-12-14,06:00:00,Stage 4,Area 15,120
2022-12-14,06:00:00,Stage 4,Area 3,120
2022-12-14,06:00:00,Stage 4,Area 11,120
2022-12-14,08:00:00,Stage 4,Area 8,120
2022-12-14,08:00:00,Stage 4,Area 16,120
2022-12-14,08:00:00,Stage 4,Area 4,120
2022-12-14,08:00:00,Stage 4,Area 12,120
2022-12-14,10:00:00,Stage 4,Area 5,120
2022-12-14,10:00:00,Stage 4,Area 13,120
2022-12-14,10:00:00,Stage 4,Area 1,120
2022-12-14,10:00:00,Stage 4,Area 9,120
2022-12-14,12:00:00,Stage 4,Area 6,120
2022-12-14,12:00:00,Stage 4,Area 14,120
2022-12-14,12:00:00,Stage 4,Area 2,120
2022-12-14,12:00:00,Stage 4,Area 10,120
2022-12-14,14:00:00,Stage 4,Area 7,120
2022-12-14,14:00:00,Stage 4,Area 15,120
2022-12-14,14:00:00,Stage 4,Area 3,120
2022-12-14,14:00:00,Stage 4,Area 11,120
2022-12-14,16:00:00,Stage 4,Area 8,120
2022-12-14,16:00:00,Stage 4,Area 16,120
2022-12-14,16:00:00,Stage 4,Area 4,120
2022-12-14,16:00:00,Stage 4,Area 12,120
2022-12-14,18:00:00,Stage 4,Area 5,135
2022-12-14,18:00:00,Stage 4,Area 13,140
2022-12-14,18:00:00,Stage 4,Area 1,150
2022-12-14,18:00:00,Stage 4,Area 9,130
2022-12-14,20:00:00,Stage 4,Area 6,150
2022-12-14,20:00:00,Stage 4,Area 14,135
2022-12-14,20:00:00,Stage 4,Area 2,130
2022-12-14,20:00:00,Stage 4,Area 10,145
2022-12-14,22:00:00,Stage 5,Area 7,120
2022-12-14,22:00:00,Stage 5,Area 8,120
2022-12-14,22:00:00,Stage 5,Area 15,120
2022-12-14,22:00:00,Stage 5,Area 3,120
2022-12-14,22:00:00,Stage 5,Area 11,120
2022-12-15,00:00:00,Stage 5,Area 8,130
2022-12-15,00:00:00,Stage 5,Area 16,135
2022-12-15,00:00:00,Stage 5,Area 4,135
2022-12-15,00:00:00,Stage 5,Area 9,120
2022-12-15,00:00:00,Stage 5,Area 12,135
2022-12-15,02:00:00,Stage 5,Area 5,135
2022-12-15,02:00:00,Stage 5,Area 13,135
2022-12-15,02:00:00,Stage 5,Area 1,135
2022-12-15,02:00:00,Stage 5,Area 9,135
2022-12-15,02:00:00,Stage 5,Area 10,120
2022-12-15,04:00:00,Stage 5,Area 6,135
2022-12-15,04:00:00,Stage 5,Area 14,135
2022-12-15,04:00:00,Stage 5,Area 2,75
2022-12-15,04:00:00,Stage 5,Area 10,135
2022-12-15,04:00:00,Stage 5,Area 11,120
2022-12-15,06:00:00,Stage 3,Area 7,120
2022-12-15,06:00:00,Stage 3,Area 15,120
2022-12-15,06:00:00,Stage 3,Area 11,150
2022-12-15,08:00:00,Stage 3,Area 8,120
2022-12-15,08:00:00,Stage 3,Area 16,120
2022-12-15,08:00:00,Stage 3,Area 12,120
2022-12-15,10:00:00,Stage 3,Area 13,120
2022-12-15,10:00:00,Stage 3,Area 1,120
2022-12-15,10:00:00,Stage 3,Area 9,120
2022-12-15,12:00:00,Stage 3,Area 14,120
2022-12-15,12:00:00,Stage 3,Area 2,120
2022-12-15,12:00:00,Stage 3,Area 10,120
2022-12-15,14:00:00,Stage 3,Area 15,120
2022-12-15,14:00:00,Stage 3,Area 3,120
2022-12-15,14:00:00,Stage 3,Area 11,120
2022-12-15,16:00:00,Stage 3,Area 16,120
2022-12-15,16:00:00,Stage 3,Area 4,120
2022-12-15,16:00:00,Stage 3,Area 12,120
2022-12-15,18:00:00,Stage 3,Area 5,130
2022-12-15,18:00:00,Stage 3,Area 13,130
2022-12-15,18:00:00,Stage 3,Area 1,130
2022-12-15,20:00:00,Stage 3,Area 6,130
2022-12-15,20:00:00,Stage 3,Area 14,130
2022-12-15,20:00:00,Stage 3,Area 2,130
2022-12-15,22:00:00,Stage 4,Area 7,139
2022-12-15,22:00:00,Stage 4,Area 15,128
2022-12-15,22:00:00,Stage 4,Area 3,130
2022-12-15,22:00:00,Stage 4,Area 11,130
2022-12-16,00:00:00,Stage 4,Area 8,130
2022-12-16,00:00:00,Stage 4,Area 16,130
2022-12-16,00:00:00,Stage 4,Area 4,130
2022-12-16,00:00:00,Stage 4,Area 12,130
2022-12-16,02:00:00,Stage 4,Area 5,130
2022-12-16,02:00:00,Stage 4,Area 13,130
2022-12-16,02:00:00,Stage 4,Area 1,130
2022-12-16,02:00:00,Stage 4,Area 9,130
2022-12-16,04:00:00,Stage 4,Area 6,130
2022-12-16,04:00:00,Stage 4,Area 14,65
2022-12-16,04:00:00,Stage 4,Area 2,130
2022-12-16,04:00:00,Stage 4,Area 10,130
2022-12-16,06:00:00,Stage 3,Area 7,120
2022-12-16,06:00:00,Stage 3,Area 3,120
2022-12-16,06:00:00,Stage 3,Area 11,120
2022-12-16,08:00:00,Stage 5,Area 8,120
2022-12-16,08:00:00,Stage 5,Area 4,130
2022-12-16,08:00:00,Stage 5,Area 12,120
2022-12-16,08:50:00,Stage 5,Area 16,82
2022-12-16,08:50:00,Stage 5,Area 9,70
2022-12-16,10:00:00,Stage 5,Area 5,120
2022-12-16,10:00:00,Stage 5,Area 13,133
2022-12-16,10:00:00,Stage 5,Area 1,120
2022-12-16,10:00:00,Stage 5,Area 9,120
2022-12-16,10:00:00,Stage 5,Area 10,120
2022-12-16,12:00:00,Stage 5,Area 6,120
2022-12-16,12:00:00,Stage 5,Area 14,150
2022-12-16,12:00:00,Stage 5,Area 2,120
2022-12-16,12:00:00,Stage 5,Area 10,120
2022-12-16,12:00:00,Stage 5,Area 11,120
2022-12-16,14:00:00,Stage 5,Area 7,120
2022-12-16,14:00:00,Stage 5,Area 15,120
2022-12-16,14:00:00,Stage 5,Area 3,120
2022-12-16,14:00:00,Stage 5,Area 11,120
2022-12-16,14:00:00,Stage 5,Area 12,120
2022-12-16,16:00:00,Stage 5,Area 8,130
2022-12-16,16:00:00,Stage 5,Area 13,120
2022-12-16,16:00:00,Stage 5,Area 16,122
2022-12-16,16:00:00,Stage 5,Area 4,120
2022-12-16,16:00:00,Stage 5,Area 12,120
2022-12-16,18:00:00,Stage 5,Area 5,150
2022-12-16,18:00:00,Stage 5,Area 13,150
2022-12-16,18:00:00,Stage 5,Area 14,120
2022-12-16,18:00:00,Stage 5,Area 1,150
2022-12-16,18:00:00,Stage 5,Area 9,150
2022-12-16,20:00:00,Stage 5,Area 6,150
2022-12-16,20:00:00,Stage 5,Area 14,150
2022-12-16,20:00:00,Stage 5,Area 15,120
2022-12-16,20:00:00,Stage 5,Area 2,150
2022-12-16,20:00:00,Stage 5,Area 10,150
2022-12-16,22:00:00,Stage 6,Area 7,150
2022-12-16,22:00:00,Stage 6,Area 8,150
2022-12-16,22:00:00,Stage 6,Area 15,150
2022-12-16,22:00:00,Stage 6,Area 16,150
2022-12-16,22:00:00,Stage 6,Area 3,150
2022-12-16,22:00:00,Stage 6,Area 11,150
2022-12-17,00:00:00,Stage 6,Area 5,150
2022-12-17,00:00:00,Stage 6,Area 13,150
2022-12-17,00:00:00,Stage 6,Area 1,150
2022-12-17,00:00:00,Stage 6,Area 2,120
2022-12-17,00:00:00,Stage 6,Area 9,150
2022-12-17,00:00:00,Stage 6,Area 10,120
2022-12-17,02:00:00,Stage 6,Area 6,150
2022-12-17,02:00:00,Stage 6,Area 14,150
2022-12-17,02:00:00,Stage 6,Area 2,150
2022-12-17,02:00:00,Stage 6,Area 3,120
2022-12-17,02:00:00,Stage 6,Area 10,150
2022-12-17,02:00:00,Stage 6,Area 11,120
2022-12-17,04:00:00,Stage 5,Area 7,150
2022-12-17,04:00:00,Stage 5,Area 15,150
2022-12-17,04:00:00,Stage 5,Area 3,150
2022-12-17,04:00:00,Stage 5,Area 4,120
2022-12-17,04:00:00,Stage 5,Area 11,150
2022-12-17,06:00:00,Stage 5,Area 5,120
2022-12-17,06:00:00,Stage 5,Area 8,150
2022-12-17,06:00:00,Stage 5,Area 16,150
2022-12-17,06:00:00,Stage 5,Area 4,150
2022-12-17,06:00:00,Stage 5,Area 12,150
2022-12-17,08:00:00,Stage 5,Area 5,150
2022-12-17,08:00:00,Stage 5,Area 6,120
2022-12-17,08:00:00,Stage 5,Area 13,120
2022-12-17,08:00:00,Stage 5,Area 1,120
2022-12-17,08:00:00,Stage 5,Area 9,120
2022-12-17,10:00:00,Stage 5,Area 6,134
2022-12-17,10:00:00,Stage 5,Area 7,120
2022-12-17,10:00:00,Stage 5,Area 14,123
2022-12-17,10:00:00,Stage 5,Area 2,120
2022-12-17,10:00:00,Stage 5,Area 10,134
2022-12-17,12:00:00,Stage 5,Area 7,120
2022-12-17,12:00:00,Stage 5,Area 8,120
2022-12-17,12:00:00,Stage 5,Area 15,120
2022-12-17,12:00:00,Stage 5,Area 3,125
2022-12-17,12:00:00,Stage 5,Area 11,129
2022-12-17,14:00:00,Stage 5,Area 8,120
2022-12-17,14:00:00,Stage 5,Area 16,120
2022-12-17,14:00:00,Stage 5,Area 4,126
2022-12-17,14:00:00,Stage 5,Area 9,120
2022-12-17,14:00:00,Stage 5,Area 12,120
2022-12-17,16:00:00,Stage 5,Area 5,132
2022-12-17,16:00:00,Stage 5,Area 13,120
2022-12-17,16:00:00,Stage 5,Area 1,120
2022-12-17,16:00:00,Stage 5,Area 9,125
2022-12-17,16:00:00,Stage 5,Area 10,120
2022-12-17,18:00:00,Stage 5,Area 6,150
2022-12-17,18:00:00,Stage 5,Area 14,150
2022-12-17,18:00:00,Stage 5,Area 2,150
2022-12-17,18:00:00,Stage 5,Area 10,150
2022-12-17,18:00:00,Stage 5,Area 11,120
2022-12-17,20:00:00,Stage 5,Area 7,150
2022-12-17,20:00:00,Stage 5,Area 15,150
2022-12-17,20:00:00,Stage 5,Area 3,150
2022-12-17,20:00:00,Stage 5,Area 11,150
2022-12-17,20:00:00,Stage 5,Area 12,120
2022-12-17,22:00:00,Stage 6,Area 5,120
2022-12-17,22:00:00,Stage 6,Area 8,150
2022-12-17,22:00:00,Stage 6,Area 13,120
2022-12-17,22:00:00,Stage 6,Area 16,150
2022-12-17,22:00:00,Stage 6,Area 4,150
2022-12-17,22:00:00,Stage 6,Area 12,150
2022-12-18,00:00:00,Stage 6,Area 5,150
2022-12-18,00:00:00,Stage 6,Area 6,120
2022-12-18,00:00:00,Stage 6,Area 13,150
2022-12-18,00:00:00,Stage 6,Area 14,120
2022-12-18,00:00:00,Stage 6,Area 1,150
2022-12-18,00:00:00,Stage 6,Area 9,150
2022-12-18,02:00:00,Stage 6,Area 6,150
2022-12-18,02:00:00,Stage 6,Area 7,120
2022-12-18,02:00:00,Stage 6,Area 14,150
2022-12-18,02:00:00,Stage 6,Area 15,120
2022-12-18,02:00:00,Stage 6,Area 2,150
2022-12-18,02:00:00,Stage 6,Area 10,150
2022-12-18,04:00:00,Stage 6,Area 7,150
2022-12-18,04:00:00,Stage 6,Area 8,120
2022-12-18,04:00:00,Stage 6,Area 15,150
2022-12-18,04:00:00,Stage 6,Area 16,120
2022-12-18,04:00:00,Stage 6,Area 3,150
2022-12-18,04:00:00,Stage 6,Area 11,150
2022-12-18,06:00:00,Stage 6,Area 8,150
2022-12-18,06:00:00,Stage 6,Area 16,150
2022-12-18,06:00:00,Stage 6,Area 1,120
2022-12-18,06:00:00,Stage 6,Area 4,150
2022-12-18,06:00:00,Stage 6,Area 9,120
2022-12-18,06:00:00,Stage 6,Area 12,150
2022-12-18,08:00:00,Stage 6,Area 5,125
2022-12-18,08:00:00,Stage 6,Area 13,120
2022-12-18,08:00:00,Stage 6,Area 1,150
2022-12-18,08:00:00,Stage 6,Area 2,120
2022-12-18,08:00:00,Stage 6,Area 9,120
2022-12-18,08:00:00,Stage 6,Area 10,120
2022-12-18,10:00:00,Stage 6,Area 6,120
2022-12-18,10:00:00,Stage 6,Area 14,130
2022-12-18,10:00:00,Stage 6,Area 2,120
2022-12-18,10:00:00,Stage 6,Area 3,120
2022-12-18,10:00:00,Stage 6,Area 10,120
2022-12-18,10:00:00,Stage 6,Area 11,120
2022-12-18,12:00:00,Stage 6,Area 7,120
2022-12-18,12:00:00,Stage 6,Area 15,122
2022-12-18,12:00:00,Stage 6,Area 3,125
2022-12-18,12:00:00,Stage 6,Area 4,120
2022-12-18,12:00:00,Stage 6,Area 11,120
2022-12-18,12:00:00,Stage 6,Area 12,120
2022-12-18,14:00:00,Stage 6,Area 5,120
2022-12-18,14:00:00,Stage 6,Area 8,120
2022-12-18,14:00:00,Stage 6,Area 13,120
2022-12-18,14:00:00,Stage 6,Area 16,123
2022-12-18,14:00:00,Stage 6,Area 4,120
2022-12-18,14:00:00,Stage 6,Area 12,123
2022-12-18,16:00:00,Stage 6,Area 5,120
2022-12-18,16:00:00,Stage 6,Area 6,120
2022-12-18,16:00:00,Stage 6,Area 13,120
2022-12-18,16:00:00,Stage 6,Area 14,120
2022-12-18,16:00:00,Stage 6,Area 1,123
2022-12-18,16:00:00,Stage 6,Area 9,125
2022-12-18,18:00:00,Stage 6,Area 6,150
2022-12-18,18:00:00,Stage 6,Area 7,120
2022-12-18,18:00:00,Stage 6,Area 14,150
2022-12-18,18:00:00,Stage 6,Area 15,120
2022-12-18,18:00:00,Stage 6,Area 2,150
2022-12-18,18:00:00,Stage 6,Area 10,150
2022-12-18,20:00:00,Stage 6,Area 7,150
2022-12-18,20:00:00,Stage 6,Area 8,120
2022-12-18,20:00:00,Stage 6,Area 15,150
2022-12-18,20:00:00,Stage 6,Area 16,120
2022-12-18,20:00:00,Stage 6,Area 3,150
2022-12-18,20:00:00,Stage 6,Area 11,150
2022-12-18,22:00:00,Stage 6,Area 8,150
2022-12-18,22:00:00,Stage 6,Area 16,150
2022-12-18,22:00:00,Stage 6,Area 1,120
2022-12-18,22:00:00,Stage 6,Area 4,150
2022-12-18,22:00:00,Stage 6,Area 9,120
2022-12-18,22:00:00,Stage 6,Area 12,150
2022-12-19,00:00:00,Stage 6,Area 5,150
2022-12-19,00:00:00,Stage 6,Area 13,150
2022-12-19,00:00:00,Stage 6,Area 1,150
2022-12-19,00:00:00,Stage 6,Area 2,120
2022-12-19,00:00:00,Stage 6,Area 9,150
2022-12-19,00:00:00,Stage 6,Area 10,120
2022-12-19,02:00:00,Stage 6,Area 6,150
2022-12-19,02:00:00,Stage 6,Area 14,150
2022-12-19,02:00:00,Stage 6,Area 2,150
2022-12-19,02:00:00,Stage 6,Area 3,120
2022-12-19,02:00:00,Stage 6,Area 10,150
2022-12-19,02:00:00,Stage 6,Area 11,120
2022-12-19,04:00:00,Stage 4,Area 7,150
2022-12-19,04:00:00,Stage 4,Area 15,150
2022-12-19,04:00:00,Stage 4,Area 3,150
2022-12-19,04:00:00,Stage 4,Area 11,150
2022-12-19,06:00:00,Stage 4,Area 8,150
2022-12-19,06:00:00,Stage 4,Area 16,150
2022-12-19,06:00:00,Stage 4,Area 4,150
2022-12-19,06:00:00,Stage 4,Area 12,150
2022-12-19,08:00:00,Stage 4,Area 5,128
2022-12-19,08:00:00,Stage 4,Area 13,120
2022-12-19,08:00:00,Stage 4,Area 1,120
2022-12-19,08:00:00,Stage 4,Area 9,129
2022-12-19,10:00:00,Stage 4,Area 6,120
2022-12-19,10:00:00,Stage 4,Area 14,120
2022-12-19,10:00:00,Stage 4,Area 2,120
2022-12-19,10:00:00,Stage 4,Area 10,120
2022-12-19,12:00:00,Stage 4,Area 7,120
2022-12-19,12:00:00,Stage 4,Area 15,120
2022-12-19,12:00:00,Stage 4,Area 3,120
2022-12-19,12:00:00,Stage 4,Area 11,120
2022-12-19,14:00:00,Stage 4,Area 8,120
2022-12-19,14:00:00,Stage 4,Area 16,120
2022-12-19,14:00:00,Stage 4,Area 4,120
2022-12-19,14:00:00,Stage 4,Area 12,120
2022-12-19,16:00:00,Stage 4,Area 5,120
2022-12-19,16:00:00,Stage 4,Area 13,120
2022-12-19,16:00:00,Stage 4,Area 1,120
2022-12-19,16:00:00,Stage 4,Area 9,120
2022-12-19,18:00:00,Stage 4,Area 6,150
2022-12-19,18:00:00,Stage 4,Area 14,150
2022-12-19,18:00:00,Stage 4,Area 2,150
2022-12-19,18:00:00,Stage 4,Area 10,150
2022-12-19,20:00:00,Stage 4,Area 7,150
2022-12-19,20:00:00,Stage 4,Area 15,150
2022-12-19,20:00:00,Stage 4,Area 3,150
2022-12-19,20:00:00,Stage 4,Area 11,150
2022-12-19,22:00:00,Stage 5,Area 5,120
2022-12-19,22:00:00,Stage 5,Area 8,150
2022-12-19,22:00:00,Stage 5,Area 16,150
2022-12-19,22:00:00,Stage 5,Area 4,150
2022-12-19,22:00:00,Stage 5,Area 12,150
2022-12-20,00:00:00,Stage 5,Area 6,120
2022-12-20,00:00:00,Stage 5,Area 13,150
2022-12-20,00:00:00,Stage 5,Area 1,150
2022-12-20,00:00:00,Stage 5,Area 9,150
2022-12-20,00:00:00,Stage 5,Area 5,150
2022-12-20,02:00:00,Stage 5,Area 6,150
2022-12-20,02:00:00,Stage 5,Area 14,150
2022-12-20,02:00:00,Stage 5,Area 2,150
2022-12-20,02:00:00,Stage 5,Area 10,150
2022-12-20,02:00:00,Stage 5,Area 7,120
2022-12-20,04:00:00,Stage 4,Area 7,150
2022-12-20,04:00:00,Stage 4,Area 15,150
2022-12-20,04:00:00,Stage 4,Area 3,150
2022-12-20,04:00:00,Stage 4,Area 11,60
2022-12-20,06:00:00,Stage 3,Area 8,150
2022-12-20,06:00:00,Stage 3,Area 16,150
2022-12-20,06:00:00,Stage 3,Area 4,150
2022-12-20,08:00:00,Stage 3,Area 5,150
2022-12-20,08:00:00,Stage 3,Area 1,150
2022-12-20,08:00:00,Stage 3,Area 9,120
2022-12-20,10:00:00,Stage 3,Area 6,150
2022-12-20,10:00:00,Stage 3,Area 2,150
2022-12-20,10:00:00,Stage 3,Area 10,150
2022-12-20,12:00:00,Stage 3,Area 7,150
2022-12-20,12:00:00,Stage 3,Area 3,150
2022-12-20,12:00:00,Stage 3,Area 11,150
2022-12-20,14:00:00,Stage 3,Area 8,120
2022-12-20,14:00:00,Stage 3,Area 4,120
2022-12-20,14:00:00,Stage 3,Area 12,120
2022-12-20,16:00:00,Stage 3,Area 5,120
2022-12-20,16:00:00,Stage 3,Area 13,120
2022-12-20,16:00:00,Stage 3,Area 9,120
2022-12-20,18:00:00,Stage 3,Area 6,127
2022-12-20,18:00:00,Stage 3,Area 14,121
2022-12-20,18:00:00,Stage 3,Area 10,120
2022-12-20,20:00:00,Stage 5,Area 7,120
2022-12-20,20:00:00,Stage 5,Area 15,127
2022-12-20,20:00:00,Stage 5,Area 16,120
2022-12-20,20:00:00,Stage 5,Area 3,120
2022-12-20,20:00:00,Stage 5,Area 11,125
2022-12-20,22:00:00,Stage 6,Area 8,124
2022-12-20,22:00:00,Stage 6,Area 16,126
2022-12-20,22:00:00,Stage 6,Area 1,120
2022-12-20,22:00:00,Stage 6,Area 4,124
2022-12-20,22:00:00,Stage 6,Area 9,120
2022-12-20,22:00:00,Stage 6,Area 12,120
2022-12-21,00:00:00,Stage 6,Area 6,126
2022-12-21,00:00:00,Stage 6,Area 14,120
2022-12-21,00:00:00,Stage 6,Area 2,120
2022-12-21,00:00:00,Stage 6,Area 3,120
2022-12-21,00:00:00,Stage 6,Area 10,126
2022-12-21,00:00:00,Stage 6,Area 11,120
2022-12-21,02:00:00,Stage 6,Area 7,120
2022-12-21,02:00:00,Stage 6,Area 15,120
2022-12-21,02:00:00,Stage 6,Area 3,120
2022-12-21,02:00:00,Stage 6,Area 4,120
2022-12-21,02:00:00,Stage 6,Area 11,120
2022-12-21,02:00:00,Stage 6,Area 12,120
2022-12-21,04:00:00,Stage 6,Area 5,70
2022-12-21,04:00:00,Stage 6,Area 8,60
2022-12-21,04:00:00,Stage 6,Area 13,60
2022-12-21,04:00:00,Stage 6,Area 16,120
2022-12-21,04:00:00,Stage 6,Area 4,120
2022-12-21,04:00:00,Stage 6,Area 12,120
2022-12-21,06:00:00,Stage 3,Area 5,120
2022-12-21,06:00:00,Stage 3,Area 13,120
2022-12-21,06:00:00,Stage 3,Area 1,120
2022-12-21,08:00:00,Stage 3,Area 6,120
2022-12-21,08:00:00,Stage 3,Area 14,120
2022-12-21,08:00:00,Stage 3,Area 2,120
2022-12-21,10:00:00,Stage 3,Area 7,120
2022-12-21,10:00:00,Stage 3,Area 15,120
2022-12-21,10:00:00,Stage 3,Area 3,120
2022-12-21,12:00:00,Stage 3,Area 8,120
2022-12-21,12:00:00,Stage 3,Area 16,120
2022-12-21,12:00:00,Stage 3,Area 4,120
2022-12-21,14:00:00,Stage 3,Area 5,120
2022-12-21,14:00:00,Stage 3,Area 1,120
2022-12-21,14:00:00,Stage 3,Area 9,120
2022-12-21,16:00:00,Stage 3,Area 6,120
2022-12-21,16:00:00,Stage 3,Area 2,120
2022-12-21,16:00:00,Stage 3,Area 10,120
2022-12-21,18:00:00,Stage 3,Area 7,125
2022-12-21,18:00:00,Stage 3,Area 3,120
2022-12-21,18:00:00,Stage 3,Area 11,120
2022-12-21,20:00:00,Stage 3,Area 8,120
2022-12-21,20:00:00,Stage 3,Area 4,120
2022-12-21,20:00:00,Stage 3,Area 12,120
2022-12-21,22:00:00,Stage 4,Area 5,121
2022-12-21,22:00:00,Stage 4,Area 13,120
2022-12-21,22:00:00,Stage 4,Area 1,121
2022-12-21,22:00:00,Stage 4,Area 9,120
2022-12-22,00:00:00,Stage 4,Area 6,120
2022-12-22,00:00:00,Stage 4,Area 14,124
2022-12-22,00:00:00,Stage 4,Area 2,120
2022-12-22,00:00:00,Stage 4,Area 10,126
2022-12-22,02:00:00,Stage 4,Area 7,120
2022-12-22,02:00:00,Stage 4,Area 15,128
2022-12-22,02:00:00,Stage 4,Area 3,120
2022-12-22,02:00:00,Stage 4,Area 11,136
2022-12-22,04:00:00,Stage 4,Area 8,120
2022-12-22,04:00:00,Stage 4,Area 16,120
2022-12-22,04:00:00,Stage 4,Area 4,60
2022-12-22,04:00:00,Stage 4,Area 12,120
2022-12-22,06:00:00,Stage 3,Area 13,120
2022-12-22,06:00:00,Stage 3,Area 1,120
2022-12-22,06:00:00,Stage 3,Area 9,120
2022-12-22,08:00:00,Stage 3,Area 14,120
2022-12-22,08:00:00,Stage 3,Area 2,120
2022-12-22,08:00:00,Stage 3,Area 10,120
2022-12-22,10:00:00,Stage 3,Area 15,120
2022-12-22,10:00:00,Stage 3,Area 3,120
2022-12-22,10:00:00,Stage 3,Area 11,120
2022-12-22,12:00:00,Stage 3,Area 16,120
2022-12-22,12:00:00,Stage 3,Area 4,120
2022-12-22,12:00:00,Stage 3,Area 12,120
2022-12-22,14:00:00,Stage 3,Area 5,120
2022-12-22,14:00:00,Stage 3,Area 13,120
2022-12-22,14:00:00,Stage 3,Area 1,120
2022-12-22,16:00:00,Stage 3,Area 6,120
2022-12-22,16:00:00,Stage 3,Area 14,120
2022-12-22,16:00:00,Stage 3,Area 2,120
2022-12-22,18:00:00,Stage 3,Area 7,120
2022-12-22,18:00:00,Stage 3,Area 15,120
2022-12-22,18:00:00,Stage 3,Area 3,120
2022-12-22,20:00:00,Stage 3,Area 8,120
2022-12-22,20:00:00,Stage 3,Area 16,123
2022-12-22,20:00:00,Stage 3,Area 10,125
2022-12-22,22:00:00,Stage 4,Area 5,120
2022-12-22,22:00:00,Stage 4,Area 13,120
2022-12-22,22:00:00,Stage 4,Area 1,120
2022-12-22,22:00:00,Stage 4,Area 9,120
2022-12-23,00:00:00,Stage 4,Area 6,120
2022-12-23,00:00:00,Stage 4,Area 14,120
2022-12-23,00:00:00,Stage 4,Area 2,120
2022-12-23,00:00:00,Stage 4,Area 10,120
2022-12-23,02:00:00,Stage 4,Area 7,120
2022-12-23,02:00:00,Stage 4,Area 15,120
2022-12-23,02:00:00,Stage 4,Area 3,120
2022-12-23,02:00:00,Stage 4,Area 11,120
2022-12-23,04:00:00,Stage 4,Area 8,120
2022-12-23,04:00:00,Stage 4,Area 16,66
2022-12-23,04:00:00,Stage 4,Area 4,120
2022-12-23,04:00:00,Stage 4,Area 12,120
2022-12-23,06:00:00,Stage 3,Area 5,120
2022-12-23,06:00:00,Stage 3,Area 13,120
2022-12-23,06:00:00,Stage 3,Area 9,120
2022-12-23,08:00:00,Stage 3,Area 6,120
2022-12-23,08:00:00,Stage 3,Area 14,120
2022-12-23,08:00:00,Stage 3,Area 10,120
2022-12-23,10:00:00,Stage 3,Area 7,120
2022-12-23,10:00:00,Stage 3,Area 15,120
2022-12-23,10:00:00,Stage 3,Area 11,120
2022-12-23,12:00:00,Stage 3,Area 8,120
2022-12-23,12:00:00,Stage 3,Area 16,120
2022-12-23,12:00:00,Stage 3,Area 12,120
2022-12-23,14:00:00,Stage 3,Area 13,120
2022-12-23,14:00:00,Stage 3,Area 1,120
2022-12-23,14:00:00,Stage 3,Area 9,120
2022-12-23,16:00:00,Stage 3,Area 14,120
2022-12-23,16:00:00,Stage 3,Area 2,120
2022-12-23,16:00:00,Stage 3,Area 10,120
2022-12-23,18:00:00,Stage 3,Area 15,120
2022-12-23,18:00:00,Stage 3,Area 3,120
2022-12-23,18:00:00,Stage 3,Area 11,120
2022-12-23,20:00:00,Stage 3,Area 16,120
2022-12-23,20:00:00,Stage 3,Area 4,120
2022-12-23,20:00:00,Stage 3,Area 12,120
2022-12-23,22:00:00,Stage 4,Area 5,120
2022-12-23,22:00:00,Stage 4,Area 13,120
2022-12-23,22:00:00,Stage 4,Area 1,120
2022-12-23,22:00:00,Stage 4,Area 9,120
2022-12-24,00:00:00,Stage 4,Area 6,120
2022-12-24,00:00:00,Stage 4,Area 14,120
2022-12-24,00:00:00,Stage 4,Area 2,120
2022-12-24,00:00:00,Stage 4,Area 10,120
2022-12-24,02:00:00,Stage 4,Area 7,120
2022-12-24,02:00:00,Stage 4,Area 15,120
2022-12-24,02:00:00,Stage 4,Area 3,120
2022-12-24,02:00:00,Stage 4,Area 11,120
2022-12-24,04:00:00,Stage 4,Area 8,120
2022-12-24,04:00:00,Stage 4,Area 16,60
2022-12-24,04:00:00,Stage 4,Area 4,60
2022-12-24,04:00:00,Stage 4,Area 12,60
2022-12-24,06:00:00,Stage 1,Area 9,120
2022-12-24,08:00:00,Stage 1,Area 10,120
2022-12-24,10:00:00,Stage 1,Area 11,120
2022-12-24,12:00:00,Stage 1,Area 12,120
2022-12-24,14:00:00,Stage 1,Area 13,120
2022-12-24,16:00:00,Stage 1,Area 14,120
2022-12-24,18:00:00,Stage 1,Area 15,120
2022-12-24,20:00:00,Stage 1,Area 16,120
2022-12-24,22:00:00,Stage 3,Area 13,120
2022-12-24,22:00:00,Stage 3,Area 1,120
2022-12-24,22:00:00,Stage 3,Area 9,120
2022-12-25,00:00:00,Stage 3,Area 15,120
2022-12-25,00:00:00,Stage 3,Area 3,120
2022-12-25,00:00:00,Stage 3,Area 11,120
2022-12-25,02:00:00,Stage 3,Area 16,120
2022-12-25,02:00:00,Stage 3,Area 4,120
2022-12-25,02:00:00,Stage 3,Area 12,120
2022-12-25,04:00:00,Stage 3,Area 5,60
2022-12-25,04:00:00,Stage 3,Area 13,60
2022-12-25,04:00:00,Stage 3,Area 1,60
2022-12-26,22:00:00,Stage 1,Area 10,120
2022-12-27,00:00:00,Stage 1,Area 11,120
2022-12-27,02:00:00,Stage 1,Area 12,120
2022-12-27,04:00:00,Stage 1,Area 13,60
2022-12-27,16:00:00,Stage 2,Area 3,150
2022-12-27,16:00:00,Stage 2,Area 11,150
2022-12-27,18:00:00,Stage 2,Area 4,150
2022-12-27,18:00:00,Stage 2,Area 12,150
2022-12-27,20:00:00,Stage 2,Area 5,150
2022-12-27,20:00:00,Stage 2,Area 13,150
2022-12-27,22:00:00,Stage 3,Area 6,150
2022-12-27,22:00:00,Stage 3,Area 14,150
2022-12-27,22:00:00,Stage 3,Area 2,150
2022-12-28,00:00:00,Stage 3,Area 7,150
2022-12-28,00:00:00,Stage 3,Area 15,150
2022-12-28,00:00:00,Stage 3,Area 3,150
2022-12-28,02:00:00,Stage 3,Area 8,150
2022-12-28,02:00:00,Stage 3,Area 16,150
2022-12-28,02:00:00,Stage 3,Area 4,150
2022-12-28,04:00:00,Stage 1,Area 9,150
2022-12-28,06:00:00,Stage 1,Area 10,150
2022-12-28,08:00:00,Stage 1,Area 11,120
2022-12-28,10:00:00,Stage 1,Area 12,120
2022-12-28,12:00:00,Stage 1,Area 13,150
2022-12-28,14:00:00,Stage 1,Area 14,150
2022-12-28,16:00:00,Stage 3,Area 7,150
2022-12-28,16:00:00,Stage 3,Area 15,150
2022-12-28,16:00:00,Stage 3,Area 11,150
2022-12-28,18:00:00,Stage 3,Area 8,150
2022-12-28,18:00:00,Stage 3,Area 16,150
2022-12-28,18:00:00,Stage 3,Area 12,150
2022-12-28,20:00:00,Stage 3,Area 13,150
2022-12-28,20:00:00,Stage 3,Area 1,150
2022-12-28,20:00:00,Stage 3,Area 9,150
2022-12-28,22:00:00,Stage 4,Area 6,150
2022-12-28,22:00:00,Stage 4,Area 14,150
2022-12-28,22:00:00,Stage 4,Area 2,150
2022-12-28,22:00:00,Stage 4,Area 10,150
2022-12-29,00:00:00,Stage 4,Area 8,150
2022-12-29,00:00:00,Stage 4,Area 16,150
2022-12-29,00:00:00,Stage 4,Area 4,150
2022-12-29,00:00:00,Stage 4,Area 12,150
2022-12-29,02:00:00,Stage 4,Area 5,150
2022-12-29,02:00:00,Stage 4,Area 13,150
2022-12-29,02:00:00,Stage 4,Area 1,150
2022-12-29,02:00:00,Stage 4,Area 9,150
2022-12-29,04:00:00,Stage 2,Area 6,150
2022-12-29,04:00:00,Stage 2,Area 14,150
2022-12-29,06:00:00,Stage 2,Area 7,150
2022-12-29,06:00:00,Stage 2,Area 15,150
2022-12-29,08:00:00,Stage 2,Area 8,150
2022-12-29,08:00:00,Stage 2,Area 16,150
2022-12-29,10:00:00,Stage 2,Area 1,120
2022-12-29,10:00:00,Stage 2,Area 9,120
2022-12-29,12:00:00,Stage 2,Area 2,150
2022-12-29,12:00:00,Stage 2,Area 10,150
2022-12-29,14:00:00,Stage 2,Area 3,150
2022-12-29,14:00:00,Stage 2,Area 11,150
2022-12-29,16:00:00,Stage 3,Area 8,146
2022-12-29,16:00:00,Stage 3,Area 4,150
2022-12-29,16:00:00,Stage 3,Area 12,150
2022-12-29,18:00:00,Stage 3,Area 5,150
2022-12-29,18:00:00,Stage 3,Area 13,150
2022-12-29,18:00:00,Stage 3,Area 9,150
2022-12-29,20:00:00,Stage 3,Area 6,150
2022-12-29,20:00:00,Stage 3,Area 14,150
2022-12-29,20:00:00,Stage 3,Area 10,150
2022-12-29,22:00:00,Stage 4,Area 7,150
2022-12-29,22:00:00,Stage 4,Area 15,150
2022-12-29,22:00:00,Stage 4,Area 3,150
2022-12-29,22:00:00,Stage 4,Area 11,150
2022-12-30,00:00:00,Stage 4,Area 8,150
2022-12-30,00:00:00,Stage 4,Area 16,150
2022-12-30,00:00:00,Stage 4,Area 4,150
2022-12-30,00:00:00,Stage 4,Area 12,150
2022-12-30,02:00:00,Stage 4,Area 5,150
2022-12-30,02:00:00,Stage 4,Area 13,150
2022-12-30,02:00:00,Stage 4,Area 1,150
2022-12-30,02:00:00,Stage 4,Area 9,150
2022-12-30,04:00:00,Stage 2,Area 2,150
2022-12-30,04:00:00,Stage 2,Area 10,150
2022-12-30,06:00:00,Stage 2,Area 3,138
2022-12-30,06:00:00,Stage 2,Area 11,135
2022-12-30,08:00:00,Stage 2,Area 4,120
2022-12-30,08:00:00,Stage 2,Area 12,120
2022-12-30,10:00:00,Stage 2,Area 5,120
2022-12-30,10:00:00,Stage 2,Area 13,120
2022-12-30,12:00:00,Stage 2,Area 6,150
2022-12-30,12:00:00,Stage 2,Area 14,150
2022-12-30,14:00:00,Stage 2,Area 7,150
2022-12-30,14:00:00,Stage 2,Area 15,150
2022-12-30,16:00:00,Stage 3,Area 8,150
2022-12-30,16:00:00,Stage 3,Area 16,150
2022-12-30,16:00:00,Stage 3,Area 4,150
2022-12-30,18:00:00,Stage 3,Area 5,150
2022-12-30,18:00:00,Stage 3,Area 1,150
2022-12-30,18:00:00,Stage 3,Area 9,150
2022-12-30,20:00:00,Stage 3,Area 6,150
2022-12-30,20:00:00,Stage 3,Area 2,150
2022-12-30,20:00:00,Stage 3,Area 10,150
2022-12-30,22:00:00,Stage 4,Area 7,150
2022-12-30,22:00:00,Stage 4,Area 15,150
2022-12-30,22:00:00,Stage 4,Area 3,150
2022-12-30,22:00:00,Stage 4,Area 11,150
2022-12-31,00:00:00,Stage 4,Area 8,150
2022-12-31,00:00:00,Stage 4,Area 16,150
2022-12-31,00:00:00,Stage 4,Area 4,120
2022-12-31,00:00:00,Stage 4,Area 12,150
2022-12-31,02:00:00,Stage 4,Area 5,120
2022-12-31,02:00:00,Stage 4,Area 13,120
2022-12-31,02:00:00,Stage 4,Area 1,120
2022-12-31,02:00:00,Stage 4,Area 9,120
2022-12-31,04:00:00,Stage 4,Area 6,60
2022-12-31,04:00:00,Stage 4,Area 14,60
2022-12-31,04:00:00,Stage 4,Area 2,60
2022-12-31,04:00:00,Stage 4,Area 10,60
2023-01-01,00:00:00,Stage 2,Area 1,150
2023-01-01,00:00:00,Stage 2,Area 9,150
2023-01-01,02:00:00,Stage 2,Area 2,150
2023-01-01,02:00:00,Stage 2,Area 10,150
2023-01-01,04:00:00,Stage 2,Area 3,150
2023-01-01,04:00:00,Stage 2,Area 11,150
2023-01-01,06:00:00,Stage 2,Area 4,120
2023-01-01,06:00:00,Stage 2,Area 12,120
2023-01-01,08:00:00,Stage 2,Area 5,120
2023-01-01,08:00:00,Stage 2,Area 13,120
2023-01-01,10:00:00,Stage 2,Area 6,120
2023-01-01,10:00:00,Stage 2,Area 14,120
2023-01-01,12:00:00,Stage 2,Area 7,120
2023-01-01,12:00:00,Stage 2,Area 15,120
2023-01-01,14:00:00,Stage 2,Area 8,120
2023-01-01,14:00:00,Stage 2,Area 16,120
2023-01-01,16:00:00,Stage 2,Area 1,120
2023-01-01,16:00:00,Stage 2,Area 9,120
2023-01-01,18:00:00,Stage 2,Area 2,120
2023-01-01,18:00:00,Stage 2,Area 10,120
2023-01-01,20:00:00,Stage 2,Area 3,125
2023-01-01,20:00:00,Stage 2,Area 11,130
2023-01-01,22:00:00,Stage 2,Area 4,120
2023-01-01,22:00:00,Stage 2,Area 12,120
2023-01-02,00:00:00,Stage 2,Area 5,80
2023-01-02,00:00:00,Stage 2,Area 13,80
2023-01-02,15:00:00,Stage 1,Area 4,60
2023-01-02,16:00:00,Stage 1,Area 5,194
2023-01-02,18:00:00,Stage 1,Area 6,125
2023-01-02,20:00:00,Stage 1,Area 7,120
2023-01-02,22:00:00,Stage 2,Area 8,120
2023-01-02,22:00:00,Stage 2,Area 16,120
2023-01-03,00:00:00,Stage 2,Area 1,120
2023-01-03,00:00:00,Stage 2,Area 9,120
2023-01-03,02:00:00,Stage 2,Area 2,120
2023-01-03,02:00:00,Stage 2,Area 10,120
2023-01-03,04:00:00,Stage 2,Area 3,60
2023-01-03,04:00:00,Stage 2,Area 11,120
2023-01-03,06:00:00,Stage 1,Area 12,150
2023-01-03,08:00:00,Stage 1,Area 13,150
2023-01-03,10:00:00,Stage 1,Area 14,150
2023-01-03,12:00:00,Stage 1,Area 15,120
2023-01-03,14:00:00,Stage 1,Area 16,120
2023-01-03,16:00:00,Stage 1,Area 1,120
2023-01-03,18:00:00,Stage 1,Area 2,120
2023-01-03,20:00:00,Stage 1,Area 3,120
2023-01-03,22:00:00,Stage 2,Area 4,120
2023-01-03,22:00:00,Stage 2,Area 12,120
2023-01-04,00:00:00,Stage 2,Area 5,120
2023-01-04,00:00:00,Stage 2,Area 13,120
2023-01-04,02:00:00,Stage 2,Area 6,120
2023-01-04,02:00:00,Stage 2,Area 14,120
2023-01-04,04:00:00,Stage 2,Area 7,120
2023-01-04,04:00:00,Stage 2,Area 15,60
2023-01-04,06:00:00,Stage 1,Area 8,150
2023-01-04,08:00:00,Stage 1,Area 9,150
2023-01-04,10:00:00,Stage 1,Area 10,150
2023-01-04,12:00:00,Stage 1,Area 11,120
2023-01-04,14:00:00,Stage 1,Area 12,120
2023-01-04,16:00:00,Stage 2,Area 5,120
2023-01-04,16:00:00,Stage 2,Area 13,120
2023-01-04,18:00:00,Stage 2,Area 6,130
2023-01-04,18:00:00,Stage 2,Area 14,135
2023-01-04,20:00:00,Stage 2,Area 7,120
2023-01-04,20:00:00,Stage 2,Area 15,120
2023-01-04,22:00:00,Stage 3,Area 8,120
2023-01-04,22:00:00,Stage 3,Area 16,120
2023-01-04,22:00:00,Stage 3,Area 12,120
2023-01-05,00:00:00,Stage 3,Area 14,120
2023-01-05,00:00:00,Stage 3,Area 2,120
2023-01-05,00:00:00,Stage 3,Area 10,120
2023-01-05,02:00:00,Stage 3,Area 15,120
2023-01-05,02:00:00,Stage 3,Area 3,120
2023-01-05,02:00:00,Stage 3,Area 11,120
2023-01-05,04:00:00,Stage 3,Area 16,60
2023-01-05,04:00:00,Stage 3,Area 4,120
2023-01-05,04:00:00,Stage 3,Area 12,120
2023-01-05,06:00:00,Stage 2,Area 5,150
2023-01-05,06:00:00,Stage 2,Area 13,150
2023-01-05,08:00:00,Stage 2,Area 6,150
2023-01-05,08:00:00,Stage 2,Area 14,150
2023-01-05,10:00:00,Stage 2,Area 7,150
2023-01-05,10:00:00,Stage 2,Area 15,150
2023-01-05,12:00:00,Stage 2,Area 8,150
2023-01-05,12:00:00,Stage 2,Area 16,150
2023-01-05,14:00:00,Stage 2,Area 1,130
2023-01-05,14:00:00,Stage 2,Area 9,120
2023-01-05,16:00:00,Stage 3,Area 6,120
2023-01-05,16:00:00,Stage 3,Area 2,120
2023-01-05,16:00:00,Stage 3,Area 10,120
2023-01-05,18:00:00,Stage 3,Area 7,120
2023-01-05,18:00:00,Stage 3,Area 3,120
2023-01-05,18:00:00,Stage 3,Area 11,120
2023-01-05,20:00:00,Stage 3,Area 8,120
2023-01-05,20:00:00,Stage 3,Area 4,120
2023-01-05,20:00:00,Stage 3,Area 12,120
2023-01-05,22:00:00,Stage 4,Area 5,120
2023-01-05,22:00:00,Stage 4,Area 13,120
2023-01-05,22:00:00,Stage 4,Area 1,120
2023-01-05,22:00:00,Stage 4,Area 9,120
2023-01-06,00:00:00,Stage 4,Area 6,120
2023-01-06,00:00:00,Stage 4,Area 14,120
2023-01-06,00:00:00,Stage 4,Area 2,120
2023-01-06,00:00:00,Stage 4,Area 10,120
2023-01-06,02:00:00,Stage 4,Area 7,120
2023-01-06,02:00:00,Stage 4,Area 15,120
2023-01-06,02:00:00,Stage 4,Area 3,120
2023-01-06,02:00:00,Stage 4,Area 11,120
2023-01-06,04:00:00,Stage 4,Area 8,120
2023-01-06,04:00:00,Stage 4,Area 16,120
2023-01-06,04:00:00,Stage 4,Area 4,60
2023-01-06,04:00:00,Stage 4,Area 12,60
2023-01-06,06:00:00,Stage 2,Area 1,120
2023-01-06,06:00:00,Stage 2,Area 9,120
2023-01-06,08:00:00,Stage 2,Area 2,120
2023-01-06,08:00:00,Stage 2,Area 10,120
2023-01-06,10:00:00,Stage 2,Area 3,130
2023-01-06,10:00:00,Stage 2,Area 11,120
2023-01-06,12:00:00,Stage 2,Area 4,150
2023-01-06,12:00:00,Stage 2,Area 12,150
2023-01-06,14:00:00,Stage 2,Area 5,149
2023-01-06,14:00:00,Stage 2,Area 13,120
2023-01-06,16:00:00,Stage 3,Area 6,125
2023-01-06,16:00:00,Stage 3,Area 14,120
2023-01-06,16:00:00,Stage 3,Area 2,130
2023-01-06,18:00:00,Stage 3,Area 7,150
2023-01-06,18:00:00,Stage 3,Area 15,150
2023-01-06,18:00:00,Stage 3,Area 3,150
2023-01-06,20:00:00,Stage 3,Area 8,150
2023-01-06,20:00:00,Stage 3,Area 16,150
2023-01-06,20:00:00,Stage 3,Area 4,150
2023-01-06,22:00:00,Stage 4,Area 5,150
2023-01-06,22:00:00,Stage 4,Area 13,150
2023-01-06,22:00:00,Stage 4,Area 1,150
2023-01-06,22:00:00,Stage 4,Area 9,150
2023-01-07,00:00:00,Stage 4,Area 6,150
2023-01-07,00:00:00,Stage 4,Area 14,150
2023-01-07,00:00:00,Stage 4,Area 2,150
2023-01-07,00:00:00,Stage 4,Area 10,150
2023-01-07,02:00:00,Stage 4,Area 7,150
2023-01-07,02:00:00,Stage 4,Area 15,150
2023-01-07,02:00:00,Stage 4,Area 3,150
2023-01-07,02:00:00,Stage 4,Area 11,150
2023-01-07,04:00:00,Stage 4,Area 8,70
2023-01-07,04:00:00,Stage 4,Area 16,70
2023-01-07,04:00:00,Stage 4,Area 4,150
2023-01-07,04:00:00,Stage 4,Area 12,150
2023-01-07,06:00:00,Stage 2,Area 5,120
2023-01-07,06:00:00,Stage 2,Area 13,120
2023-01-07,08:00:00,Stage 2,Area 6,120
2023-01-07,08:00:00,Stage 2,Area 14,120
2023-01-07,10:00:00,Stage 2,Area 7,120
2023-01-07,10:00:00,Stage 2,Area 15,120
2023-01-07,12:00:00,Stage 2,Area 8,120
2023-01-07,12:00:00,Stage 2,Area 16,120
2023-01-07,14:00:00,Stage 2,Area 1,120
2023-01-07,14:00:00,Stage 2,Area 9,120
2023-01-07,16:00:00,Stage 4,Area 6,120
2023-01-07,16:00:00,Stage 4,Area 14,127
2023-01-07,16:00:00,Stage 4,Area 2,120
2023-01-07,16:00:00,Stage 4,Area 10,127
2023-01-07,18:00:00,Stage 4,Area 7,150
2023-01-07,18:00:00,Stage 4,Area 15,150
2023-01-07,18:00:00,Stage 4,Area 3,150
2023-01-07,18:00:00,Stage 4,Area 11,150
2023-01-07,20:00:00,Stage 4,Area 8,150
2023-01-07,20:00:00,Stage 4,Area 16,150
2023-01-07,20:00:00,Stage 4,Area 4,150
2023-01-07,20:00:00,Stage 4,Area 12,150
2023-01-07,22:00:00,Stage 4,Area 5,150
2023-01-07,22:00:00,Stage 4,Area 13,150
2023-01-07,22:00:00,Stage 4,Area 1,150
2023-01-07,22:00:00,Stage 4,Area 9,150
2023-01-08,00:00:00,Stage 4,Area 6,150
2023-01-08,00:00:00,Stage 4,Area 14,150
2023-01-08,00:00:00,Stage 4,Area 2,150
2023-01-08,00:00:00,Stage 4,Area 10,150
2023-01-08,02:00:00,Stage 4,Area 7,150
2023-01-08,02:00:00,Stage 4,Area 15,150
2023-01-08,02:00:00,Stage 4,Area 3,150
2023-01-08,02:00:00,Stage 4,Area 11,150
2023-01-08,04:00:00,Stage 4,Area 8,150
2023-01-08,04:00:00,Stage 4,Area 16,150
2023-01-08,04:00:00,Stage 4,Area 4,150
2023-01-08,04:00:00,Stage 4,Area 12,70
2023-01-08,06:00:00,Stage 3,Area 5,120
2023-01-08,06:00:00,Stage 3,Area 1,120
2023-01-08,06:00:00,Stage 3,Area 9,120
2023-01-08,08:00:00,Stage 3,Area 6,120
2023-01-08,08:00:00,Stage 3,Area 2,120
2023-01-08,08:00:00,Stage 3,Area 10,120
2023-01-08,10:00:00,Stage 3,Area 7,120
2023-01-08,10:00:00,Stage 3,Area 3,120
2023-01-08,10:00:00,Stage 3,Area 11,120
2023-01-08,12:00:00,Stage 3,Area 8,120
2023-01-08,12:00:00,Stage 3,Area 4,120
2023-01-08,12:00:00,Stage 3,Area 12,120
2023-01-08,14:00:00,Stage 3,Area 5,120
2023-01-08,14:00:00,Stage 3,Area 13,120
2023-01-08,14:00:00,Stage 3,Area 9,120
2023-01-08,16:00:00,Stage 4,Area 6,125
2023-01-08,16:00:00,Stage 4,Area 14,120
2023-01-08,16:00:00,Stage 4,Area 2,120
2023-01-08,16:00:00,Stage 4,Area 10,120
2023-01-08,18:00:00,Stage 4,Area 7,150
2023-01-08,18:00:00,Stage 4,Area 15,150
2023-01-08,18:00:00,Stage 4,Area 3,150
2023-01-08,18:00:00,Stage 4,Area 11,150
2023-01-08,20:00:00,Stage 4,Area 8,150
2023-01-08,20:00:00,Stage 4,Area 16,150
2023-01-08,20:00:00,Stage 4,Area 4,150
2023-01-08,20:00:00,Stage 4,Area 12,150
2023-01-08,22:00:00,Stage 4,Area 5,150
2023-01-08,22:00:00,Stage 4,Area 13,150
2023-01-08,22:00:00,Stage 4,Area 1,150
2023-01-08,22:00:00,Stage 4,Area 9,150
2023-01-09,00:00:00,Stage 4,Area 7,150
2023-01-09,00:00:00,Stage 4,Area 15,150
2023-01-09,00:00:00,Stage 4,Area 3,150
2023-01-09,00:00:00,Stage 4,Area 11,150
2023-01-09,02:00:00,Stage 4,Area 8,150
2023-01-09,02:00:00,Stage 4,Area 16,150
2023-01-09,02:00:00,Stage 4,Area 4,150
2023-01-09,02:00:00,Stage 4,Area 12,150
2023-01-09,04:00:00,Stage 4,Area 5,150
2023-01-09,04:00:00,Stage 4,Area 13,150
2023-01-09,04:00:00,Stage 4,Area 1,70
2023-01-09,04:00:00,Stage 4,Area 9,70
2023-01-09,06:00:00,Stage 2,Area 6,120
2023-01-09,06:00:00,Stage 2,Area 14,120
2023-01-09,08:00:00,Stage 2,Area 7,120
2023-01-09,08:00:00,Stage 2,Area 15,120
2023-01-09,10:00:00,Stage 2,Area 8,120
2023-01-09,10:00:00,Stage 2,Area 16,120
2023-01-09,12:00:00,Stage 2,Area 1,150
2023-01-09,12:00:00,Stage 2,Area 9,150
2023-01-09,14:00:00,Stage 2,Area 2,150
2023-01-09,14:00:00,Stage 2,Area 10,150
2023-01-09,16:00:00,Stage 3,Area 7,150
2023-01-09,16:00:00,Stage 3,Area 3,150
2023-01-09,16:00:00,Stage 3,Area 11,150
2023-01-09,18:00:00,Stage 3,Area 8,150
2023-01-09,18:00:00,Stage 3,Area 4,150
2023-01-09,18:00:00,Stage 3,Area 12,150
2023-01-09,20:00:00,Stage 3,Area 5,150
2023-01-09,20:00:00,Stage 3,Area 13,150
2023-01-09,20:00:00,Stage 3,Area 9,150
2023-01-09,22:00:00,Stage 4,Area 6,150
2023-01-09,22:00:00,Stage 4,Area 14,150
2023-01-09,22:00:00,Stage 4,Area 2,150
2023-01-09,22:00:00,Stage 4,Area 10,150
2023-01-10,00:00:00,Stage 4,Area 7,150
2023-01-10,00:00:00,Stage 4,Area 15,150
2023-01-10,00:00:00,Stage 4,Area 3,150
2023-01-10,00:00:00,Stage 4,Area 11,150
2023-01-10,02:00:00,Stage 4,Area 8,150
2023-01-10,02:00:00,Stage 4,Area 16,150
2023-01-10,02:00:00,Stage 4,Area 4,150
2023-01-10,02:00:00,Stage 4,Area 12,150
2023-01-10,04:00:00,Stage 4,Area 5,90
2023-01-10,04:00:00,Stage 4,Area 13,90
2023-01-10,04:00:00,Stage 4,Area 1,150
2023-01-10,04:00:00,Stage 4,Area 9,150
2023-01-10,06:00:00,Stage 2,Area 2,120
2023-01-10,06:00:00,Stage 2,Area 10,120
2023-01-10,08:00:00,Stage 2,Area 3,120
2023-01-10,08:00:00,Stage 2,Area 11,120
2023-01-10,10:00:00,Stage 2,Area 4,120
2023-01-10,10:00:00,Stage 2,Area 12,120
2023-01-10,12:00:00,Stage 2,Area 5,150
2023-01-10,12:00:00,Stage 2,Area 13,150
2023-01-10,14:00:00,Stage 2,Area 6,150
2023-01-10,14:00:00,Stage 2,Area 14,150
2023-01-10,16:00:00,Stage 3,Area 7,150
2023-01-10,16:00:00,Stage 3,Area 15,150
2023-01-10,16:00:00,Stage 3,Area 3,150
2023-01-10,18:00:00,Stage 3,Area 8,150
2023-01-10,18:00:00,Stage 3,Area 16,150
2023-01-10,18:00:00,Stage 3,Area 4,150
2023-01-10,20:00:00,Stage 3,Area 5,150
2023-01-10,20:00:00,Stage 3,Area 1,150
2023-01-10,20:00:00,Stage 3,Area 9,150
2023-01-10,21:00:00,Stage 3,Area 13,60
2023-01-10,21:00:00,Stage 3,Area 2,60
2023-01-10,21:00:00,Stage 3,Area 10,60
2023-01-10,22:00:00,Stage 6,Area 6,120
2023-01-10,22:00:00,Stage 6,Area 14,120
2023-01-10,22:00:00,Stage 6,Area 2,120
2023-01-10,22:00:00,Stage 6,Area 3,120
2023-01-10,22:00:00,Stage 6,Area 10,120
2023-01-10,22:00:00,Stage 6,Area 11,120
2023-01-11,00:00:00,Stage 6,Area 7,120
2023-01-11,00:00:00,Stage 6,Area 15,120
2023-01-11,00:00:00,Stage 6,Area 3,120
2023-01-11,00:00:00,Stage 6,Area 4,120
2023-01-11,00:00:00,Stage 6,Area 11,120
2023-01-11,00:00:00,Stage 6,Area 12,120
2023-01-11,02:00:00,Stage 6,Area 5,120
2023-01-11,02:00:00,Stage 6,Area 8,120
2023-01-11,02:00:00,Stage 6,Area 13,120
2023-01-11,02:00:00,Stage 6,Area 16,120
2023-01-11,02:00:00,Stage 6,Area 4,120
2023-01-11,02:00:00,Stage 6,Area 12,120
2023-01-11,04:00:00,Stage 6,Area 5,120
2023-01-11,04:00:00,Stage 6,Area 6,60
2023-01-11,04:00:00,Stage 6,Area 13,120
2023-01-11,04:00:00,Stage 6,Area 14,60
2023-01-11,04:00:00,Stage 6,Area 1,120
2023-01-11,04:00:00,Stage 6,Area 9,120
2023-01-11,06:00:00,Stage 3,Area 6,120
2023-01-11,06:00:00,Stage 3,Area 14,125
2023-01-11,06:00:00,Stage 3,Area 10,120
2023-01-11,08:00:00,Stage 3,Area 7,120
2023-01-11,08:00:00,Stage 3,Area 15,120
2023-01-11,08:00:00,Stage 3,Area 11,120
2023-01-11,10:00:00,Stage 3,Area 8,120
2023-01-11,10:00:00,Stage 3,Area 16,120
2023-01-11,10:00:00,Stage 3,Area 12,120
2023-01-11,12:00:00,Stage 3,Area 13,120
2023-01-11,12:00:00,Stage 3,Area 1,120
2023-01-11,12:00:00,Stage 3,Area 9,120
2023-01-11,14:00:00,Stage 3,Area 14,127
2023-01-11,14:00:00,Stage 3,Area 2,120
2023-01-11,14:00:00,Stage 3,Area 10,125
2023-01-11,16:00:00,Stage 5,Area 7,126
2023-01-11,16:00:00,Stage 5,Area 15,130
2023-01-11,16:00:00,Stage 5,Area 3,120
2023-01-11,16:00:00,Stage 5,Area 4,120
2023-01-11,16:00:00,Stage 5,Area 11,128
2023-01-11,18:00:00,Stage 5,Area 5,120
2023-01-11,18:00:00,Stage 5,Area 8,150
2023-01-11,18:00:00,Stage 5,Area 16,150
2023-01-11,18:00:00,Stage 5,Area 4,120
2023-01-11,18:00:00,Stage 5,Area 12,120
2023-01-11,20:00:00,Stage 5,Area 5,120
2023-01-11,20:00:00,Stage 5,Area 6,120
2023-01-11,20:00:00,Stage 5,Area 13,120
2023-01-11,20:00:00,Stage 5,Area 1,120
2023-01-11,20:00:00,Stage 5,Area 9,120
2023-01-11,22:00:00,Stage 6,Area 6,120
2023-01-11,22:00:00,Stage 6,Area 7,120
2023-01-11,22:00:00,Stage 6,Area 14,120
2023-01-11,22:00:00,Stage 6,Area 15,120
2023-01-11,22:00:00,Stage 6,Area 2,120
2023-01-11,22:00:00,Stage 6,Area 10,120
2023-01-12,00:00:00,Stage 6,Area 7,120
2023-01-12,00:00:00,Stage 6,Area 8,120
2023-01-12,00:00:00,Stage 6,Area 15,120
2023-01-12,00:00:00,Stage 6,Area 16,120
2023-01-12,00:00:00,Stage 6,Area 3,120
2023-01-12,00:00:00,Stage 6,Area 11,120
2023-01-12,02:00:00,Stage 6,Area 8,120
2023-01-12,02:00:00,Stage 6,Area 16,120
2023-01-12,02:00:00,Stage 6,Area 1,120
2023-01-12,02:00:00,Stage 6,Area 4,120
2023-01-12,02:00:00,Stage 6,Area 9,120
2023-01-12,02:00:00,Stage 6,Area 12,120
2023-01-12,04:00:00,Stage 6,Area 5,120
2023-01-12,04:00:00,Stage 6,Area 13,60
2023-01-12,04:00:00,Stage 6,Area 1,120
2023-01-12,04:00:00,Stage 6,Area 2,60
2023-01-12,04:00:00,Stage 6,Area 9,120
2023-01-12,04:00:00,Stage 6,Area 10,60
2023-01-12,06:00:00,Stage 5,Area 6,120
2023-01-12,06:00:00,Stage 5,Area 14,120
2023-01-12,06:00:00,Stage 5,Area 2,120
2023-01-12,06:00:00,Stage 5,Area 10,120
2023-01-12,06:00:00,Stage 5,Area 11,120
2023-01-12,08:00:00,Stage 5,Area 7,120
2023-01-12,08:00:00,Stage 5,Area 15,120
2023-01-12,08:00:00,Stage 5,Area 3,120
2023-01-12,08:00:00,Stage 5,Area 11,120
2023-01-12,08:00:00,Stage 5,Area 12,120
2023-01-12,10:00:00,Stage 5,Area 8,120
2023-01-12,10:00:00,Stage 5,Area 13,120
2023-01-12,10:00:00,Stage 5,Area 16,120
2023-01-12,10:00:00,Stage 5,Area 4,120
2023-01-12,10:00:00,Stage 5,Area 12,120
2023-01-12,12:00:00,Stage 5,Area 5,120
2023-01-12,12:00:00,Stage 5,Area 13,120
2023-01-12,12:00:00,Stage 5,Area 14,120
2023-01-12,12:00:00,Stage 5,Area 1,120
2023-01-12,12:00:00,Stage 5,Area 9,120
2023-01-12,14:00:00,Stage 5,Area 6,150
2023-01-12,14:00:00,Stage 5,Area 14,120
2023-01-12,14:00:00,Stage 5,Area 15,120
2023-01-12,14:00:00,Stage 5,Area 2,150
2023-01-12,14:00:00,Stage 5,Area 10,150
2023-01-12,16:00:00,Stage 5,Area 7,150
2023-01-12,16:00:00,Stage 5,Area 15,150
2023-01-12,16:00:00,Stage 5,Area 16,120
2023-01-12,16:00:00,Stage 5,Area 3,150
2023-01-12,16:00:00,Stage 5,Area 11,150
2023-01-12,18:00:00,Stage 5,Area 8,150
2023-01-12,18:00:00,Stage 5,Area 16,150
2023-01-12,18:00:00,Stage 5,Area 1,120
2023-01-12,18:00:00,Stage 5,Area 4,150
2023-01-12,18:00:00,Stage 5,Area 12,150
2023-01-12,20:00:00,Stage 5,Area 5,120
2023-01-12,20:00:00,Stage 5,Area 13,120
2023-01-12,20:00:00,Stage 5,Area 1,150
2023-01-12,20:00:00,Stage 5,Area 2,120
2023-01-12,20:00:00,Stage 5,Area 9,120
2023-01-12,22:00:00,Stage 6,Area 6,120
2023-01-12,22:00:00,Stage 6,Area 14,120
2023-01-12,22:00:00,Stage 6,Area 2,120
2023-01-12,22:00:00,Stage 6,Area 3,120
2023-01-12,22:00:00,Stage 6,Area 10,120
2023-01-12,22:00:00,Stage 6,Area 11,120
2023-01-13,00:00:00,Stage 6,Area 8,120
2023-01-13,00:00:00,Stage 6,Area 16,120
2023-01-13,00:00:00,Stage 6,Area 1,120
2023-01-13,00:00:00,Stage 6,Area 4,120
2023-01-13,00:00:00,Stage 6,Area 9,120
2023-01-13,00:00:00,Stage 6,Area 12,120
2023-01-13,02:00:00,Stage 6,Area 5,120
2023-01-13,02:00:00,Stage 6,Area 13,120
2023-01-13,02:00:00,Stage 6,Area 1,120
2023-01-13,02:00:00,Stage 6,Area 2,120
2023-01-13,02:00:00,Stage 6,Area 9,120
2023-01-13,02:00:00,Stage 6,Area 10,120
2023-01-13,04:00:00,Stage 6,Area 6,120
2023-01-13,04:00:00,Stage 6,Area 14,120
2023-01-13,04:00:00,Stage 6,Area 2,120
2023-01-13,04:00:00,Stage 6,Area 3,120
2023-01-13,04:00:00,Stage 6,Area 10,120
2023-01-13,04:00:00,Stage 6,Area 11,60
2023-01-13,06:00:00,Stage 5,Area 7,150
2023-01-13,06:00:00,Stage 5,Area 15,150
2023-01-13,06:00:00,Stage 5,Area 3,150
2023-01-13,06:00:00,Stage 5,Area 4,120
2023-01-13,06:00:00,Stage 5,Area 11,150
2023-01-13,08:00:00,Stage 5,Area 5,120
2023-01-13,08:00:00,Stage 5,Area 8,150
2023-01-13,08:00:00,Stage 5,Area 16,150
2023-01-13,08:00:00,Stage 5,Area 4,150
2023-01-13,08:00:00,Stage 5,Area 12,150
2023-01-13,10:00:00,Stage 5,Area 5,150
2023-01-13,10:00:00,Stage 5,Area 6,120
2023-01-13,10:00:00,Stage 5,Area 13,150
2023-01-13,10:00:00,Stage 5,Area 1,150
2023-01-13,10:00:00,Stage 5,Area 9,150
2023-01-13,12:00:00,Stage 5,Area 6,150
2023-01-13,12:00:00,Stage 5,Area 7,120
2023-01-13,12:00:00,Stage 5,Area 14,150
2023-01-13,12:00:00,Stage 5,Area 2,150
2023-01-13,12:00:00,Stage 5,Area 10,150
2023-01-13,14:00:00,Stage 5,Area 7,150
2023-01-13,14:00:00,Stage 5,Area 8,120
2023-01-13,14:00:00,Stage 5,Area 15,150
2023-01-13,14:00:00,Stage 5,Area 3,150
2023-01-13,14:00:00,Stage 5,Area 11,150
2023-01-13,16:00:00,Stage 5,Area 8,150
2023-01-13,16:00:00,Stage 5,Area 16,150
2023-01-13,16:00:00,Stage 5,Area 4,150
2023-01-13,16:00:00,Stage 5,Area 9,120
2023-01-13,16:00:00,Stage 5,Area 12,150
2023-01-13,18:00:00,Stage 5,Area 5,150
2023-01-13,18:00:00,Stage 5,Area 13,150
2023-01-13,18:00:00,Stage 5,Area 1,150
2023-01-13,18:00:00,Stage 5,Area 9,150
2023-01-13,18:00:00,Stage 5,Area 10,120
2023-01-13,20:00:00,Stage 5,Area 6,150
2023-01-13,20:00:00,Stage 5,Area 14,150
2023-01-13,20:00:00,Stage 5,Area 2,150
2023-01-13,20:00:00,Stage 5,Area 10,150
2023-01-13,20:00:00,Stage 5,Area 11,120
2023-01-13,22:00:00,Stage 6,Area 7,120
2023-01-13,22:00:00,Stage 6,Area 15,120
2023-01-13,22:00:00,Stage 6,Area 3,120
2023-01-13,22:00:00,Stage 6,Area 4,120
2023-01-13,22:00:00,Stage 6,Area 11,150
2023-01-13,22:00:00,Stage 6,Area 12,120
2023-01-14,00:00:00,Stage 6,Area 5,120
2023-01-14,00:00:00,Stage 6,Area 8,120
2023-01-14,00:00:00,Stage 6,Area 13,120
2023-01-14,00:00:00,Stage 6,Area 16,120
2023-01-14,00:00:00,Stage 6,Area 4,120
2023-01-14,00:00:00,Stage 6,Area 12,120
2023-01-14,02:00:00,Stage 6,Area 5,120
2023-01-14,02:00:00,Stage 6,Area 6,120
2023-01-14,02:00:00,Stage 6,Area 13,120
2023-01-14,02:00:00,Stage 6,Area 14,120
2023-01-14,02:00:00,Stage 6,Area 1,120
2023-01-14,02:00:00,Stage 6,Area 9,120
2023-01-14,04:00:00,Stage 6,Area 6,120
2023-01-14,04:00:00,Stage 6,Area 7,60
2023-01-14,04:00:00,Stage 6,Area 14,120
2023-01-14,04:00:00,Stage 6,Area 15,120
2023-01-14,04:00:00,Stage 6,Area 2,120
2023-01-14,04:00:00,Stage 6,Area 10,120
2023-01-14,06:00:00,Stage 5,Area 7,150
2023-01-14,06:00:00,Stage 5,Area 15,120
2023-01-14,06:00:00,Stage 5,Area 16,120
2023-01-14,06:00:00,Stage 5,Area 3,150
2023-01-14,06:00:00,Stage 5,Area 11,150
2023-01-14,08:00:00,Stage 5,Area 8,150
2023-01-14,08:00:00,Stage 5,Area 16,150
2023-01-14,08:00:00,Stage 5,Area 1,120
2023-01-14,08:00:00,Stage 5,Area 4,150
2023-01-14,08:00:00,Stage 5,Area 12,150
2023-01-14,10:00:00,Stage 5,Area 5,150
2023-01-14,10:00:00,Stage 5,Area 13,150
2023-01-14,10:00:00,Stage 5,Area 1,150
2023-01-14,10:00:00,Stage 5,Area 2,120
2023-01-14,10:00:00,Stage 5,Area 9,150
2023-01-14,12:00:00,Stage 5,Area 6,150
2023-01-14,12:00:00,Stage 5,Area 14,150
2023-01-14,12:00:00,Stage 5,Area 2,150
2023-01-14,12:00:00,Stage 5,Area 3,120
2023-01-14,12:00:00,Stage 5,Area 10,150
2023-01-14,14:00:00,Stage 5,Area 7,150
2023-01-14,14:00:00,Stage 5,Area 15,150
2023-01-14,14:00:00,Stage 5,Area 3,150
2023-01-14,14:00:00,Stage 5,Area 4,120
2023-01-14,14:00:00,Stage 5,Area 11,150
2023-01-14,16:00:00,Stage 6,Area 5,120
2023-01-14,16:00:00,Stage 6,Area 8,150
2023-01-14,16:00:00,Stage 6,Area 13,120
2023-01-14,16:00:00,Stage 6,Area 16,150
2023-01-14,16:00:00,Stage 6,Area 4,150
2023-01-14,16:00:00,Stage 6,Area 12,150
2023-01-14,18:00:00,Stage 6,Area 5,150
2023-01-14,18:00:00,Stage 6,Area 6,120
2023-01-14,18:00:00,Stage 6,Area 13,150
2023-01-14,18:00:00,Stage 6,Area 14,120
2023-01-14,18:00:00,Stage 6,Area 1,150
2023-01-14,18:00:00,Stage 6,Area 9,150
2023-01-14,20:00:00,Stage 6,Area 6,150
2023-01-14,20:00:00,Stage 6,Area 7,120
2023-01-14,20:00:00,Stage 6,Area 14,120
2023-01-14,20:00:00,Stage 6,Area 15,120
2023-01-14,20:00:00,Stage 6,Area 2,120
2023-01-14,20:00:00,Stage 6,Area 10,120
2023-01-14,22:00:00,Stage 6,Area 7,120
2023-01-14,22:00:00,Stage 6,Area 8,120
2023-01-14,22:00:00,Stage 6,Area 15,120
2023-01-14,22:00:00,Stage 6,Area 16,120
2023-01-14,22:00:00,Stage 6,Area 3,120
2023-01-14,22:00:00,Stage 6,Area 11,127
2023-01-15,00:00:00,Stage 6,Area 8,120
2023-01-15,00:00:00,Stage 6,Area 16,120
2023-01-15,00:00:00,Stage 6,Area 1,120
2023-01-15,00:00:00,Stage 6,Area 4,122
2023-01-15,00:00:00,Stage 6,Area 9,120
2023-01-15,00:00:00,Stage 6,Area 12,126
2023-01-15,02:00:00,Stage 6,Area 5,120
2023-01-15,02:00:00,Stage 6,Area 13,120
2023-01-15,02:00:00,Stage 6,Area 1,120
2023-01-15,02:00:00,Stage 6,Area 2,120
2023-01-15,02:00:00,Stage 6,Area 9,120
2023-01-15,02:00:00,Stage 6,Area 10,120
2023-01-15,04:00:00,Stage 6,Area 6,120
2023-01-15,04:00:00,Stage 6,Area 14,120
2023-01-15,04:00:00,Stage 6,Area 2,120
2023-01-15,04:00:00,Stage 6,Area 3,120
2023-01-15,04:00:00,Stage 6,Area 10,120
2023-01-15,04:00:00,Stage 6,Area 11,120
2023-01-15,06:00:00,Stage 6,Area 7,150
2023-01-15,06:00:00,Stage 6,Area 15,150
2023-01-15,06:00:00,Stage 6,Area 3,150
2023-01-15,06:00:00,Stage 6,Area 4,120
2023-01-15,06:00:00,Stage 6,Area 11,150
2023-01-15,06:00:00,Stage 6,Area 12,120
2023-01-15,08:00:00,Stage 6,Area 5,120
2023-01-15,08:00:00,Stage 6,Area 8,150
2023-01-15,08:00:00,Stage 6,Area 13,120
2023-01-15,08:00:00,Stage 6,Area 16,150
2023-01-15,08:00:00,Stage 6,Area 4,150
2023-01-15,08:00:00,Stage 6,Area 12,150
2023-01-15,10:00:00,Stage 6,Area 5,150
2023-01-15,10:00:00,Stage 6,Area 6,120
2023-01-15,10:00:00,Stage 6,Area 13,150
2023-01-15,10:00:00,Stage 6,Area 14,120
2023-01-15,10:00:00,Stage 6,Area 1,150
2023-01-15,10:00:00,Stage 6,Area 9,150
2023-01-15,12:00:00,Stage 6,Area 6,150
2023-01-15,12:00:00,Stage 6,Area 7,120
2023-01-15,12:00:00,Stage 6,Area 14,150
2023-01-15,12:00:00,Stage 6,Area 15,120
2023-01-15,12:00:00,Stage 6,Area 2,150
2023-01-15,12:00:00,Stage 6,Area 10,150
2023-01-15,14:00:00,Stage 6,Area 7,150
2023-01-15,14:00:00,Stage 6,Area 8,120
2023-01-15,14:00:00,Stage 6,Area 15,150
2023-01-15,14:00:00,Stage 6,Area 16,120
2023-01-15,14:00:00,Stage 6,Area 3,150
2023-01-15,14:00:00,Stage 6,Area 11,150
2023-01-15,16:00:00,Stage 6,Area 8,150
2023-01-15,16:00:00,Stage 6,Area 16,150
2023-01-15,16:00:00,Stage 6,Area 1,120
2023-01-15,16:00:00,Stage 6,Area 4,150
2023-01-15,16:00:00,Stage 6,Area 9,120
2023-01-15,16:00:00,Stage 6,Area 12,150
2023-01-15,18:00:00,Stage 6,Area 5,150
2023-01-15,18:00:00,Stage 6,Area 13,150
2023-01-15,18:00:00,Stage 6,Area 1,150
2023-01-15,18:00:00,Stage 6,Area 2,120
2023-01-15,18:00:00,Stage 6,Area 9,150
2023-01-15,18:00:00,Stage 6,Area 10,120
2023-01-15,20:00:00,Stage 6,Area 6,120
2023-01-15,20:00:00,Stage 6,Area 14,120
2023-01-15,20:00:00,Stage 6,Area 2,150
2023-01-15,20:00:00,Stage 6,Area 3,120
2023-01-15,20:00:00,Stage 6,Area 10,150
2023-01-15,20:00:00,Stage 6,Area 11,120
2023-01-15,22:00:00,Stage 6,Area 7,120
2023-01-15,22:00:00,Stage 6,Area 15,120
2023-01-15,22:00:00,Stage 6,Area 3,120
2023-01-15,22:00:00,Stage 6,Area 4,120
2023-01-15,22:00:00,Stage 6,Area 11,120
2023-01-15,22:00:00,Stage 6,Area 12,120
2023-01-16,00:00:00,Stage 6,Area 5,120
2023-01-16,00:00:00,Stage 6,Area 8,120
2023-01-16,00:00:00,Stage 6,Area 13,120
2023-01-16,00:00:00,Stage 6,Area 16,120
2023-01-16,00:00:00,Stage 6,Area 4,120
2023-01-16,00:00:00,Stage 6,Area 12,120
2023-01-16,02:00:00,Stage 6,Area 5,120
2023-01-16,02:00:00,Stage 6,Area 6,120
2023-01-16,02:00:00,Stage 6,Area 13,120
2023-01-16,02:00:00,Stage 6,Area 14,120
2023-01-16,02:00:00,Stage 6,Area 1,120
2023-01-16,02:00:00,Stage 6,Area 9,120
2023-01-16,04:00:00,Stage 6,Area 6,120
2023-01-16,04:00:00,Stage 6,Area 7,120
2023-01-16,04:00:00,Stage 6,Area 14,120
2023-01-16,04:00:00,Stage 6,Area 15,60
2023-01-16,04:00:00,Stage 6,Area 2,120
2023-01-16,04:00:00,Stage 6,Area 10,120
2023-01-16,06:00:00,Stage 5,Area 7,130
2023-01-16,06:00:00,Stage 5,Area 8,120
2023-01-16,06:00:00,Stage 5,Area 15,130
2023-01-16,06:00:00,Stage 5,Area 3,135
2023-01-16,06:00:00,Stage 5,Area 11,135
2023-01-16,08:00:00,Stage 5,Area 8,135
2023-01-16,08:00:00,Stage 5,Area 16,130
2023-01-16,08:00:00,Stage 5,Area 4,135
2023-01-16,08:00:00,Stage 5,Area 9,120
2023-01-16,08:00:00,Stage 5,Area 12,135
2023-01-16,10:00:00,Stage 5,Area 5,130
2023-01-16,10:00:00,Stage 5,Area 13,140
2023-01-16,10:00:00,Stage 5,Area 1,130
2023-01-16,10:00:00,Stage 5,Area 9,130
2023-01-16,10:00:00,Stage 5,Area 10,120
2023-01-16,12:00:00,Stage 5,Area 6,120
2023-01-16,12:00:00,Stage 5,Area 14,120
2023-01-16,12:00:00,Stage 5,Area 2,130
2023-01-16,12:00:00,Stage 5,Area 10,120
2023-01-16,12:00:00,Stage 5,Area 11,120
2023-01-16,14:00:00,Stage 5,Area 7,120
2023-01-16,14:00:00,Stage 5,Area 15,120
2023-01-16,14:00:00,Stage 5,Area 3,120
2023-01-16,14:00:00,Stage 5,Area 11,120
2023-01-16,14:00:00,Stage 5,Area 12,120
2023-01-16,16:00:00,Stage 5,Area 8,120
2023-01-16,16:00:00,Stage 5,Area 13,120
2023-01-16,16:00:00,Stage 5,Area 16,120
2023-01-16,16:00:00,Stage 5,Area 4,120
2023-01-16,16:00:00,Stage 5,Area 12,120
2023-01-16,18:00:00,Stage 5,Area 5,120
2023-01-16,18:00:00,Stage 5,Area 13,120
2023-01-16,18:00:00,Stage 5,Area 14,120
2023-01-16,18:00:00,Stage 5,Area 1,120
2023-01-16,18:00:00,Stage 5,Area 9,120
2023-01-16,20:00:00,Stage 5,Area 6,120
2023-01-16,20:00:00,Stage 5,Area 14,120
2023-01-16,20:00:00,Stage 5,Area 15,120
2023-01-16,20:00:00,Stage 5,Area 2,120
2023-01-16,20:00:00,Stage 5,Area 10,120
2023-01-16,22:00:00,Stage 6,Area 7,120
2023-01-16,22:00:00,Stage 6,Area 8,120
2023-01-16,22:00:00,Stage 6,Area 15,120
2023-01-16,22:00:00,Stage 6,Area 16,120
2023-01-16,22:00:00,Stage 6,Area 3,120
2023-01-16,22:00:00,Stage 6,Area 11,120
2023-01-17,00:00:00,Stage 6,Area 5,120
2023-01-17,00:00:00,Stage 6,Area 13,120
2023-01-17,00:00:00,Stage 6,Area 1,120
2023-01-17,00:00:00,Stage 6,Area 2,120
2023-01-17,00:00:00,Stage 6,Area 9,120
2023-01-17,00:00:00,Stage 6,Area 10,120
2023-01-17,02:00:00,Stage 6,Area 6,120
2023-01-17,02:00:00,Stage 6,Area 14,120
2023-01-17,02:00:00,Stage 6,Area 2,120
2023-01-17,02:00:00,Stage 6,Area 3,120
2023-01-17,02:00:00,Stage 6,Area 10,120
2023-01-17,02:00:00,Stage 6,Area 11,120
2023-01-17,04:00:00,Stage 4,Area 7,120
2023-01-17,04:00:00,Stage 4,Area 15,120
2023-01-17,04:00:00,Stage 4,Area 3,120
2023-01-17,04:00:00,Stage 4,Area 11,120
2023-01-17,06:00:00,Stage 3,Area 16,120
2023-01-17,06:00:00,Stage 3,Area 4,120
2023-01-17,06:00:00,Stage 3,Area 12,120
2023-01-17,08:00:00,Stage 3,Area 5,120
2023-01-17,08:00:00,Stage 3,Area 13,120
2023-01-17,08:00:00,Stage 3,Area 1,120
2023-01-17,10:00:00,Stage 3,Area 6,120
2023-01-17,10:00:00,Stage 3,Area 14,120
2023-01-17,10:00:00,Stage 3,Area 2,120
2023-01-17,12:00:00,Stage 3,Area 7,120
2023-01-17,12:00:00,Stage 3,Area 15,120
2023-01-17,12:00:00,Stage 3,Area 3,120
2023-01-17,14:00:00,Stage 3,Area 8,120
2023-01-17,14:00:00,Stage 3,Area 16,120
2023-01-17,14:00:00,Stage 3,Area 4,120
2023-01-17,16:00:00,Stage 4,Area 5,120
2023-01-17,16:00:00,Stage 4,Area 13,120
2023-01-17,16:00:00,Stage 4,Area 1,120
2023-01-17,16:00:00,Stage 4,Area 9,120
2023-01-17,18:00:00,Stage 4,Area 6,135
2023-01-17,18:00:00,Stage 4,Area 14,130
2023-01-17,18:00:00,Stage 4,Area 2,130
2023-01-17,18:00:00,Stage 4,Area 10,135
2023-01-17,20:00:00,Stage 4,Area 7,135
2023-01-17,20:00:00,Stage 4,Area 15,130
2023-01-17,20:00:00,Stage 4,Area 3,120
2023-01-17,20:00:00,Stage 4,Area 11,125
2023-01-17,22:00:00,Stage 5,Area 8,120
2023-01-17,22:00:00,Stage 5,Area 13,120
2023-01-17,22:00:00,Stage 5,Area 16,120
2023-01-17,22:00:00,Stage 5,Area 4,120
2023-01-17,22:00:00,Stage 5,Area 12,120
2023-01-18,00:00:00,Stage 5,Area 5,125
2023-01-18,00:00:00,Stage 5,Area 13,120
2023-01-18,00:00:00,Stage 5,Area 14,120
2023-01-18,00:00:00,Stage 5,Area 1,120
2023-01-18,00:00:00,Stage 5,Area 9,130
2023-01-18,02:00:00,Stage 5,Area 6,125
2023-01-18,02:00:00,Stage 5,Area 14,135
2023-01-18,02:00:00,Stage 5,Area 15,120
2023-01-18,02:00:00,Stage 5,Area 2,125
2023-01-18,02:00:00,Stage 5,Area 10,125
2023-01-18,04:00:00,Stage 5,Area 7,136
2023-01-18,04:00:00,Stage 5,Area 15,120
2023-01-18,04:00:00,Stage 5,Area 16,38
2023-01-18,04:00:00,Stage 5,Area 3,65
2023-01-18,04:00:00,Stage 5,Area 11,130
2023-01-18,06:00:00,Stage 3,Area 8,120
2023-01-18,06:00:00,Stage 3,Area 16,288
2023-01-18,06:00:00,Stage 3,Area 12,120
2023-01-18,08:00:00,Stage 3,Area 13,120
2023-01-18,08:00:00,Stage 3,Area 1,120
2023-01-18,08:00:00,Stage 3,Area 9,120
2023-01-18,10:00:00,Stage 3,Area 14,120
2023-01-18,10:00:00,Stage 3,Area 2,120
2023-01-18,10:00:00,Stage 3,Area 10,120
2023-01-18,12:00:00,Stage 3,Area 15,120
2023-01-18,12:00:00,Stage 3,Area 3,120
2023-01-18,12:00:00,Stage 3,Area 11,120
2023-01-18,14:00:00,Stage 3,Area 16,120
2023-01-18,14:00:00,Stage 3,Area 4,120
2023-01-18,14:00:00,Stage 3,Area 12,120
2023-01-18,16:00:00,Stage 4,Area 5,120
2023-01-18,16:00:00,Stage 4,Area 13,120
2023-01-18,16:00:00,Stage 4,Area 1,120
2023-01-18,16:00:00,Stage 4,Area 9,120
2023-01-18,18:00:00,Stage 4,Area 6,120
2023-01-18,18:00:00,Stage 4,Area 14,120
2023-01-18,18:00:00,Stage 4,Area 2,120
2023-01-18,18:00:00,Stage 4,Area 10,120
2023-01-18,20:00:00,Stage 4,Area 7,125
2023-01-18,20:00:00,Stage 4,Area 15,125
2023-01-18,20:00:00,Stage 4,Area 3,123
2023-01-18,20:00:00,Stage 4,Area 11,125
2023-01-18,22:00:00,Stage 5,Area 8,120
2023-01-18,22:00:00,Stage 5,Area 16,120
2023-01-18,22:00:00,Stage 5,Area 4,120
2023-01-18,22:00:00,Stage 5,Area 9,120
2023-01-18,22:00:00,Stage 5,Area 12,120
2023-01-19,00:00:00,Stage 5,Area 5,120
2023-01-19,00:00:00,Stage 5,Area 13,120
2023-01-19,00:00:00,Stage 5,Area 1,120
2023-01-19,00:00:00,Stage 5,Area 9,120
2023-01-19,00:00:00,Stage 5,Area 10,120
2023-01-19,02:00:00,Stage 5,Area 6,125
2023-01-19,02:00:00,Stage 5,Area 14,125
2023-01-19,02:00:00,Stage 5,Area 2,125
2023-01-19,02:00:00,Stage 5,Area 10,125
2023-01-19,02:00:00,Stage 5,Area 11,120
2023-01-19,04:00:00,Stage 4,Area 7,125
2023-01-19,04:00:00,Stage 4,Area 15,130
2023-01-19,04:00:00,Stage 4,Area 3,125
2023-01-19,04:00:00,Stage 4,Area 11,125
2023-01-19,06:00:00,Stage 3,Area 8,120
2023-01-19,06:00:00,Stage 3,Area 4,120
2023-01-19,06:00:00,Stage 3,Area 12,120
2023-01-19,08:00:00,Stage 3,Area 5,120
2023-01-19,08:00:00,Stage 3,Area 13,120
2023-01-19,08:00:00,Stage 3,Area 9,120
2023-01-19,10:00:00,Stage 3,Area 6,120
2023-01-19,10:00:00,Stage 3,Area 14,120
2023-01-19,10:00:00,Stage 3,Area 10,120
2023-01-19,12:00:00,Stage 3,Area 7,120
2023-01-19,12:00:00,Stage 3,Area 15,120
2023-01-19,12:00:00,Stage 3,Area 11,120
2023-01-19,14:00:00,Stage 3,Area 8,120
2023-01-19,14:00:00,Stage 3,Area 16,120
2023-01-19,14:00:00,Stage 3,Area 12,120
2023-01-19,16:00:00,Stage 4,Area 5,120
2023-01-19,16:00:00,Stage 4,Area 13,120
2023-01-19,16:00:00,Stage 4,Area 1,120
2023-01-19,16:00:00,Stage 4,Area 9,120
2023-01-19,18:00:00,Stage 4,Area 6,125
2023-01-19,18:00:00,Stage 4,Area 14,120
2023-01-19,18:00:00,Stage 4,Area 2,120
2023-01-19,18:00:00,Stage 4,Area 10,120
2023-01-19,20:00:00,Stage 4,Area 7,120
2023-01-19,20:00:00,Stage 4,Area 15,120
2023-01-19,20:00:00,Stage 4,Area 3,125
2023-01-19,20:00:00,Stage 4,Area 11,120
2023-01-19,22:00:00,Stage 5,Area 5,120
2023-01-19,22:00:00,Stage 5,Area 8,120
2023-01-19,22:00:00,Stage 5,Area 16,120
2023-01-19,22:00:00,Stage 5,Area 4,120
2023-01-19,22:00:00,Stage 5,Area 12,120
2023-01-20,00:00:00,Stage 5,Area 5,135
2023-01-20,00:00:00,Stage 5,Area 6,120
2023-01-20,00:00:00,Stage 5,Area 13,135
2023-01-20,00:00:00,Stage 5,Area 1,135
2023-01-20,00:00:00,Stage 5,Area 9,125
2023-01-20,02:00:00,Stage 5,Area 6,120
2023-01-20,02:00:00,Stage 5,Area 7,120
2023-01-20,02:00:00,Stage 5,Area 14,120
2023-01-20,02:00:00,Stage 5,Area 2,120
2023-01-20,02:00:00,Stage 5,Area 10,120
2023-01-20,04:00:00,Stage 5,Area 7,120
2023-01-20,04:00:00,Stage 5,Area 8,44
2023-01-20,04:00:00,Stage 5,Area 15,120
2023-01-20,04:00:00,Stage 5,Area 3,120
2023-01-20,04:00:00,Stage 5,Area 11,70
2023-01-20,06:00:00,Stage 3,Area 8,120
2023-01-20,06:00:00,Stage 3,Area 16,120
2023-01-20,06:00:00,Stage 3,Area 4,120
2023-01-20,08:00:00,Stage 3,Area 5,120
2023-01-20,08:00:00,Stage 3,Area 1,120
2023-01-20,08:00:00,Stage 3,Area 9,120
2023-01-20,10:00:00,Stage 3,Area 6,120
2023-01-20,10:00:00,Stage 3,Area 2,120
2023-01-20,10:00:00,Stage 3,Area 10,120
2023-01-20,12:00:00,Stage 3,Area 7,120
2023-01-20,12:00:00,Stage 3,Area 3,120
2023-01-20,12:00:00,Stage 3,Area 11,120
2023-01-20,14:00:00,Stage 3,Area 8,120
2023-01-20,14:00:00,Stage 3,Area 4,120
2023-01-20,14:00:00,Stage 3,Area 12,120
2023-01-20,16:00:00,Stage 3,Area 5,120
2023-01-20,16:00:00,Stage 3,Area 13,120
2023-01-20,16:00:00,Stage 3,Area 9,120
2023-01-20,18:00:00,Stage 3,Area 6,120
2023-01-20,18:00:00,Stage 3,Area 14,120
2023-01-20,18:00:00,Stage 3,Area 10,120
2023-01-20,20:00:00,Stage 3,Area 7,120
2023-01-20,20:00:00,Stage 3,Area 15,120
2023-01-20,20:00:00,Stage 3,Area 11,120
2023-01-20,22:00:00,Stage 4,Area 8,120
2023-01-20,22:00:00,Stage 4,Area 16,120
2023-01-20,22:00:00,Stage 4,Area 4,120
2023-01-20,22:00:00,Stage 4,Area 12,120
2023-01-21,00:00:00,Stage 4,Area 6,127
2023-01-21,00:00:00,Stage 4,Area 14,126
2023-01-21,00:00:00,Stage 4,Area 2,123
2023-01-21,00:00:00,Stage 4,Area 10,127
2023-01-21,02:00:00,Stage 4,Area 7,130
2023-01-21,02:00:00,Stage 4,Area 15,125
2023-01-21,02:00:00,Stage 4,Area 3,135
2023-01-21,02:00:00,Stage 4,Area 11,125
2023-01-21,04:00:00,Stage 4,Area 8,65
2023-01-21,04:00:00,Stage 4,Area 16,65
2023-01-21,04:00:00,Stage 4,Area 4,130
2023-01-21,04:00:00,Stage 4,Area 12,130
2023-01-21,06:00:00,Stage 2,Area 5,120
2023-01-21,06:00:00,Stage 2,Area 13,120
2023-01-21,08:00:00,Stage 2,Area 6,120
2023-01-21,08:00:00,Stage 2,Area 14,120
2023-01-21,10:00:00,Stage 2,Area 7,120
2023-01-21,10:00:00,Stage 2,Area 15,120
2023-01-21,12:00:00,Stage 2,Area 8,120
2023-01-21,12:00:00,Stage 2,Area 16,120
2023-01-21,14:00:00,Stage 2,Area 1,120
2023-01-21,14:00:00,Stage 2,Area 9,120
2023-01-21,16:00:00,Stage 4,Area 6,120
2023-01-21,16:00:00,Stage 4,Area 14,120
2023-01-21,16:00:00,Stage 4,Area 2,120
2023-01-21,16:00:00,Stage 4,Area 10,120
2023-01-21,18:00:00,Stage 4,Area 7,120
2023-01-21,18:00:00,Stage 4,Area 15,120
2023-01-21,18:00:00,Stage 4,Area 3,120
2023-01-21,18:00:00,Stage 4,Area 11,120
2023-01-21,20:00:00,Stage 4,Area 8,120
2023-01-21,20:00:00,Stage 4,Area 16,120
2023-01-21,20:00:00,Stage 4,Area 4,120
2023-01-21,20:00:00,Stage 4,Area 12,120
2023-01-21,22:00:00,Stage 4,Area 5,120
2023-01-21,22:00:00,Stage 4,Area 13,120
2023-01-21,22:00:00,Stage 4,Area 1,120
2023-01-21,22:00:00,Stage 4,Area 9,120
2023-01-22,02:00:00,Stage 4,Area 7,120
2023-01-22,02:00:00,Stage 4,Area 15,120
2023-01-22,02:00:00,Stage 4,Area 3,120
2023-01-22,02:00:00,Stage 4,Area 11,120
2023-01-22,04:00:00,Stage 4,Area 8,120
2023-01-22,04:00:00,Stage 4,Area 16,120
2023-01-22,04:00:00,Stage 4,Area 4,120
2023-01-22,04:00:00,Stage 4,Area 12,120
2023-01-22,06:00:00,Stage 2,Area 1,120
2023-01-22,06:00:00,Stage 2,Area 9,120
2023-01-22,08:00:00,Stage 2,Area 2,120
2023-01-22,08:00:00,Stage 2,Area 10,120
2023-01-22,10:00:00,Stage 2,Area 3,120
2023-01-22,10:00:00,Stage 2,Area 11,120
2023-01-22,12:00:00,Stage 2,Area 4,120
2023-01-22,12:00:00,Stage 2,Area 12,120
2023-01-22,14:00:00,Stage 2,Area 5,120
2023-01-22,14:00:00,Stage 2,Area 13,120
2023-01-22,16:00:00,Stage 3,Area 6,120
2023-01-22,16:00:00,Stage 3,Area 14,120
2023-01-22,16:00:00,Stage 3,Area 2,120
2023-01-22,18:00:00,Stage 3,Area 7,120
2023-01-22,18:00:00,Stage 3,Area 15,120
2023-01-22,18:00:00,Stage 3,Area 3,120
2023-01-22,20:00:00,Stage 3,Area 8,120
2023-01-22,20:00:00,Stage 3,Area 16,120
2023-01-22,20:00:00,Stage 3,Area 4,120
2023-01-22,22:00:00,Stage 3,Area 5,120
2023-01-22,22:00:00,Stage 3,Area 1,120
2023-01-22,22:00:00,Stage 3,Area 9,120
2023-01-23,00:00:00,Stage 3,Area 6,120
2023-01-23,00:00:00,Stage 3,Area 2,120
2023-01-23,00:00:00,Stage 3,Area 10,120
2023-01-23,02:00:00,Stage 3,Area 7,120
2023-01-23,02:00:00,Stage 3,Area 3,120
2023-01-23,02:00:00,Stage 3,Area 11,120
2023-01-23,04:00:00,Stage 3,Area 8,60
2023-01-23,04:00:00,Stage 3,Area 4,60
2023-01-23,04:00:00,Stage 3,Area 12,120
2023-01-23,06:00:00,Stage 1,Area 13,120
2023-01-23,08:00:00,Stage 2,Area 6,120
2023-01-23,08:00:00,Stage 2,Area 14,120
2023-01-23,10:00:00,Stage 2,Area 7,120
2023-01-23,10:00:00,Stage 2,Area 15,120
2023-01-23,12:00:00,Stage 2,Area 8,120
2023-01-23,12:00:00,Stage 2,Area 16,120
2023-01-23,14:00:00,Stage 2,Area 1,150
2023-01-23,14:00:00,Stage 2,Area 9,150
2023-01-23,16:00:00,Stage 3,Area 14,150
2023-01-23,16:00:00,Stage 3,Area 2,150
2023-01-23,16:00:00,Stage 3,Area 10,150
2023-01-23,18:00:00,Stage 3,Area 15,120
2023-01-23,18:00:00,Stage 3,Area 3,120
2023-01-23,18:00:00,Stage 3,Area 11,120
2023-01-23,20:00:00,Stage 3,Area 16,120
2023-01-23,20:00:00,Stage 3,Area 4,120
2023-01-23,20:00:00,Stage 3,Area 12,120
2023-01-23,22:00:00,Stage 4,Area 5,120
2023-01-23,22:00:00,Stage 4,Area 13,120
2023-01-23,22:00:00,Stage 4,Area 1,120
2023-01-23,22:00:00,Stage 4,Area 9,120
2023-01-24,00:00:00,Stage 4,Area 6,120
2023-01-24,00:00:00,Stage 4,Area 14,120
2023-01-24,00:00:00,Stage 4,Area 2,120
2023-01-24,00:00:00,Stage 4,Area 10,120
2023-01-24,02:00:00,Stage 4,Area 7,120
2023-01-24,02:00:00,Stage 4,Area 15,120
2023-01-24,02:00:00,Stage 4,Area 3,120
2023-01-24,02:00:00,Stage 4,Area 11,120
2023-01-24,04:00:00,Stage 4,Area 8,120
2023-01-24,04:00:00,Stage 4,Area 16,120
2023-01-24,04:00:00,Stage 4,Area 4,60
2023-01-24,04:00:00,Stage 4,Area 12,60
2023-01-24,06:00:00,Stage 2,Area 1,120
2023-01-24,06:00:00,Stage 2,Area 9,120
2023-01-24,08:00:00,Stage 2,Area 2,120
2023-01-24,08:00:00,Stage 2,Area 10,120
2023-01-24,10:00:00,Stage 2,Area 3,120
2023-01-24,10:00:00,Stage 2,Area 11,120
2023-01-24,12:00:00,Stage 2,Area 4,120
2023-01-24,12:00:00,Stage 2,Area 12,120
2023-01-24,14:00:00,Stage 2,Area 5,120
2023-01-24,14:00:00,Stage 2,Area 13,120
2023-01-24,16:00:00,Stage 3,Area 6,120
2023-01-24,16:00:00,Stage 3,Area 14,120
2023-01-24,16:00:00,Stage 3,Area 10,120
2023-01-24,18:00:00,Stage 3,Area 7,120
2023-01-24,18:00:00,Stage 3,Area 15,120
2023-01-24,18:00:00,Stage 3,Area 11,120
2023-01-24,20:00:00,Stage 3,Area 8,120
2023-01-24,20:00:00,Stage 3,Area 16,120
2023-01-24,20:00:00,Stage 3,Area 12,120
2023-01-24,22:00:00,Stage 4,Area 5,120
2023-01-24,22:00:00,Stage 4,Area 13,150
2023-01-24,22:00:00,Stage 4,Area 1,120
2023-01-24,22:00:00,Stage 4,Area 9,120
2023-01-25,00:00:00,Stage 4,Area 7,120
2023-01-25,00:00:00,Stage 4,Area 15,120
2023-01-25,00:00:00,Stage 4,Area 3,120
2023-01-25,00:00:00,Stage 4,Area 11,120
2023-01-25,02:00:00,Stage 4,Area 8,120
2023-01-25,02:00:00,Stage 4,Area 16,120
2023-01-25,02:00:00,Stage 4,Area 4,120
2023-01-25,02:00:00,Stage 4,Area 12,120
2023-01-25,04:00:00,Stage 4,Area 5,120
2023-01-25,04:00:00,Stage 4,Area 13,120
2023-01-25,04:00:00,Stage 4,Area 1,120
2023-01-25,04:00:00,Stage 4,Area 9,120
2023-01-25,06:00:00,Stage 2,Area 6,120
2023-01-25,06:00:00,Stage 2,Area 14,120
2023-01-25,08:00:00,Stage 2,Area 7,120
2023-01-25,08:00:00,Stage 2,Area 15,120
2023-01-25,10:00:00,Stage 2,Area 8,120
2023-01-25,10:00:00,Stage 2,Area 16,120
2023-01-25,12:00:00,Stage 2,Area 1,120
2023-01-25,12:00:00,Stage 2,Area 9,120
2023-01-25,14:00:00,Stage 2,Area 2,120
2023-01-25,14:00:00,Stage 2,Area 10,120
2023-01-25,16:00:00,Stage 3,Area 7,120
2023-01-25,16:00:00,Stage 3,Area 3,120
2023-01-25,16:00:00,Stage 3,Area 11,120
2023-01-25,18:00:00,Stage 3,Area 8,120
2023-01-25,18:00:00,Stage 3,Area 4,120
2023-01-25,18:00:00,Stage 3,Area 12,120
2023-01-25,20:00:00,Stage 3,Area 5,120
2023-01-25,20:00:00,Stage 3,Area 13,120
2023-01-25,20:00:00,Stage 3,Area 9,120
2023-01-25,22:00:00,Stage 4,Area 6,120
2023-01-25,22:00:00,Stage 4,Area 14,120
2023-01-25,22:00:00,Stage 4,Area 2,120
2023-01-25,22:00:00,Stage 4,Area 10,120
2023-01-26,00:00:00,Stage 4,Area 7,120
2023-01-26,00:00:00,Stage 4,Area 15,120
2023-01-26,00:00:00,Stage 4,Area 3,120
2023-01-26,00:00:00,Stage 4,Area 11,120
2023-01-26,02:00:00,Stage 4,Area 8,120
2023-01-26,02:00:00,Stage 4,Area 16,120
2023-01-26,02:00:00,Stage 4,Area 4,120
2023-01-26,02:00:00,Stage 4,Area 12,120
2023-01-26,04:00:00,Stage 4,Area 5,120
2023-01-26,04:00:00,Stage 4,Area 13,120
2023-01-26,04:00:00,Stage 4,Area 1,120
2023-01-26,04:00:00,Stage 4,Area 9,120
2023-01-26,06:00:00,Stage 4,Area 6,120
2023-01-26,06:00:00,Stage 4,Area 14,120
2023-01-26,06:00:00,Stage 4,Area 2,120
2023-01-26,06:00:00,Stage 4,Area 10,120
2023-01-26,08:00:00,Stage 4,Area 7,120
2023-01-26,08:00:00,Stage 4,Area 15,120
2023-01-26,08:00:00,Stage 4,Area 3,120
2023-01-26,08:00:00,Stage 4,Area 11,120
2023-01-26,10:00:00,Stage 4,Area 8,120
2023-01-26,10:00:00,Stage 4,Area 16,120
2023-01-26,10:00:00,Stage 4,Area 4,120
2023-01-26,10:00:00,Stage 4,Area 12,120
2023-01-26,12:00:00,Stage 4,Area 5,120
2023-01-26,12:00:00,Stage 4,Area 13,120
2023-01-26,12:00:00,Stage 4,Area 1,120
2023-01-26,12:00:00,Stage 4,Area 9,120
2023-01-26,14:00:00,Stage 4,Area 6,120
2023-01-26,14:00:00,Stage 4,Area 14,120
2023-01-26,14:00:00,Stage 4,Area 2,120
2023-01-26,14:00:00,Stage 4,Area 10,120
2023-01-26,16:00:00,Stage 4,Area 7,120
2023-01-26,16:00:00,Stage 4,Area 15,120
2023-01-26,16:00:00,Stage 4,Area 3,120
2023-01-26,16:00:00,Stage 4,Area 11,120
2023-01-26,18:00:00,Stage 4,Area 8,120
2023-01-26,18:00:00,Stage 4,Area 16,120
2023-01-26,18:00:00,Stage 4,Area 4,120
2023-01-26,18:00:00,Stage 4,Area 12,120
2023-01-26,20:00:00,Stage 4,Area 5,130
2023-01-26,20:00:00,Stage 4,Area 13,130
2023-01-26,20:00:00,Stage 4,Area 1,130
2023-01-26,20:00:00,Stage 4,Area 9,130
2023-01-26,22:00:00,Stage 5,Area 6,120
2023-01-26,22:00:00,Stage 5,Area 14,120
2023-01-26,22:00:00,Stage 5,Area 2,120
2023-01-26,22:00:00,Stage 5,Area 10,120
2023-01-26,22:00:00,Stage 5,Area 11,120
2023-01-27,00:00:00,Stage 5,Area 7,135
2023-01-27,00:00:00,Stage 5,Area 15,125
2023-01-27,00:00:00,Stage 5,Area 3,130
2023-01-27,00:00:00,Stage 5,Area 11,130
2023-01-27,00:00:00,Stage 5,Area 12,120
2023-01-27,02:00:00,Stage 5,Area 8,135
2023-01-27,02:00:00,Stage 5,Area 13,120
2023-01-27,02:00:00,Stage 5,Area 16,125
2023-01-27,02:00:00,Stage 5,Area 4,130
2023-01-27,02:00:00,Stage 5,Area 12,125
2023-01-27,04:00:00,Stage 5,Area 5,130
2023-01-27,04:00:00,Stage 5,Area 13,135
2023-01-27,04:00:00,Stage 5,Area 14,60
2023-01-27,04:00:00,Stage 5,Area 1,70
2023-01-27,04:00:00,Stage 5,Area 9,125
2023-01-27,06:00:00,Stage 4,Area 6,120
2023-01-27,06:00:00,Stage 4,Area 14,120
2023-01-27,06:00:00,Stage 4,Area 2,120
2023-01-27,06:00:00,Stage 4,Area 10,120
2023-01-27,08:00:00,Stage 3,Area 7,120
2023-01-27,08:00:00,Stage 3,Area 15,120
2023-01-27,08:00:00,Stage 3,Area 11,120
2023-01-27,10:00:00,Stage 3,Area 8,120
2023-01-27,10:00:00,Stage 3,Area 16,120
2023-01-27,10:00:00,Stage 3,Area 12,120
2023-01-27,12:00:00,Stage 3,Area 13,120
2023-01-27,12:00:00,Stage 3,Area 1,120
2023-01-27,12:00:00,Stage 3,Area 9,120
2023-01-27,14:00:00,Stage 3,Area 14,120
2023-01-27,14:00:00,Stage 3,Area 2,120
2023-01-27,14:00:00,Stage 3,Area 10,120
2023-01-27,16:00:00,Stage 3,Area 15,120
2023-01-27,16:00:00,Stage 3,Area 3,120
2023-01-27,16:00:00,Stage 3,Area 11,120
2023-01-27,18:00:00,Stage 3,Area 16,120
2023-01-27,18:00:00,Stage 3,Area 4,120
2023-01-27,18:00:00,Stage 3,Area 12,120
2023-01-27,20:00:00,Stage 3,Area 5,120
2023-01-27,20:00:00,Stage 3,Area 13,120
2023-01-27,20:00:00,Stage 3,Area 1,120
2023-01-27,22:00:00,Stage 4,Area 6,120
2023-01-27,22:00:00,Stage 4,Area 14,120
2023-01-27,22:00:00,Stage 4,Area 2,120
2023-01-27,22:00:00,Stage 4,Area 10,120
2023-01-28,00:00:00,Stage 4,Area 7,120
2023-01-28,00:00:00,Stage 4,Area 15,120
2023-01-28,00:00:00,Stage 4,Area 3,120
2023-01-28,00:00:00,Stage 4,Area 11,120
2023-01-28,02:00:00,Stage 4,Area 8,120
2023-01-28,02:00:00,Stage 4,Area 16,120
2023-01-28,02:00:00,Stage 4,Area 4,120
2023-01-28,02:00:00,Stage 4,Area 12,120
2023-01-28,04:00:00,Stage 4,Area 5,60
2023-01-28,04:00:00,Stage 4,Area 13,60
2023-01-28,04:00:00,Stage 4,Area 1,120
2023-01-28,04:00:00,Stage 4,Area 9,120
2023-01-28,06:00:00,Stage 2,Area 2,120
2023-01-28,06:00:00,Stage 2,Area 10,120
2023-01-28,08:00:00,Stage 2,Area 3,120
2023-01-28,08:00:00,Stage 2,Area 11,120
2023-01-28,10:00:00,Stage 2,Area 4,120
2023-01-28,10:00:00,Stage 2,Area 12,120
2023-01-28,14:00:00,Stage 2,Area 6,120
2023-01-28,14:00:00,Stage 2,Area 14,120
2023-01-28,16:00:00,Stage 4,Area 7,120
2023-01-28,16:00:00,Stage 4,Area 15,120
2023-01-28,16:00:00,Stage 4,Area 3,120
2023-01-28,16:00:00,Stage 4,Area 11,120
2023-01-28,18:00:00,Stage 4,Area 8,120
2023-01-28,18:00:00,Stage 4,Area 16,120
2023-01-28,18:00:00,Stage 4,Area 4,120
2023-01-28,18:00:00,Stage 4,Area 12,120
2023-01-28,20:00:00,Stage 4,Area 5,120
2023-01-28,20:00:00,Stage 4,Area 13,120
2023-01-28,20:00:00,Stage 4,Area 1,120
2023-01-28,20:00:00,Stage 4,Area 9,120
2023-01-28,22:00:00,Stage 4,Area 6,120
2023-01-28,22:00:00,Stage 4,Area 14,120
2023-01-28,22:00:00,Stage 4,Area 2,120
2023-01-28,22:00:00,Stage 4,Area 10,120
2023-01-29,00:00:00,Stage 4,Area 8,120
2023-01-29,00:00:00,Stage 4,Area 16,120
2023-01-29,00:00:00,Stage 4,Area 4,120
2023-01-29,00:00:00,Stage 4,Area 12,120
2023-01-29,02:00:00,Stage 4,Area 5,120
2023-01-29,02:00:00,Stage 4,Area 13,120
2023-01-29,02:00:00,Stage 4,Area 1,120
2023-01-29,02:00:00,Stage 4,Area 9,120
2023-01-29,04:00:00,Stage 4,Area 6,120
2023-01-29,04:00:00,Stage 4,Area 14,120
2023-01-29,04:00:00,Stage 4,Area 2,60
2023-01-29,04:00:00,Stage 4,Area 10,60
2023-01-29,06:00:00,Stage 2,Area 7,120
2023-01-29,06:00:00,Stage 2,Area 15,120
2023-01-29,08:00:00,Stage 2,Area 8,120
2023-01-29,08:00:00,Stage 2,Area 16,120
2023-01-29,10:00:00,Stage 2,Area 1,120
2023-01-29,10:00:00,Stage 2,Area 9,120
2023-01-29,12:00:00,Stage 2,Area 2,158
2023-01-29,12:00:00,Stage 2,Area 10,120
2023-01-29,14:00:00,Stage 2,Area 3,120
2023-01-29,14:00:00,Stage 2,Area 11,120
2023-01-29,16:00:00,Stage 4,Area 8,120
2023-01-29,16:00:00,Stage 4,Area 16,120
2023-01-29,16:00:00,Stage 4,Area 4,120
2023-01-29,16:00:00,Stage 4,Area 12,120
2023-01-29,18:00:00,Stage 4,Area 5,120
2023-01-29,18:00:00,Stage 4,Area 13,120
2023-01-29,18:00:00,Stage 4,Area 1,120
2023-01-29,18:00:00,Stage 4,Area 9,120
2023-01-29,20:00:00,Stage 4,Area 6,120
2023-01-29,20:00:00,Stage 4,Area 14,120
2023-01-29,20:00:00,Stage 4,Area 2,120
2023-01-29,20:00:00,Stage 4,Area 10,120
2023-01-29,22:00:00,Stage 4,Area 7,120
2023-01-29,22:00:00,Stage 4,Area 15,120
2023-01-29,22:00:00,Stage 4,Area 3,120
2023-01-29,22:00:00,Stage 4,Area 11,120
2023-01-30,00:00:00,Stage 4,Area 8,120
2023-01-30,00:00:00,Stage 4,Area 16,120
2023-01-30,00:00:00,Stage 4,Area 4,120
2023-01-30,00:00:00,Stage 4,Area 12,120
2023-01-30,02:00:00,Stage 4,Area 5,120
2023-01-30,02:00:00,Stage 4,Area 13,120
2023-01-30,02:00:00,Stage 4,Area 1,120
2023-01-30,02:00:00,Stage 4,Area 9,120
2023-01-30,04:00:00,Stage 4,Area 6,60
2023-01-30,04:00:00,Stage 4,Area 14,120
2023-01-30,04:00:00,Stage 4,Area 2,120
2023-01-30,04:00:00,Stage 4,Area 10,120
2023-01-30,06:00:00,Stage 3,Area 15,120
2023-01-30,06:00:00,Stage 3,Area 3,120
2023-01-30,06:00:00,Stage 3,Area 11,120
2023-01-30,08:00:00,Stage 3,Area 16,120
2023-01-30,08:00:00,Stage 3,Area 4,120
2023-01-30,08:00:00,Stage 3,Area 12,120
2023-01-30,10:00:00,Stage 3,Area 5,120
2023-01-30,10:00:00,Stage 3,Area 13,120
2023-01-30,10:00:00,Stage 3,Area 1,120
2023-01-30,12:00:00,Stage 3,Area 6,120
2023-01-30,12:00:00,Stage 3,Area 14,120
2023-01-30,12:00:00,Stage 3,Area 2,120
2023-01-30,14:00:00,Stage 3,Area 7,150
2023-01-30,14:00:00,Stage 3,Area 15,150
2023-01-30,14:00:00,Stage 3,Area 3,150
2023-01-30,16:00:00,Stage 3,Area 8,150
2023-01-30,16:00:00,Stage 3,Area 16,150
2023-01-30,16:00:00,Stage 3,Area 4,150
2023-01-30,18:00:00,Stage 3,Area 5,120
2023-01-30,18:00:00,Stage 3,Area 1,120
2023-01-30,18:00:00,Stage 3,Area 9,120
2023-01-30,20:00:00,Stage 3,Area 6,120
2023-01-30,20:00:00,Stage 3,Area 2,120
2023-01-30,20:00:00,Stage 3,Area 10,120
2023-01-30,22:00:00,Stage 4,Area 7,120
2023-01-30,22:00:00,Stage 4,Area 15,120
2023-01-30,22:00:00,Stage 4,Area 3,120
2023-01-30,22:00:00,Stage 4,Area 11,120
2023-01-31,00:00:00,Stage 4,Area 8,120
2023-01-31,00:00:00,Stage 4,Area 16,120
2023-01-31,00:00:00,Stage 4,Area 4,120
2023-01-31,00:00:00,Stage 4,Area 12,120
2023-01-31,02:00:00,Stage 4,Area 5,120
2023-01-31,02:00:00,Stage 4,Area 13,120
2023-01-31,02:00:00,Stage 4,Area 1,120
2023-01-31,02:00:00,Stage 4,Area 9,120
2023-01-31,04:00:00,Stage 4,Area 6,120
2023-01-31,04:00:00,Stage 4,Area 14,120
2023-01-31,04:00:00,Stage 4,Area 2,120
2023-01-31,04:00:00,Stage 4,Area 10,120
2023-01-31,06:00:00,Stage 3,Area 7,120
2023-01-31,06:00:00,Stage 3,Area 15,120
2023-01-31,06:00:00,Stage 3,Area 11,120
2023-01-31,08:00:00,Stage 3,Area 8,120
2023-01-31,08:00:00,Stage 3,Area 16,120
2023-01-31,08:00:00,Stage 3,Area 12,120
2023-01-31,10:00:00,Stage 3,Area 13,120
2023-01-31,10:00:00,Stage 3,Area 1,120
2023-01-31,10:00:00,Stage 3,Area 9,120
2023-01-31,12:00:00,Stage 4,Area 6,120
2023-01-31,12:00:00,Stage 4,Area 14,120
2023-01-31,12:00:00,Stage 4,Area 2,120
2023-01-31,12:00:00,Stage 4,Area 10,120
2023-01-31,14:00:00,Stage 4,Area 7,150
2023-01-31,14:00:00,Stage 4,Area 15,150
2023-01-31,14:00:00,Stage 4,Area 3,150
2023-01-31,14:00:00,Stage 4,Area 11,150
2023-01-31,16:00:00,Stage 4,Area 8,150
2023-01-31,16:00:00,Stage 4,Area 16,150
2023-01-31,16:00:00,Stage 4,Area 4,150
2023-01-31,16:00:00,Stage 4,Area 12,150
2023-01-31,18:00:00,Stage 4,Area 5,150
2023-01-31,18:00:00,Stage 4,Area 13,150
2023-01-31,18:00:00,Stage 4,Area 1,150
2023-01-31,18:00:00,Stage 4,Area 9,150
2023-01-31,20:00:00,Stage 4,Area 6,150
2023-01-31,20:00:00,Stage 4,Area 14,150
2023-01-31,20:00:00,Stage 4,Area 2,150
2023-01-31,20:00:00,Stage 4,Area 10,150
2023-01-31,22:00:00,Stage 6,Area 7,150
2023-01-31,22:00:00,Stage 6,Area 15,150
2023-01-31,22:00:00,Stage 6,Area 3,150
2023-01-31,22:00:00,Stage 6,Area 4,150
2023-01-31,22:00:00,Stage 6,Area 11,150
2023-01-31,22:00:00,Stage 6,Area 12,150
2023-02-01,00:00:00,Stage 6,Area 5,150
2023-02-01,00:00:00,Stage 6,Area 13,150
2023-02-01,00:00:00,Stage 6,Area 1,150
2023-02-01,00:00:00,Stage 6,Area 2,120
2023-02-01,00:00:00,Stage 6,Area 9,150
2023-02-01,00:00:00,Stage 6,Area 10,120
2023-02-01,02:00:00,Stage 6,Area 6,150
2023-02-01,02:00:00,Stage 6,Area 14,150
2023-02-01,02:00:00,Stage 6,Area 2,150
2023-02-01,02:00:00,Stage 6,Area 3,120
2023-02-01,02:00:00,Stage 6,Area 10,150
2023-02-01,02:00:00,Stage 6,Area 11,120
2023-02-01,04:00:00,Stage 6,Area 7,150
2023-02-01,04:00:00,Stage 6,Area 15,150
2023-02-01,04:00:00,Stage 6,Area 3,150
2023-02-01,04:00:00,Stage 6,Area 4,60
2023-02-01,04:00:00,Stage 6,Area 11,150
2023-02-01,04:00:00,Stage 6,Area 12,60
2023-02-01,06:00:00,Stage 4,Area 8,150
2023-02-01,06:00:00,Stage 4,Area 16,150
2023-02-01,06:00:00,Stage 4,Area 4,150
2023-02-01,06:00:00,Stage 4,Area 12,150
2023-02-01,08:00:00,Stage 4,Area 5,120
2023-02-01,08:00:00,Stage 4,Area 13,120
2023-02-01,08:00:00,Stage 4,Area 1,120
2023-02-01,08:00:00,Stage 4,Area 9,120
2023-02-01,10:00:00,Stage 4,Area 6,120
2023-02-01,10:00:00,Stage 4,Area 14,120
2023-02-01,10:00:00,Stage 4,Area 2,120
2023-02-01,10:00:00,Stage 4,Area 10,120
2023-02-01,12:00:00,Stage 4,Area 7,120
2023-02-01,12:00:00,Stage 4,Area 15,120
2023-02-01,12:00:00,Stage 4,Area 3,120
2023-02-01,12:00:00,Stage 4,Area 11,120
2023-02-01,14:00:00,Stage 4,Area 8,150
2023-02-01,14:00:00,Stage 4,Area 16,150
2023-02-01,14:00:00,Stage 4,Area 4,150
2023-02-01,14:00:00,Stage 4,Area 12,150
2023-02-01,16:00:00,Stage 4,Area 5,150
2023-02-01,16:00:00,Stage 4,Area 13,150
2023-02-01,16:00:00,Stage 4,Area 1,150
2023-02-01,16:00:00,Stage 4,Area 9,150
2023-02-01,18:00:00,Stage 4,Area 6,150
2023-02-01,18:00:00,Stage 4,Area 14,150
2023-02-01,18:00:00,Stage 4,Area 2,150
2023-02-01,18:00:00,Stage 4,Area 10,150
2023-02-01,20:00:00,Stage 4,Area 7,150
2023-02-01,20:00:00,Stage 4,Area 15,150
2023-02-01,20:00:00,Stage 4,Area 3,150
2023-02-01,20:00:00,Stage 4,Area 11,150
2023-02-01,22:00:00,Stage 5,Area 8,150
2023-02-01,22:00:00,Stage 5,Area 13,120
2023-02-01,22:00:00,Stage 5,Area 16,150
2023-02-01,22:00:00,Stage 5,Area 4,150
2023-02-01,22:00:00,Stage 5,Area 12,150
2023-02-02,00:00:00,Stage 5,Area 5,150
2023-02-02,00:00:00,Stage 5,Area 13,120
2023-02-02,00:00:00,Stage 5,Area 14,120
2023-02-02,00:00:00,Stage 5,Area 1,150
2023-02-02,00:00:00,Stage 5,Area 9,150
2023-02-02,02:00:00,Stage 5,Area 6,150
2023-02-02,02:00:00,Stage 5,Area 14,150
2023-02-02,02:00:00,Stage 5,Area 15,120
2023-02-02,02:00:00,Stage 5,Area 2,150
2023-02-02,02:00:00,Stage 5,Area 10,150
2023-02-02,04:00:00,Stage 5,Area 7,150
2023-02-02,04:00:00,Stage 5,Area 15,150
2023-02-02,04:00:00,Stage 5,Area 16,60
2023-02-02,04:00:00,Stage 5,Area 3,150
2023-02-02,04:00:00,Stage 5,Area 11,150
2023-02-02,06:00:00,Stage 4,Area 8,150
2023-02-02,06:00:00,Stage 4,Area 16,150
2023-02-02,06:00:00,Stage 4,Area 4,150
2023-02-02,06:00:00,Stage 4,Area 12,150
2023-02-02,08:00:00,Stage 4,Area 5,120
2023-02-02,08:00:00,Stage 4,Area 13,120
2023-02-02,08:00:00,Stage 4,Area 1,120
2023-02-02,08:00:00,Stage 4,Area 9,120
2023-02-02,10:00:00,Stage 4,Area 6,120
2023-02-02,10:00:00,Stage 4,Area 14,120
2023-02-02,10:00:00,Stage 4,Area 2,120
2023-02-02,10:00:00,Stage 4,Area 10,120
2023-02-02,12:00:00,Stage 4,Area 7,150
2023-02-02,12:00:00,Stage 4,Area 15,150
2023-02-02,12:00:00,Stage 4,Area 3,150
2023-02-02,12:00:00,Stage 4,Area 11,150
2023-02-02,14:00:00,Stage 4,Area 8,150
2023-02-02,14:00:00,Stage 4,Area 16,150
2023-02-02,14:00:00,Stage 4,Area 4,150
2023-02-02,14:00:00,Stage 4,Area 12,150
2023-02-02,16:00:00,Stage 4,Area 5,150
2023-02-02,16:00:00,Stage 4,Area 13,150
2023-02-02,16:00:00,Stage 4,Area 1,150
2023-02-02,16:00:00,Stage 4,Area 9,150
2023-02-02,18:00:00,Stage 4,Area 6,150
2023-02-02,18:00:00,Stage 4,Area 14,150
2023-02-02,18:00:00,Stage 4,Area 2,150
2023-02-02,18:00:00,Stage 4,Area 10,150
2023-02-02,20:00:00,Stage 4,Area 7,150
2023-02-02,20:00:00,Stage 4,Area 15,150
2023-02-02,20:00:00,Stage 4,Area 3,150
2023-02-02,20:00:00,Stage 4,Area 11,150
2023-02-02,22:00:00,Stage 5,Area 8,150
2023-02-02,22:00:00,Stage 5,Area 16,150
2023-02-02,22:00:00,Stage 5,Area 4,150
2023-02-02,22:00:00,Stage 5,Area 9,120
2023-02-02,22:00:00,Stage 5,Area 12,150
2023-02-03,00:00:00,Stage 5,Area 5,150
2023-02-03,00:00:00,Stage 5,Area 13,150
2023-02-03,00:00:00,Stage 5,Area 1,150
2023-02-03,00:00:00,Stage 5,Area 9,120
2023-02-03,00:00:00,Stage 5,Area 10,120
2023-02-03,02:00:00,Stage 5,Area 6,150
2023-02-03,02:00:00,Stage 5,Area 14,150
2023-02-03,02:00:00,Stage 5,Area 2,150
2023-02-03,02:00:00,Stage 5,Area 10,150
2023-02-03,02:00:00,Stage 5,Area 11,120
2023-02-03,04:00:00,Stage 5,Area 7,150
2023-02-03,04:00:00,Stage 5,Area 15,60
2023-02-03,04:00:00,Stage 5,Area 3,150
2023-02-03,04:00:00,Stage 5,Area 11,150
2023-02-03,04:00:00,Stage 5,Area 12,60
2023-02-03,06:00:00,Stage 3,Area 8,150
2023-02-03,06:00:00,Stage 3,Area 4,150
2023-02-03,06:00:00,Stage 3,Area 12,150
2023-02-03,08:00:00,Stage 3,Area 5,120
2023-02-03,08:00:00,Stage 3,Area 13,120
2023-02-03,08:00:00,Stage 3,Area 9,120
2023-02-03,10:00:00,Stage 3,Area 6,120
2023-02-03,10:00:00,Stage 3,Area 14,120
2023-02-03,10:00:00,Stage 3,Area 10,120
2023-02-03,12:00:00,Stage 3,Area 7,150
2023-02-03,12:00:00,Stage 3,Area 15,150
2023-02-03,12:00:00,Stage 3,Area 11,150
2023-02-03,14:00:00,Stage 3,Area 8,150
2023-02-03,14:00:00,Stage 3,Area 16,150
2023-02-03,14:00:00,Stage 3,Area 12,150
2023-02-03,16:00:00,Stage 3,Area 13,150
2023-02-03,16:00:00,Stage 3,Area 1,150
2023-02-03,16:00:00,Stage 3,Area 9,150
2023-02-03,18:00:00,Stage 3,Area 14,120
2023-02-03,18:00:00,Stage 3,Area 2,120
2023-02-03,18:00:00,Stage 3,Area 10,120
2023-02-03,20:00:00,Stage 3,Area 15,120
2023-02-03,20:00:00,Stage 3,Area 3,120
2023-02-03,20:00:00,Stage 3,Area 11,120
2023-02-03,22:00:00,Stage 4,Area 8,120
2023-02-03,22:00:00,Stage 4,Area 16,120
2023-02-03,22:00:00,Stage 4,Area 4,120
2023-02-03,22:00:00,Stage 4,Area 12,120
2023-02-04,00:00:00,Stage 4,Area 5,120
2023-02-04,00:00:00,Stage 4,Area 13,120
2023-02-04,00:00:00,Stage 4,Area 1,120
2023-02-04,00:00:00,Stage 4,Area 9,120
2023-02-04,02:00:00,Stage 4,Area 6,120
2023-02-04,02:00:00,Stage 4,Area 14,120
2023-02-04,02:00:00,Stage 4,Area 2,120
2023-02-04,02:00:00,Stage 4,Area 10,120
2023-02-04,04:00:00,Stage 4,Area 7,120
2023-02-04,04:00:00,Stage 4,Area 15,120
2023-02-04,04:00:00,Stage 4,Area 3,60
2023-02-04,04:00:00,Stage 4,Area 11,60
2023-02-04,06:00:00,Stage 2,Area 8,120
2023-02-04,06:00:00,Stage 2,Area 16,120
2023-02-04,08:00:00,Stage 2,Area 1,120
2023-02-04,08:00:00,Stage 2,Area 9,120
2023-02-04,10:00:00,Stage 2,Area 2,120
2023-02-04,10:00:00,Stage 2,Area 10,120
2023-02-04,12:00:00,Stage 2,Area 3,150
2023-02-04,12:00:00,Stage 2,Area 11,150
2023-02-04,14:00:00,Stage 2,Area 4,150
2023-02-04,14:00:00,Stage 2,Area 12,150
2023-02-04,16:00:00,Stage 3,Area 5,150
2023-02-04,16:00:00,Stage 3,Area 13,150
2023-02-04,16:00:00,Stage 3,Area 9,150
2023-02-04,18:00:00,Stage 3,Area 6,120
2023-02-04,18:00:00,Stage 3,Area 14,120
2023-02-04,18:00:00,Stage 3,Area 10,120
2023-02-04,20:00:00,Stage 3,Area 7,120
2023-02-04,20:00:00,Stage 3,Area 15,120
2023-02-04,20:00:00,Stage 3,Area 11,120
2023-02-04,22:00:00,Stage 3,Area 8,120
2023-02-04,22:00:00,Stage 3,Area 16,120
2023-02-04,22:00:00,Stage 3,Area 12,120
2023-02-05,00:00:00,Stage 3,Area 14,120
2023-02-05,00:00:00,Stage 3,Area 2,120
2023-02-05,00:00:00,Stage 3,Area 10,120
2023-02-05,02:00:00,Stage 3,Area 15,110
2023-02-05,02:00:00,Stage 3,Area 3,110
2023-02-05,02:00:00,Stage 3,Area 11,110
2023-02-05,16:00:00,Stage 2,Area 2,150
2023-02-05,16:00:00,Stage 2,Area 10,150
2023-02-05,18:00:00,Stage 2,Area 3,120
2023-02-05,18:00:00,Stage 2,Area 11,120
2023-02-05,20:00:00,Stage 2,Area 4,120
2023-02-05,20:00:00,Stage 2,Area 12,120
2023-02-05,22:00:00,Stage 2,Area 5,120
2023-02-05,22:00:00,Stage 2,Area 13,120
2023-02-06,00:00:00,Stage 2,Area 6,120
2023-02-06,00:00:00,Stage 2,Area 14,120
2023-02-06,02:00:00,Stage 2,Area 7,120
2023-02-06,02:00:00,Stage 2,Area 15,120
2023-02-06,04:00:00,Stage 2,Area 8,120
2023-02-06,04:00:00,Stage 2,Area 16,120
2023-02-06,06:00:00,Stage 2,Area 1,120
2023-02-06,06:00:00,Stage 2,Area 9,120
2023-02-06,08:00:00,Stage 2,Area 2,120
2023-02-06,08:00:00,Stage 2,Area 10,120
2023-02-06,10:00:00,Stage 2,Area 3,120
2023-02-06,10:00:00,Stage 2,Area 11,120
2023-02-06,12:00:00,Stage 2,Area 4,120
2023-02-06,12:00:00,Stage 2,Area 12,120
2023-02-06,14:00:00,Stage 2,Area 5,120
2023-02-06,14:00:00,Stage 2,Area 13,120
2023-02-06,16:00:00,Stage 3,Area 6,120
2023-02-06,16:00:00,Stage 3,Area 14,120
2023-02-06,16:00:00,Stage 3,Area 2,120
2023-02-06,18:00:00,Stage 3,Area 7,120
2023-02-06,18:00:00,Stage 3,Area 15,120
2023-02-06,18:00:00,Stage 3,Area 3,120
2023-02-06,20:00:00,Stage 3,Area 8,120
2023-02-06,20:00:00,Stage 3,Area 16,120
2023-02-06,20:00:00,Stage 3,Area 4,120
2023-02-06,22:00:00,Stage 4,Area 5,120
2023-02-06,22:00:00,Stage 4,Area 13,120
2023-02-06,22:00:00,Stage 4,Area 1,120
2023-02-06,22:00:00,Stage 4,Area 9,120
2023-02-07,00:00:00,Stage 4,Area 6,120
2023-02-07,00:00:00,Stage 4,Area 14,120
2023-02-07,00:00:00,Stage 4,Area 2,120
2023-02-07,00:00:00,Stage 4,Area 10,120
2023-02-07,02:00:00,Stage 4,Area 7,120
2023-02-07,02:00:00,Stage 4,Area 15,120
2023-02-07,02:00:00,Stage 4,Area 3,120
2023-02-07,02:00:00,Stage 4,Area 11,120
2023-02-07,04:00:00,Stage 4,Area 8,60
2023-02-07,04:00:00,Stage 4,Area 16,60
2023-02-07,04:00:00,Stage 4,Area 4,120
2023-02-07,04:00:00,Stage 4,Area 12,120
2023-02-07,06:00:00,Stage 2,Area 5,130
2023-02-07,06:00:00,Stage 2,Area 13,130
2023-02-07,08:00:00,Stage 2,Area 6,130
2023-02-07,08:00:00,Stage 2,Area 14,130
2023-02-07,10:00:00,Stage 2,Area 7,130
2023-02-07,10:00:00,Stage 2,Area 15,130
2023-02-07,12:00:00,Stage 2,Area 8,128
2023-02-07,12:00:00,Stage 2,Area 16,128
2023-02-07,14:00:00,Stage 2,Area 1,125
2023-02-07,14:00:00,Stage 2,Area 9,120
2023-02-07,16:00:00,Stage 3,Area 14,120
2023-02-07,16:00:00,Stage 3,Area 2,120
2023-02-07,16:00:00,Stage 3,Area 10,120
2023-02-07,18:00:00,Stage 3,Area 15,120
2023-02-07,18:00:00,Stage 3,Area 3,120
2023-02-07,18:00:00,Stage 3,Area 11,120
2023-02-07,20:00:00,Stage 3,Area 16,120
2023-02-07,20:00:00,Stage 3,Area 4,120
2023-02-07,20:00:00,Stage 3,Area 12,120
2023-02-07,22:00:00,Stage 4,Area 5,120
2023-02-07,22:00:00,Stage 4,Area 13,120
2023-02-07,22:00:00,Stage 4,Area 1,120
2023-02-07,22:00:00,Stage 4,Area 9,120
2023-02-08,00:00:00,Stage 4,Area 6,120
2023-02-08,00:00:00,Stage 4,Area 14,120
2023-02-08,00:00:00,Stage 4,Area 2,120
2023-02-08,00:00:00,Stage 4,Area 10,120
2023-02-08,02:00:00,Stage 3,Area 7,120
2023-02-08,02:00:00,Stage 3,Area 15,120
2023-02-08,02:00:00,Stage 3,Area 11,120
2023-02-08,04:00:00,Stage 4,Area 8,120
2023-02-08,04:00:00,Stage 4,Area 16,120
2023-02-08,04:00:00,Stage 4,Area 4,60
2023-02-08,04:00:00,Stage 4,Area 12,60
2023-02-08,06:00:00,Stage 2,Area 1,130
2023-02-08,06:00:00,Stage 2,Area 9,130
2023-02-08,08:00:00,Stage 2,Area 2,130
2023-02-08,08:00:00,Stage 2,Area 10,130
2023-02-08,10:00:00,Stage 2,Area 3,130
2023-02-08,10:00:00,Stage 2,Area 11,130
2023-02-08,12:00:00,Stage 2,Area 4,130
2023-02-08,12:00:00,Stage 2,Area 12,125
2023-02-08,14:00:00,Stage 2,Area 5,120
2023-02-08,14:00:00,Stage 2,Area 13,120
2023-02-08,16:00:00,Stage 3,Area 6,120
2023-02-08,16:00:00,Stage 3,Area 14,120
2023-02-08,16:00:00,Stage 3,Area 10,120
2023-02-08,18:00:00,Stage 3,Area 7,120
2023-02-08,18:00:00,Stage 3,Area 15,120
2023-02-08,18:00:00,Stage 3,Area 11,120
2023-02-08,20:00:00,Stage 3,Area 8,120
2023-02-08,20:00:00,Stage 3,Area 16,120
2023-02-08,20:00:00,Stage 3,Area 12,120
2023-02-08,22:00:00,Stage 4,Area 5,120
2023-02-08,22:00:00,Stage 4,Area 13,120
2023-02-08,22:00:00,Stage 4,Area 1,120
2023-02-08,22:00:00,Stage 4,Area 9,120
2023-02-09,00:00:00,Stage 4,Area 7,120
2023-02-09,00:00:00,Stage 4,Area 15,120
2023-02-09,00:00:00,Stage 4,Area 3,120
2023-02-09,00:00:00,Stage 4,Area 11,120
2023-02-09,02:00:00,Stage 4,Area 8,120
2023-02-09,02:00:00,Stage 4,Area 16,120
2023-02-09,02:00:00,Stage 4,Area 4,120
2023-02-09,02:00:00,Stage 4,Area 12,120
2023-02-09,04:00:00,Stage 4,Area 5,120
2023-02-09,04:00:00,Stage 4,Area 13,120
2023-02-09,04:00:00,Stage 4,Area 1,60
2023-02-09,04:00:00,Stage 4,Area 9,60
2023-02-09,06:00:00,Stage 2,Area 6,150
2023-02-09,06:00:00,Stage 2,Area 14,150
2023-02-09,08:00:00,Stage 2,Area 7,150
2023-02-09,08:00:00,Stage 2,Area 15,150
2023-02-09,10:00:00,Stage 2,Area 8,150
2023-02-09,10:00:00,Stage 2,Area 16,150
2023-02-09,12:00:00,Stage 2,Area 1,150
2023-02-09,12:00:00,Stage 2,Area 9,150
2023-02-09,14:00:00,Stage 2,Area 2,120
2023-02-09,14:00:00,Stage 2,Area 10,120
2023-02-09,16:00:00,Stage 3,Area 7,108
2023-02-09,16:00:00,Stage 3,Area 3,120
2023-02-09,16:00:00,Stage 3,Area 11,120
2023-02-09,18:00:00,Stage 3,Area 8,120
2023-02-09,18:00:00,Stage 3,Area 4,120
2023-02-09,18:00:00,Stage 3,Area 12,120
2023-02-09,20:00:00,Stage 3,Area 5,120
2023-02-09,20:00:00,Stage 3,Area 13,120
2023-02-09,20:00:00,Stage 3,Area 9,120
2023-02-09,22:00:00,Stage 4,Area 6,120
2023-02-09,22:00:00,Stage 4,Area 14,120
2023-02-09,22:00:00,Stage 4,Area 2,120
2023-02-09,22:00:00,Stage 4,Area 10,120
2023-02-10,00:00:00,Stage 4,Area 7,120
2023-02-10,00:00:00,Stage 4,Area 15,120
2023-02-10,00:00:00,Stage 4,Area 3,120
2023-02-10,00:00:00,Stage 4,Area 11,120
2023-02-10,02:00:00,Stage 3,Area 8,120
2023-02-10,02:00:00,Stage 3,Area 4,120
2023-02-10,02:00:00,Stage 3,Area 12,120
2023-02-10,04:00:00,Stage 4,Area 5,60
2023-02-10,04:00:00,Stage 4,Area 13,60
2023-02-10,04:00:00,Stage 4,Area 1,120
2023-02-10,04:00:00,Stage 4,Area 9,120
2023-02-10,06:00:00,Stage 2,Area 2,120
2023-02-10,06:00:00,Stage 2,Area 10,120
2023-02-10,08:00:00,Stage 2,Area 3,120
2023-02-10,08:00:00,Stage 2,Area 11,120
2023-02-10,10:00:00,Stage 2,Area 4,120
2023-02-10,10:00:00,Stage 2,Area 12,120
2023-02-10,12:00:00,Stage 2,Area 5,120
2023-02-10,12:00:00,Stage 2,Area 13,120
2023-02-10,14:00:00,Stage 2,Area 6,150
2023-02-10,14:00:00,Stage 2,Area 14,150
2023-02-10,16:00:00,Stage 3,Area 7,120
2023-02-10,16:00:00,Stage 3,Area 15,120
2023-02-10,16:00:00,Stage 3,Area 3,120
2023-02-10,18:00:00,Stage 3,Area 8,150
2023-02-10,18:00:00,Stage 3,Area 16,150
2023-02-10,18:00:00,Stage 3,Area 4,150
2023-02-10,20:00:00,Stage 3,Area 5,150
2023-02-10,20:00:00,Stage 3,Area 1,150
2023-02-10,20:00:00,Stage 3,Area 9,150
2023-02-10,22:00:00,Stage 4,Area 6,150
2023-02-10,22:00:00,Stage 4,Area 14,150
2023-02-10,22:00:00,Stage 4,Area 2,150
2023-02-10,22:00:00,Stage 4,Area 10,150
2023-02-11,00:00:00,Stage 4,Area 7,150
2023-02-11,00:00:00,Stage 4,Area 15,150
2023-02-11,00:00:00,Stage 4,Area 3,150
2023-02-11,00:00:00,Stage 4,Area 11,150
2023-02-11,02:00:00,Stage 4,Area 8,150
2023-02-11,02:00:00,Stage 4,Area 16,150
2023-02-11,02:00:00,Stage 4,Area 4,150
2023-02-11,02:00:00,Stage 4,Area 12,150
2023-02-11,04:00:00,Stage 4,Area 5,150
2023-02-11,04:00:00,Stage 4,Area 13,150
2023-02-11,04:00:00,Stage 4,Area 1,70
2023-02-11,04:00:00,Stage 4,Area 9,70
2023-02-11,06:00:00,Stage 2,Area 6,120
2023-02-11,06:00:00,Stage 2,Area 14,120
2023-02-11,08:00:00,Stage 2,Area 7,120
2023-02-11,08:00:00,Stage 2,Area 15,120
2023-02-11,10:00:00,Stage 2,Area 8,120
2023-02-11,10:00:00,Stage 2,Area 16,120
2023-02-11,12:00:00,Stage 2,Area 1,120
2023-02-11,12:00:00,Stage 2,Area 9,120
2023-02-11,14:00:00,Stage 2,Area 2,120
2023-02-11,14:00:00,Stage 2,Area 10,120
2023-02-11,16:00:00,Stage 3,Area 15,120
2023-02-11,16:00:00,Stage 3,Area 3,120
2023-02-11,16:00:00,Stage 3,Area 11,120
2023-02-11,18:00:00,Stage 3,Area 16,120
2023-02-11,18:00:00,Stage 3,Area 4,150
2023-02-11,18:00:00,Stage 3,Area 12,150
2023-02-11,20:00:00,Stage 3,Area 5,150
2023-02-11,20:00:00,Stage 3,Area 13,150
2023-02-11,20:00:00,Stage 3,Area 1,150
2023-02-11,22:00:00,Stage 3,Area 6,150
2023-02-11,22:00:00,Stage 3,Area 14,150
2023-02-11,22:00:00,Stage 3,Area 2,150
2023-02-12,00:00:00,Stage 3,Area 7,150
2023-02-12,00:00:00,Stage 3,Area 15,150
2023-02-12,00:00:00,Stage 3,Area 3,150
2023-02-12,02:00:00,Stage 3,Area 8,150
2023-02-12,02:00:00,Stage 3,Area 16,150
2023-02-12,02:00:00,Stage 3,Area 4,150
2023-02-12,04:00:00,Stage 3,Area 5,70
2023-02-12,04:00:00,Stage 3,Area 1,150
2023-02-12,04:00:00,Stage 3,Area 9,150
2023-02-12,06:00:00,Stage 2,Area 2,120
2023-02-12,06:00:00,Stage 2,Area 10,120
2023-02-12,08:00:00,Stage 2,Area 3,120
2023-02-12,08:00:00,Stage 2,Area 11,120
2023-02-12,10:00:00,Stage 2,Area 4,120
2023-02-12,10:00:00,Stage 2,Area 12,120
2023-02-12,12:00:00,Stage 2,Area 5,120
2023-02-12,12:00:00,Stage 2,Area 13,120
2023-02-12,14:00:00,Stage 2,Area 6,120
2023-02-12,14:00:00,Stage 2,Area 14,120
2023-02-12,16:00:00,Stage 3,Area 7,120
2023-02-12,16:00:00,Stage 3,Area 15,120
2023-02-12,16:00:00,Stage 3,Area 11,120
2023-02-12,18:07:00,Stage 3,Area 8,143
2023-02-12,18:07:00,Stage 3,Area 16,143
2023-02-12,18:07:00,Stage 3,Area 12,143
2023-02-12,20:00:00,Stage 3,Area 13,150
2023-02-12,20:00:00,Stage 3,Area 1,150
2023-02-12,20:00:00,Stage 3,Area 9,150
2023-02-12,22:00:00,Stage 3,Area 14,150
2023-02-12,22:00:00,Stage 3,Area 2,150
2023-02-12,22:00:00,Stage 3,Area 10,150
2023-02-13,00:00:00,Stage 3,Area 16,150
2023-02-13,00:00:00,Stage 3,Area 4,150
2023-02-13,00:00:00,Stage 3,Area 12,150
2023-02-13,02:00:00,Stage 3,Area 5,150
2023-02-13,02:00:00,Stage 3,Area 13,150
2023-02-13,02:00:00,Stage 3,Area 1,150
2023-02-13,04:00:00,Stage 2,Area 6,150
2023-02-13,04:00:00,Stage 2,Area 2,70
2023-02-13,06:00:00,Stage 2,Area 7,120
2023-02-13,06:00:00,Stage 2,Area 15,120
2023-02-13,08:00:00,Stage 2,Area 8,120
2023-02-13,08:00:00,Stage 2,Area 16,120
2023-02-13,10:00:00,Stage 2,Area 1,120
2023-02-13,10:00:00,Stage 2,Area 9,120
2023-02-13,12:00:00,Stage 2,Area 2,120
2023-02-13,12:00:00,Stage 2,Area 10,125
2023-02-13,14:00:00,Stage 2,Area 3,125
2023-02-13,14:00:00,Stage 2,Area 11,125
2023-02-13,16:00:00,Stage 3,Area 8,125
2023-02-13,16:00:00,Stage 3,Area 4,125
2023-02-13,16:00:00,Stage 3,Area 12,125
2023-02-13,18:00:00,Stage 3,Area 5,150
2023-02-13,18:00:00,Stage 3,Area 13,150
2023-02-13,18:00:00,Stage 3,Area 9,150
2023-02-13,20:00:00,Stage 3,Area 6,150
2023-02-13,20:00:00,Stage 3,Area 14,150
2023-02-13,20:00:00,Stage 3,Area 10,150
2023-02-13,22:00:00,Stage 4,Area 7,150
2023-02-13,22:00:00,Stage 4,Area 15,150
2023-02-13,22:00:00,Stage 4,Area 3,150
2023-02-13,22:00:00,Stage 4,Area 11,150
2023-02-14,00:00:00,Stage 4,Area 8,150
2023-02-14,00:00:00,Stage 4,Area 16,150
2023-02-14,00:00:00,Stage 4,Area 4,150
2023-02-14,00:00:00,Stage 4,Area 12,150
2023-02-14,02:00:00,Stage 4,Area 5,150
2023-02-14,02:00:00,Stage 4,Area 13,150
2023-02-14,02:00:00,Stage 4,Area 1,150
2023-02-14,02:00:00,Stage 4,Area 9,150
2023-02-14,04:00:00,Stage 4,Area 6,70
2023-02-14,04:00:00,Stage 4,Area 14,70
2023-02-14,04:00:00,Stage 4,Area 2,150
2023-02-14,04:00:00,Stage 4,Area 10,150
2023-02-14,06:00:00,Stage 2,Area 3,120
2023-02-14,06:00:00,Stage 2,Area 11,120
2023-02-14,08:00:00,Stage 2,Area 4,120
2023-02-14,08:00:00,Stage 2,Area 12,120
2023-02-14,10:00:00,Stage 2,Area 5,120
2023-02-14,10:00:00,Stage 2,Area 13,120
2023-02-14,12:00:00,Stage 2,Area 6,120
2023-02-14,12:00:00,Stage 2,Area 14,120
2023-02-14,14:00:00,Stage 2,Area 7,120
2023-02-14,14:00:00,Stage 2,Area 15,120
2023-02-14,16:00:00,Stage 3,Area 8,120
2023-02-14,16:00:00,Stage 3,Area 16,120
2023-02-14,16:00:00,Stage 3,Area 4,120
2023-02-14,18:00:00,Stage 3,Area 5,120
2023-02-14,18:00:00,Stage 3,Area 1,120
2023-02-14,18:00:00,Stage 3,Area 9,120
2023-02-14,20:00:00,Stage 3,Area 6,120
2023-02-14,20:00:00,Stage 3,Area 2,120
2023-02-14,20:00:00,Stage 3,Area 10,120
2023-02-14,22:00:00,Stage 4,Area 7,120
2023-02-14,22:00:00,Stage 4,Area 15,120
2023-02-14,22:00:00,Stage 4,Area 3,120
2023-02-14,22:00:00,Stage 4,Area 11,120
2023-02-15,00:00:00,Stage 4,Area 8,120
2023-02-15,00:00:00,Stage 4,Area 16,120
2023-02-15,00:00:00,Stage 4,Area 4,120
2023-02-15,00:00:00,Stage 4,Area 12,120
2023-02-15,02:00:00,Stage 4,Area 5,120
2023-02-15,02:00:00,Stage 4,Area 13,120
2023-02-15,02:00:00,Stage 4,Area 1,120
2023-02-15,02:00:00,Stage 4,Area 9,120
2023-02-15,04:00:00,Stage 4,Area 6,120
2023-02-15,04:00:00,Stage 4,Area 14,120
2023-02-15,04:00:00,Stage 4,Area 2,60
2023-02-15,04:00:00,Stage 4,Area 10,60
2023-02-15,06:00:00,Stage 2,Area 7,120
2023-02-15,06:00:00,Stage 2,Area 15,120
2023-02-15,08:00:00,Stage 2,Area 8,120
2023-02-15,08:00:00,Stage 2,Area 16,120
2023-02-15,10:00:00,Stage 2,Area 1,120
2023-02-15,10:00:00,Stage 2,Area 9,120
2023-02-15,12:00:00,Stage 2,Area 2,120
2023-02-15,12:00:00,Stage 2,Area 10,120
2023-02-15,14:00:00,Stage 2,Area 3,120
2023-02-15,14:00:00,Stage 2,Area 11,120
2023-02-15,16:00:00,Stage 4,Area 8,120
2023-02-15,16:00:00,Stage 4,Area 16,120
2023-02-15,16:00:00,Stage 4,Area 4,120
2023-02-15,16:00:00,Stage 4,Area 12,120
2023-02-15,18:00:00,Stage 4,Area 5,120
2023-02-15,18:00:00,Stage 4,Area 13,120
2023-02-15,18:00:00,Stage 4,Area 1,120
2023-02-15,18:00:00,Stage 4,Area 9,120
2023-02-15,20:00:00,Stage 4,Area 6,120
2023-02-15,20:00:00,Stage 4,Area 14,120
2023-02-15,20:00:00,Stage 4,Area 2,120
2023-02-15,20:00:00,Stage 4,Area 10,120
2023-02-15,22:00:00,Stage 4,Area 7,120
2023-02-15,22:00:00,Stage 4,Area 15,120
2023-02-15,22:00:00,Stage 4,Area 3,120
2023-02-15,22:00:00,Stage 4,Area 11,120
2023-02-16,00:00:00,Stage 4,Area 8,120
2023-02-16,00:00:00,Stage 4,Area 16,120
2023-02-16,00:00:00,Stage 4,Area 4,120
2023-02-16,00:00:00,Stage 4,Area 12,120
2023-02-16,02:00:00,Stage 4,Area 5,120
2023-02-16,02:00:00,Stage 4,Area 13,120
2023-02-16,02:00:00,Stage 4,Area 1,120
2023-02-16,02:00:00,Stage 4,Area 9,120
2023-02-16,04:00:00,Stage 4,Area 6,60
2023-02-16,04:00:00,Stage 4,Area 14,60
2023-02-16,04:00:00,Stage 4,Area 2,120
2023-02-16,04:00:00,Stage 4,Area 10,120
2023-02-16,06:00:00,Stage 2,Area 3,120
2023-02-16,06:00:00,Stage 2,Area 11,120
2023-02-16,08:00:00,Stage 2,Area 4,120
2023-02-16,08:00:00,Stage 2,Area 12,120
2023-02-16,10:00:00,Stage 2,Area 5,120
2023-02-16,10:00:00,Stage 2,Area 13,120
2023-02-16,12:00:00,Stage 2,Area 6,120
2023-02-16,12:00:00,Stage 2,Area 14,120
2023-02-16,14:00:00,Stage 2,Area 7,120
2023-02-16,14:00:00,Stage 2,Area 15,120
2023-02-16,16:00:00,Stage 4,Area 8,120
2023-02-16,16:00:00,Stage 4,Area 16,125
2023-02-16,16:00:00,Stage 4,Area 4,120
2023-02-16,16:00:00,Stage 4,Area 12,120
2023-02-16,18:00:00,Stage 4,Area 5,120
2023-02-16,18:00:00,Stage 4,Area 13,120
2023-02-16,18:00:00,Stage 4,Area 1,120
2023-02-16,18:00:00,Stage 4,Area 9,120
2023-02-16,20:00:00,Stage 4,Area 6,120
2023-02-16,20:00:00,Stage 4,Area 14,120
2023-02-16,20:00:00,Stage 4,Area 2,120
2023-02-16,20:00:00,Stage 4,Area 10,120
2023-02-16,22:00:00,Stage 4,Area 7,120
2023-02-16,22:00:00,Stage 4,Area 15,120
2023-02-16,22:00:00,Stage 4,Area 3,120
2023-02-16,22:00:00,Stage 4,Area 11,120
2023-02-17,00:00:00,Stage 4,Area 5,120
2023-02-17,00:00:00,Stage 4,Area 13,120
2023-02-17,00:00:00,Stage 4,Area 1,120
2023-02-17,00:00:00,Stage 4,Area 9,120
2023-02-17,02:00:00,Stage 4,Area 6,120
2023-02-17,02:00:00,Stage 4,Area 14,120
2023-02-17,02:00:00,Stage 4,Area 2,120
2023-02-17,02:00:00,Stage 4,Area 10,120
2023-02-17,04:00:00,Stage 4,Area 7,60
2023-02-17,04:00:00,Stage 4,Area 15,60
2023-02-17,04:00:00,Stage 4,Area 3,120
2023-02-17,04:00:00,Stage 4,Area 11,120
2023-02-17,06:00:00,Stage 2,Area 4,150
2023-02-17,06:00:00,Stage 2,Area 12,150
2023-02-17,08:00:00,Stage 2,Area 5,150
2023-02-17,08:00:00,Stage 2,Area 13,150
2023-02-17,10:00:00,Stage 2,Area 6,150
2023-02-17,10:00:00,Stage 2,Area 14,150
2023-02-17,12:00:00,Stage 2,Area 7,120
2023-02-17,12:00:00,Stage 2,Area 15,120
2023-02-17,14:00:00,Stage 2,Area 8,120
2023-02-17,14:00:00,Stage 2,Area 16,120
2023-02-17,16:00:00,Stage 4,Area 5,150
2023-02-17,16:00:00,Stage 4,Area 13,150
2023-02-17,16:00:00,Stage 4,Area 1,150
2023-02-17,16:00:00,Stage 4,Area 9,150
2023-02-17,18:00:00,Stage 4,Area 6,150
2023-02-17,18:00:00,Stage 4,Area 14,150
2023-02-17,18:00:00,Stage 4,Area 2,150
2023-02-17,18:00:00,Stage 4,Area 10,150
2023-02-17,20:00:00,Stage 4,Area 7,120
2023-02-17,20:00:00,Stage 4,Area 15,120
2023-02-17,20:00:00,Stage 4,Area 3,150
2023-02-17,20:00:00,Stage 4,Area 11,120
2023-02-17,22:00:00,Stage 4,Area 8,120
2023-02-17,22:00:00,Stage 4,Area 16,120
2023-02-17,22:00:00,Stage 4,Area 4,120
2023-02-17,22:00:00,Stage 4,Area 12,120
2023-02-18,00:00:00,Stage 4,Area 5,120
2023-02-18,00:00:00,Stage 4,Area 8,120
2023-02-18,00:00:00,Stage 4,Area 13,120
2023-02-18,00:00:00,Stage 4,Area 1,120
2023-02-18,02:00:00,Stage 4,Area 6,120
2023-02-18,02:00:00,Stage 4,Area 14,120
2023-02-18,02:00:00,Stage 4,Area 2,120
2023-02-18,02:00:00,Stage 4,Area 10,120
2023-02-18,04:00:00,Stage 4,Area 7,120
2023-02-18,04:00:00,Stage 4,Area 15,120
2023-02-18,04:00:00,Stage 4,Area 3,120
2023-02-18,04:00:00,Stage 4,Area 11,120
2023-02-18,06:00:00,Stage 4,Area 8,125
2023-02-18,06:00:00,Stage 4,Area 16,125
2023-02-18,06:00:00,Stage 4,Area 4,125
2023-02-18,06:00:00,Stage 4,Area 12,125
2023-02-18,08:00:00,Stage 4,Area 5,125
2023-02-18,08:00:00,Stage 4,Area 13,135
2023-02-18,08:00:00,Stage 4,Area 1,125
2023-02-18,08:00:00,Stage 4,Area 9,125
2023-02-18,10:00:00,Stage 4,Area 6,135
2023-02-18,10:00:00,Stage 4,Area 14,130
2023-02-18,10:00:00,Stage 4,Area 2,125
2023-02-18,10:00:00,Stage 4,Area 10,140
2023-02-18,12:00:00,Stage 4,Area 7,130
2023-02-18,12:00:00,Stage 4,Area 15,125
2023-02-18,12:00:00,Stage 4,Area 3,135
2023-02-18,12:00:00,Stage 4,Area 11,125
2023-02-18,14:00:00,Stage 4,Area 8,150
2023-02-18,14:00:00,Stage 4,Area 16,150
2023-02-18,14:00:00,Stage 4,Area 4,150
2023-02-18,14:00:00,Stage 4,Area 12,150
2023-02-18,16:00:00,Stage 4,Area 5,150
2023-02-18,16:00:00,Stage 4,Area 13,150
2023-02-18,16:00:00,Stage 4,Area 1,150
2023-02-18,16:00:00,Stage 4,Area 9,150
2023-02-18,18:00:00,Stage 4,Area 6,150
2023-02-18,18:00:00,Stage 4,Area 14,150
2023-02-18,18:00:00,Stage 4,Area 2,150
2023-02-18,18:00:00,Stage 4,Area 10,150
2023-02-18,20:00:00,Stage 6,Area 7,150
2023-02-18,20:00:00,Stage 6,Area 8,120
2023-02-18,20:00:00,Stage 6,Area 15,150
2023-02-18,20:00:00,Stage 6,Area 16,120
2023-02-18,20:00:00,Stage 6,Area 3,150
2023-02-18,20:00:00,Stage 6,Area 11,150
2023-02-18,22:00:00,Stage 6,Area 8,150
2023-02-18,22:00:00,Stage 6,Area 16,150
2023-02-18,22:00:00,Stage 6,Area 1,120
2023-02-18,22:00:00,Stage 6,Area 4,120
2023-02-18,22:00:00,Stage 6,Area 9,120
2023-02-18,22:00:00,Stage 6,Area 12,120
2023-02-19,00:00:00,Stage 6,Area 5,120
2023-02-19,00:00:00,Stage 6,Area 13,120
2023-02-19,00:00:00,Stage 6,Area 1,120
2023-02-19,00:00:00,Stage 6,Area 2,120
2023-02-19,00:00:00,Stage 6,Area 9,120
2023-02-19,00:00:00,Stage 6,Area 10,120
2023-02-19,02:00:00,Stage 6,Area 6,120
2023-02-19,02:00:00,Stage 6,Area 14,120
2023-02-19,02:00:00,Stage 6,Area 2,120
2023-02-19,02:00:00,Stage 6,Area 3,120
2023-02-19,02:00:00,Stage 6,Area 10,120
2023-02-19,02:00:00,Stage 6,Area 11,120
2023-02-19,04:00:00,Stage 6,Area 7,120
2023-02-19,04:00:00,Stage 6,Area 15,120
2023-02-19,04:00:00,Stage 6,Area 3,120
2023-02-19,04:00:00,Stage 6,Area 4,60
2023-02-19,04:00:00,Stage 6,Area 11,120
2023-02-19,04:00:00,Stage 6,Area 12,60
2023-02-19,06:00:00,Stage 4,Area 8,130
2023-02-19,06:00:00,Stage 4,Area 16,125
2023-02-19,06:00:00,Stage 4,Area 4,130
2023-02-19,06:00:00,Stage 4,Area 12,125
2023-02-19,08:00:00,Stage 4,Area 5,130
2023-02-19,08:00:00,Stage 4,Area 13,140
2023-02-19,08:00:00,Stage 4,Area 1,135
2023-02-19,08:00:00,Stage 4,Area 9,125
2023-02-19,10:00:00,Stage 4,Area 6,135
2023-02-19,10:00:00,Stage 4,Area 14,130
2023-02-19,10:00:00,Stage 4,Area 2,125
2023-02-19,10:00:00,Stage 4,Area 10,130
2023-02-19,12:00:00,Stage 4,Area 7,150
2023-02-19,12:00:00,Stage 4,Area 15,150
2023-02-19,12:00:00,Stage 4,Area 3,150
2023-02-19,12:00:00,Stage 4,Area 11,150
2023-02-19,14:00:00,Stage 4,Area 8,150
2023-02-19,14:00:00,Stage 4,Area 16,150
2023-02-19,14:00:00,Stage 4,Area 4,150
2023-02-19,14:00:00,Stage 4,Area 12,150
2023-02-19,16:00:00,Stage 4,Area 5,150
2023-02-19,16:00:00,Stage 4,Area 13,150
2023-02-19,16:00:00,Stage 4,Area 1,150
2023-02-19,16:00:00,Stage 4,Area 9,150
2023-02-19,18:00:00,Stage 4,Area 6,150
2023-02-19,18:00:00,Stage 4,Area 14,150
2023-02-19,18:00:00,Stage 4,Area 2,150
2023-02-19,18:00:00,Stage 4,Area 10,150
2023-02-19,20:00:00,Stage 6,Area 7,120
2023-02-19,20:00:00,Stage 6,Area 15,120
2023-02-19,20:00:00,Stage 6,Area 3,120
2023-02-19,20:00:00,Stage 6,Area 4,120
2023-02-19,20:00:00,Stage 6,Area 11,120
2023-02-19,20:00:00,Stage 6,Area 12,120
2023-02-19,22:00:00,Stage 6,Area 5,120
2023-02-19,22:00:00,Stage 6,Area 8,120
2023-02-19,22:00:00,Stage 6,Area 13,120
2023-02-19,22:00:00,Stage 6,Area 16,120
2023-02-19,22:00:00,Stage 6,Area 4,120
2023-02-19,22:00:00,Stage 6,Area 12,120
2023-02-20,00:00:00,Stage 6,Area 5,120
2023-02-20,00:00:00,Stage 6,Area 6,120
2023-02-20,00:00:00,Stage 6,Area 13,120
2023-02-20,00:00:00,Stage 6,Area 14,200
2023-02-20,00:00:00,Stage 6,Area 1,120
2023-02-20,00:00:00,Stage 6,Area 9,120
2023-02-20,02:00:00,Stage 6,Area 6,120
2023-02-20,02:00:00,Stage 6,Area 7,120
2023-02-20,02:00:00,Stage 6,Area 14,120
2023-02-20,02:00:00,Stage 6,Area 15,120
2023-02-20,02:00:00,Stage 6,Area 2,120
2023-02-20,02:00:00,Stage 6,Area 10,120
2023-02-20,04:00:00,Stage 6,Area 7,120
2023-02-20,04:00:00,Stage 6,Area 8,120
2023-02-20,04:00:00,Stage 6,Area 15,120
2023-02-20,04:00:00,Stage 6,Area 16,120
2023-02-20,04:00:00,Stage 6,Area 3,120
2023-02-20,04:00:00,Stage 6,Area 11,120
2023-02-20,06:00:00,Stage 5,Area 8,120
2023-02-20,06:00:00,Stage 5,Area 16,120
2023-02-20,06:00:00,Stage 5,Area 4,120
2023-02-20,06:00:00,Stage 5,Area 9,120
2023-02-20,06:00:00,Stage 5,Area 12,120
2023-02-20,08:00:00,Stage 5,Area 5,120
2023-02-20,08:00:00,Stage 5,Area 13,120
2023-02-20,08:00:00,Stage 5,Area 1,150
2023-02-20,08:00:00,Stage 5,Area 9,120
2023-02-20,08:00:00,Stage 5,Area 10,120
2023-02-20,10:00:00,Stage 5,Area 6,150
2023-02-20,10:00:00,Stage 5,Area 14,120
2023-02-20,10:00:00,Stage 5,Area 2,150
2023-02-20,10:00:00,Stage 5,Area 10,150
2023-02-20,10:00:00,Stage 5,Area 11,120
2023-02-20,12:00:00,Stage 5,Area 7,150
2023-02-20,12:00:00,Stage 5,Area 15,120
2023-02-20,12:00:00,Stage 5,Area 3,150
2023-02-20,12:00:00,Stage 5,Area 11,120
2023-02-20,12:00:00,Stage 5,Area 12,120
2023-02-20,14:00:00,Stage 5,Area 8,120
2023-02-20,14:00:00,Stage 5,Area 13,120
2023-02-20,14:00:00,Stage 5,Area 16,120
2023-02-20,14:00:00,Stage 5,Area 4,120
2023-02-20,14:00:00,Stage 5,Area 12,120
2023-02-20,16:00:00,Stage 6,Area 5,120
2023-02-20,16:00:00,Stage 6,Area 6,120
2023-02-20,16:00:00,Stage 6,Area 13,120
2023-02-20,16:00:00,Stage 6,Area 14,120
2023-02-20,16:00:00,Stage 6,Area 1,120
2023-02-20,16:00:00,Stage 6,Area 9,120
2023-02-20,18:00:00,Stage 6,Area 6,120
2023-02-20,18:00:00,Stage 6,Area 7,120
2023-02-20,18:00:00,Stage 6,Area 14,120
2023-02-20,18:00:00,Stage 6,Area 15,120
2023-02-20,18:00:00,Stage 6,Area 2,120
2023-02-20,18:00:00,Stage 6,Area 10,120
2023-02-20,20:00:00,Stage 6,Area 7,120
2023-02-20,20:00:00,Stage 6,Area 8,120
2023-02-20,20:00:00,Stage 6,Area 15,120
2023-02-20,20:00:00,Stage 6,Area 16,120
2023-02-20,20:00:00,Stage 6,Area 3,120
2023-02-20,20:00:00,Stage 6,Area 11,120
2023-02-20,22:00:00,Stage 6,Area 8,120
2023-02-20,22:00:00,Stage 6,Area 16,120
2023-02-20,22:00:00,Stage 6,Area 1,120
2023-02-20,22:00:00,Stage 6,Area 4,120
2023-02-20,22:00:00,Stage 6,Area 9,120
2023-02-20,22:00:00,Stage 6,Area 12,120
2023-02-21,00:00:00,Stage 6,Area 6,120
2023-02-21,00:00:00,Stage 6,Area 14,120
2023-02-21,00:00:00,Stage 6,Area 2,120
2023-02-21,00:00:00,Stage 6,Area 3,120
2023-02-21,00:00:00,Stage 6,Area 10,120
2023-02-21,00:00:00,Stage 6,Area 11,120
2023-02-21,02:00:00,Stage 6,Area 7,120
2023-02-21,02:00:00,Stage 6,Area 15,120
2023-02-21,02:00:00,Stage 6,Area 3,120
2023-02-21,02:00:00,Stage 6,Area 4,120
2023-02-21,02:00:00,Stage 6,Area 11,120
2023-02-21,02:00:00,Stage 6,Area 12,120
2023-02-21,04:00:00,Stage 6,Area 5,120
2023-02-21,04:00:00,Stage 6,Area 8,120
2023-02-21,04:00:00,Stage 6,Area 13,120
2023-02-21,04:00:00,Stage 6,Area 16,120
2023-02-21,04:00:00,Stage 6,Area 4,120
2023-02-21,04:00:00,Stage 6,Area 12,120
2023-02-21,06:00:00,Stage 5,Area 5,120
2023-02-21,06:00:00,Stage 5,Area 6,120
2023-02-21,06:00:00,Stage 5,Area 13,120
2023-02-21,06:00:00,Stage 5,Area 1,120
2023-02-21,06:00:00,Stage 5,Area 9,150
2023-02-21,08:00:00,Stage 5,Area 6,150
2023-02-21,08:00:00,Stage 5,Area 7,120
2023-02-21,08:00:00,Stage 5,Area 14,150
2023-02-21,08:00:00,Stage 5,Area 2,150
2023-02-21,08:00:00,Stage 5,Area 10,150
2023-02-21,10:00:00,Stage 5,Area 7,150
2023-02-21,10:00:00,Stage 5,Area 8,120
2023-02-21,10:00:00,Stage 5,Area 15,150
2023-02-21,10:00:00,Stage 5,Area 3,150
2023-02-21,10:00:00,Stage 5,Area 11,150
2023-02-21,12:00:00,Stage 5,Area 8,150
2023-02-21,12:00:00,Stage 5,Area 16,150
2023-02-21,12:00:00,Stage 5,Area 4,150
2023-02-21,12:00:00,Stage 5,Area 9,120
2023-02-21,12:00:00,Stage 5,Area 12,150
2023-02-21,14:00:00,Stage 5,Area 5,120
2023-02-21,14:00:00,Stage 5,Area 13,120
2023-02-21,14:00:00,Stage 5,Area 1,120
2023-02-21,14:00:00,Stage 5,Area 9,120
2023-02-21,14:00:00,Stage 5,Area 10,120
2023-02-21,16:00:00,Stage 6,Area 6,120
2023-02-21,16:00:00,Stage 6,Area 14,120
2023-02-21,16:00:00,Stage 6,Area 2,120
2023-02-21,16:00:00,Stage 6,Area 3,120
2023-02-21,16:00:00,Stage 6,Area 10,120
2023-02-21,16:00:00,Stage 6,Area 11,120
2023-02-21,18:00:00,Stage 6,Area 7,120
2023-02-21,18:00:00,Stage 6,Area 15,120
2023-02-21,18:00:00,Stage 6,Area 3,131
2023-02-21,18:00:00,Stage 6,Area 4,120
2023-02-21,18:00:00,Stage 6,Area 11,120
2023-02-21,18:00:00,Stage 6,Area 12,120
2023-02-21,20:00:00,Stage 6,Area 5,120
2023-02-21,20:00:00,Stage 6,Area 8,120
2023-02-21,20:00:00,Stage 6,Area 13,120
2023-02-21,20:00:00,Stage 6,Area 16,120
2023-02-21,20:00:00,Stage 6,Area 4,120
2023-02-21,20:00:00,Stage 6,Area 12,120
2023-02-21,22:00:00,Stage 6,Area 5,120
2023-02-21,22:00:00,Stage 6,Area 6,240
2023-02-21,22:00:00,Stage 6,Area 13,120
2023-02-21,22:00:00,Stage 6,Area 14,120
2023-02-21,22:00:00,Stage 6,Area 1,120
2023-02-21,22:00:00,Stage 6,Area 9,120
2023-02-22,00:00:00,Stage 6,Area 6,120
2023-02-22,00:00:00,Stage 6,Area 7,120
2023-02-22,00:00:00,Stage 6,Area 14,120
2023-02-22,00:00:00,Stage 6,Area 15,120
2023-02-22,00:00:00,Stage 6,Area 2,120
2023-02-22,00:00:00,Stage 6,Area 10,120
2023-02-22,02:00:00,Stage 6,Area 7,120
2023-02-22,02:00:00,Stage 6,Area 8,120
2023-02-22,02:00:00,Stage 6,Area 15,120
2023-02-22,02:00:00,Stage 6,Area 16,120
2023-02-22,02:00:00,Stage 6,Area 3,120
2023-02-22,02:00:00,Stage 6,Area 11,120
2023-02-22,04:00:00,Stage 6,Area 8,120
2023-02-22,04:00:00,Stage 6,Area 16,120
2023-02-22,04:00:00,Stage 6,Area 1,120
2023-02-22,04:00:00,Stage 6,Area 4,120
2023-02-22,04:00:00,Stage 6,Area 9,60
2023-02-22,04:00:00,Stage 6,Area 12,120
2023-02-22,06:00:00,Stage 5,Area 5,150
2023-02-22,06:00:00,Stage 5,Area 13,150
2023-02-22,06:00:00,Stage 5,Area 1,120
2023-02-22,06:00:00,Stage 5,Area 2,120
2023-02-22,06:00:00,Stage 5,Area 9,120
2023-02-22,08:00:00,Stage 5,Area 6,150
2023-02-22,08:00:00,Stage 5,Area 14,150
2023-02-22,08:00:00,Stage 5,Area 2,150
2023-02-22,08:00:00,Stage 5,Area 3,120
2023-02-22,08:00:00,Stage 5,Area 10,150
2023-02-22,10:00:00,Stage 5,Area 7,150
2023-02-22,10:00:00,Stage 5,Area 15,150
2023-02-22,10:00:00,Stage 5,Area 3,150
2023-02-22,10:00:00,Stage 5,Area 4,120
2023-02-22,10:00:00,Stage 5,Area 11,150
2023-02-22,12:00:00,Stage 5,Area 5,120
2023-02-22,12:00:00,Stage 5,Area 8,150
2023-02-22,12:00:00,Stage 5,Area 16,150
2023-02-22,12:00:00,Stage 5,Area 4,150
2023-02-22,12:00:00,Stage 5,Area 12,150
2023-02-22,14:00:00,Stage 5,Area 5,150
2023-02-22,14:00:00,Stage 5,Area 6,120
2023-02-22,14:00:00,Stage 5,Area 13,120
2023-02-22,14:00:00,Stage 5,Area 1,120
2023-02-22,14:00:00,Stage 5,Area 9,120
2023-02-22,16:00:00,Stage 6,Area 6,120
2023-02-22,16:00:00,Stage 6,Area 7,120
2023-02-22,16:00:00,Stage 6,Area 14,120
2023-02-22,16:00:00,Stage 6,Area 15,120
2023-02-22,16:00:00,Stage 6,Area 2,120
2023-02-22,16:00:00,Stage 6,Area 10,120
2023-02-22,18:00:00,Stage 6,Area 7,120
2023-02-22,18:00:00,Stage 6,Area 8,120
2023-02-22,18:00:00,Stage 6,Area 15,120
2023-02-22,18:00:00,Stage 6,Area 16,120
2023-02-22,18:00:00,Stage 6,Area 3,120
2023-02-22,18:00:00,Stage 6,Area 11,120
2023-02-22,20:00:00,Stage 6,Area 8,150
2023-02-22,20:00:00,Stage 6,Area 16,150
2023-02-22,20:00:00,Stage 6,Area 1,120
2023-02-22,20:00:00,Stage 6,Area 4,150
2023-02-22,20:00:00,Stage 6,Area 9,120
2023-02-22,20:00:00,Stage 6,Area 12,150
2023-02-22,22:00:00,Stage 6,Area 5,150
2023-02-22,22:00:00,Stage 6,Area 13,150
2023-02-22,22:00:00,Stage 6,Area 1,150
2023-02-22,22:00:00,Stage 6,Area 2,120
2023-02-22,22:00:00,Stage 6,Area 9,150
2023-02-22,22:00:00,Stage 6,Area 10,120
2023-02-23,00:00:00,Stage 6,Area 6,150
2023-02-23,00:00:00,Stage 6,Area 14,150
2023-02-23,00:00:00,Stage 6,Area 2,120
2023-02-23,00:00:00,Stage 6,Area 3,120
2023-02-23,00:00:00,Stage 6,Area 10,150
2023-02-23,00:00:00,Stage 6,Area 11,120
2023-02-23,02:00:00,Stage 6,Area 7,150
2023-02-23,02:00:00,Stage 6,Area 15,150
2023-02-23,02:00:00,Stage 6,Area 3,150
2023-02-23,02:00:00,Stage 6,Area 4,120
2023-02-23,02:00:00,Stage 6,Area 11,150
2023-02-23,02:00:00,Stage 6,Area 12,120
2023-02-23,04:00:00,Stage 6,Area 5,70
2023-02-23,04:00:00,Stage 6,Area 8,150
2023-02-23,04:00:00,Stage 6,Area 13,120
2023-02-23,04:00:00,Stage 6,Area 16,150
2023-02-23,04:00:00,Stage 6,Area 4,150
2023-02-23,04:00:00,Stage 6,Area 12,150
2023-02-23,06:00:00,Stage 5,Area 5,150
2023-02-23,06:00:00,Stage 5,Area 13,150
2023-02-23,06:00:00,Stage 5,Area 14,120
2023-02-23,06:00:00,Stage 5,Area 1,150
2023-02-23,06:00:00,Stage 5,Area 9,150
2023-02-23,08:00:00,Stage 5,Area 6,150
2023-02-23,08:00:00,Stage 5,Area 14,150
2023-02-23,08:00:00,Stage 5,Area 15,120
2023-02-23,08:00:00,Stage 5,Area 2,150
2023-02-23,08:00:00,Stage 5,Area 10,150
2023-02-23,10:00:00,Stage 5,Area 7,150
2023-02-23,10:00:00,Stage 5,Area 15,150
2023-02-23,10:00:00,Stage 5,Area 16,120
2023-02-23,10:00:00,Stage 5,Area 3,150
2023-02-23,10:00:00,Stage 5,Area 11,150
2023-02-23,12:00:00,Stage 5,Area 8,150
2023-02-23,12:00:00,Stage 5,Area 16,150
2023-02-23,12:00:00,Stage 5,Area 1,120
2023-02-23,12:00:00,Stage 5,Area 4,150
2023-02-23,12:00:00,Stage 5,Area 12,150
2023-02-23,14:00:00,Stage 5,Area 5,120
2023-02-23,14:00:00,Stage 5,Area 13,120
2023-02-23,14:00:00,Stage 5,Area 1,150
2023-02-23,14:00:00,Stage 5,Area 2,120
2023-02-23,14:00:00,Stage 5,Area 9,120
2023-02-23,16:00:00,Stage 6,Area 6,120
2023-02-23,16:00:00,Stage 6,Area 14,120
2023-02-23,16:00:00,Stage 6,Area 2,120
2023-02-23,16:00:00,Stage 6,Area 3,120
2023-02-23,16:00:00,Stage 6,Area 10,120
2023-02-23,16:00:00,Stage 6,Area 11,120
2023-02-23,18:00:00,Stage 6,Area 7,120
2023-02-23,18:00:00,Stage 6,Area 15,120
2023-02-23,18:00:00,Stage 6,Area 3,120
2023-02-23,18:00:00,Stage 6,Area 4,120
2023-02-23,18:00:00,Stage 6,Area 11,120
2023-02-23,18:00:00,Stage 6,Area 12,120
2023-02-23,20:00:00,Stage 6,Area 5,120
2023-02-23,20:00:00,Stage 6,Area 8,150
2023-02-23,20:00:00,Stage 6,Area 13,120
2023-02-23,20:00:00,Stage 6,Area 16,150
2023-02-23,20:00:00,Stage 6,Area 4,120
2023-02-23,20:00:00,Stage 6,Area 12,120
2023-02-23,22:00:00,Stage 6,Area 5,150
2023-02-23,22:00:00,Stage 6,Area 6,120
2023-02-23,22:00:00,Stage 6,Area 13,150
2023-02-23,22:00:00,Stage 6,Area 14,120
2023-02-23,22:00:00,Stage 6,Area 1,150
2023-02-23,22:00:00,Stage 6,Area 9,150
2023-02-24,00:00:00,Stage 6,Area 6,120
2023-02-24,00:00:00,Stage 6,Area 7,120
2023-02-24,00:00:00,Stage 6,Area 14,120
2023-02-24,00:00:00,Stage 6,Area 15,120
2023-02-24,00:00:00,Stage 6,Area 2,150
2023-02-24,00:00:00,Stage 6,Area 10,150
2023-02-24,02:00:00,Stage 6,Area 7,150
2023-02-24,02:00:00,Stage 6,Area 8,120
2023-02-24,02:00:00,Stage 6,Area 15,150
2023-02-24,02:00:00,Stage 6,Area 16,120
2023-02-24,02:00:00,Stage 6,Area 3,150
2023-02-24,02:00:00,Stage 6,Area 11,150
2023-02-24,04:00:00,Stage 6,Area 8,150
2023-02-24,04:00:00,Stage 6,Area 16,150
2023-02-24,04:00:00,Stage 6,Area 1,70
2023-02-24,04:00:00,Stage 6,Area 4,150
2023-02-24,04:00:00,Stage 6,Area 9,120
2023-02-24,04:00:00,Stage 6,Area 12,150
2023-02-24,06:00:00,Stage 5,Area 5,120
2023-02-24,06:00:00,Stage 5,Area 13,120
2023-02-24,06:00:00,Stage 5,Area 1,120
2023-02-24,06:00:00,Stage 5,Area 9,150
2023-02-24,06:00:00,Stage 5,Area 10,120
2023-02-24,08:00:00,Stage 5,Area 6,120
2023-02-24,08:00:00,Stage 5,Area 14,120
2023-02-24,08:00:00,Stage 5,Area 2,120
2023-02-24,08:00:00,Stage 5,Area 10,120
2023-02-24,08:00:00,Stage 5,Area 11,120
2023-02-24,10:00:00,Stage 5,Area 7,120
2023-02-24,10:00:00,Stage 5,Area 15,120
2023-02-24,10:00:00,Stage 5,Area 3,120
2023-02-24,10:00:00,Stage 5,Area 11,120
2023-02-24,10:00:00,Stage 5,Area 12,120
2023-02-24,12:00:00,Stage 5,Area 8,120
2023-02-24,12:00:00,Stage 5,Area 13,120
2023-02-24,12:00:00,Stage 5,Area 16,120
2023-02-24,12:00:00,Stage 5,Area 4,120
2023-02-24,12:00:00,Stage 5,Area 12,120
2023-02-24,14:00:00,Stage 5,Area 5,120
2023-02-24,14:00:00,Stage 5,Area 13,120
2023-02-24,14:00:00,Stage 5,Area 14,120
2023-02-24,14:00:00,Stage 5,Area 1,120
2023-02-24,14:00:00,Stage 5,Area 9,120
2023-02-24,16:00:00,Stage 6,Area 6,120
2023-02-24,16:00:00,Stage 6,Area 7,120
2023-02-24,16:00:00,Stage 6,Area 14,120
2023-02-24,16:00:00,Stage 6,Area 15,120
2023-02-24,16:00:00,Stage 6,Area 2,120
2023-02-24,16:00:00,Stage 6,Area 10,120
2023-02-24,18:00:00,Stage 6,Area 7,120
2023-02-24,18:00:00,Stage 6,Area 8,120
2023-02-24,18:00:00,Stage 6,Area 15,120
2023-02-24,18:00:00,Stage 6,Area 16,120
2023-02-24,18:00:00,Stage 6,Area 3,120
2023-02-24,18:00:00,Stage 6,Area 11,120
2023-02-24,20:00:00,Stage 6,Area 8,120
2023-02-24,20:00:00,Stage 6,Area 16,120
2023-02-24,20:00:00,Stage 6,Area 1,120
2023-02-24,20:00:00,Stage 6,Area 4,120
2023-02-24,20:00:00,Stage 6,Area 9,120
2023-02-24,20:00:00,Stage 6,Area 12,120
2023-02-24,22:00:00,Stage 6,Area 5,120
2023-02-24,22:00:00,Stage 6,Area 13,120
2023-02-24,22:00:00,Stage 6,Area 1,120
2023-02-24,22:00:00,Stage 6,Area 2,120
2023-02-24,22:00:00,Stage 6,Area 9,120
2023-02-24,22:00:00,Stage 6,Area 10,120
2023-02-25,00:00:00,Stage 6,Area 7,120
2023-02-25,00:00:00,Stage 6,Area 15,120
2023-02-25,00:00:00,Stage 6,Area 3,120
2023-02-25,00:00:00,Stage 6,Area 4,120
2023-02-25,00:00:00,Stage 6,Area 11,120
2023-02-25,00:00:00,Stage 6,Area 12,120
2023-02-25,02:00:00,Stage 6,Area 5,120
2023-02-25,02:00:00,Stage 6,Area 8,120
2023-02-25,02:00:00,Stage 6,Area 13,120
2023-02-25,02:00:00,Stage 6,Area 16,120
2023-02-25,02:00:00,Stage 6,Area 4,120
2023-02-25,02:00:00,Stage 6,Area 12,120
2023-02-25,04:00:00,Stage 6,Area 5,120
2023-02-25,04:00:00,Stage 6,Area 6,120
2023-02-25,04:00:00,Stage 6,Area 13,120
2023-02-25,04:00:00,Stage 6,Area 14,120
2023-02-25,04:00:00,Stage 6,Area 1,120
2023-02-25,04:00:00,Stage 6,Area 9,120
2023-02-25,06:00:00,Stage 6,Area 6,120
2023-02-25,06:00:00,Stage 6,Area 7,120
2023-02-25,06:00:00,Stage 6,Area 14,120
2023-02-25,06:00:00,Stage 6,Area 15,120
2023-02-25,06:00:00,Stage 6,Area 2,120
2023-02-25,06:00:00,Stage 6,Area 10,120
2023-02-25,08:00:00,Stage 6,Area 7,120
2023-02-25,08:00:00,Stage 6,Area 8,120
2023-02-25,08:00:00,Stage 6,Area 15,120
2023-02-25,08:00:00,Stage 6,Area 16,120
2023-02-25,08:00:00,Stage 6,Area 3,120
2023-02-25,08:00:00,Stage 6,Area 11,120
2023-02-25,10:00:00,Stage 6,Area 8,120
2023-02-25,10:00:00,Stage 6,Area 16,120
2023-02-25,10:00:00,Stage 6,Area 1,120
2023-02-25,10:00:00,Stage 6,Area 4,120
2023-02-25,10:00:00,Stage 6,Area 9,120
2023-02-25,10:00:00,Stage 6,Area 12,120
2023-02-25,12:00:00,Stage 6,Area 5,120
2023-02-25,12:00:00,Stage 6,Area 13,120
2023-02-25,12:00:00,Stage 6,Area 1,120
2023-02-25,12:00:00,Stage 6,Area 2,120
2023-02-25,12:00:00,Stage 6,Area 9,120
2023-02-25,12:00:00,Stage 6,Area 10,120
2023-02-25,14:00:00,Stage 6,Area 6,120
2023-02-25,14:00:00,Stage 6,Area 14,120
2023-02-25,14:00:00,Stage 6,Area 2,120
2023-02-25,14:00:00,Stage 6,Area 3,120
2023-02-25,14:00:00,Stage 6,Area 10,120
2023-02-25,14:00:00,Stage 6,Area 11,120
2023-02-25,16:00:00,Stage 6,Area 7,120
2023-02-25,16:00:00,Stage 6,Area 15,120
2023-02-25,16:00:00,Stage 6,Area 3,120
2023-02-25,16:00:00,Stage 6,Area 4,120
2023-02-25,16:00:00,Stage 6,Area 11,120
2023-02-25,16:00:00,Stage 6,Area 12,120
2023-02-25,18:00:00,Stage 6,Area 5,120
2023-02-25,18:00:00,Stage 6,Area 8,120
2023-02-25,18:00:00,Stage 6,Area 13,120
2023-02-25,18:00:00,Stage 6,Area 16,120
2023-02-25,18:00:00,Stage 6,Area 4,120
2023-02-25,18:00:00,Stage 6,Area 12,120
2023-02-25,20:00:00,Stage 6,Area 5,120
2023-02-25,20:00:00,Stage 6,Area 6,120
2023-02-25,20:00:00,Stage 6,Area 13,120
2023-02-25,20:00:00,Stage 6,Area 14,120
2023-02-25,20:00:00,Stage 6,Area 1,120
2023-02-25,20:00:00,Stage 6,Area 9,120
2023-02-25,22:00:00,Stage 6,Area 6,120
2023-02-25,22:00:00,Stage 6,Area 7,120
2023-02-25,22:00:00,Stage 6,Area 14,120
2023-02-25,22:00:00,Stage 6,Area 15,120
2023-02-25,22:00:00,Stage 6,Area 2,120
2023-02-25,22:00:00,Stage 6,Area 10,120
2023-02-26,00:00:00,Stage 6,Area 7,120
2023-02-26,00:00:00,Stage 6,Area 8,120
2023-02-26,00:00:00,Stage 6,Area 15,120
2023-02-26,00:00:00,Stage 6,Area 16,120
2023-02-26,00:00:00,Stage 6,Area 3,120
2023-02-26,00:00:00,Stage 6,Area 11,120
2023-02-26,02:00:00,Stage 6,Area 8,120
2023-02-26,02:00:00,Stage 6,Area 16,120
2023-02-26,02:00:00,Stage 6,Area 1,120
2023-02-26,02:00:00,Stage 6,Area 4,120
2023-02-26,02:00:00,Stage 6,Area 9,120
2023-02-26,02:00:00,Stage 6,Area 12,120
2023-02-26,04:00:00,Stage 5,Area 5,120
2023-02-26,04:00:00,Stage 5,Area 13,120
2023-02-26,04:00:00,Stage 5,Area 1,120
2023-02-26,04:00:00,Stage 5,Area 2,120
2023-02-26,04:00:00,Stage 5,Area 9,120
2023-02-26,06:00:00,Stage 5,Area 6,120
2023-02-26,06:00:00,Stage 5,Area 14,120
2023-02-26,06:00:00,Stage 5,Area 2,120
2023-02-26,06:00:00,Stage 5,Area 3,120
2023-02-26,06:00:00,Stage 5,Area 10,120
2023-02-26,08:00:00,Stage 5,Area 7,120
2023-02-26,08:00:00,Stage 5,Area 15,120
2023-02-26,08:00:00,Stage 5,Area 3,120
2023-02-26,08:00:00,Stage 5,Area 4,60
2023-02-26,08:00:00,Stage 5,Area 11,120
2023-02-26,10:00:00,Stage 4,Area 8,120
2023-02-26,10:00:00,Stage 4,Area 16,120
2023-02-26,10:00:00,Stage 4,Area 4,120
2023-02-26,10:00:00,Stage 4,Area 12,120
2023-02-26,12:00:00,Stage 4,Area 5,120
2023-02-26,12:00:00,Stage 4,Area 13,120
2023-02-26,12:00:00,Stage 4,Area 1,120
2023-02-26,12:00:00,Stage 4,Area 9,120
2023-02-26,14:00:00,Stage 4,Area 6,120
2023-02-26,14:00:00,Stage 4,Area 14,120
2023-02-26,14:00:00,Stage 4,Area 2,120
2023-02-26,14:00:00,Stage 4,Area 10,120
2023-02-26,16:00:00,Stage 4,Area 7,120
2023-02-26,16:00:00,Stage 4,Area 15,120
2023-02-26,16:00:00,Stage 4,Area 3,120
2023-02-26,16:00:00,Stage 4,Area 11,120
2023-02-26,18:00:00,Stage 4,Area 8,120
2023-02-26,18:00:00,Stage 4,Area 16,120
2023-02-26,18:00:00,Stage 4,Area 4,120
2023-02-26,18:00:00,Stage 4,Area 12,120
2023-02-26,20:00:00,Stage 4,Area 5,120
2023-02-26,20:00:00,Stage 4,Area 13,120
2023-02-26,20:00:00,Stage 4,Area 1,120
2023-02-26,20:00:00,Stage 4,Area 9,120
2023-02-26,22:00:00,Stage 4,Area 6,120
2023-02-26,22:00:00,Stage 4,Area 14,120
2023-02-26,22:00:00,Stage 4,Area 2,120
2023-02-26,22:00:00,Stage 4,Area 10,120
2023-02-27,00:00:00,Stage 4,Area 7,120
2023-02-27,00:00:00,Stage 4,Area 15,120
2023-02-27,00:00:00,Stage 4,Area 3,120
2023-02-27,00:00:00,Stage 4,Area 11,120
2023-02-27,02:00:00,Stage 4,Area 8,120
2023-02-27,02:00:00,Stage 4,Area 16,120
2023-02-27,02:00:00,Stage 4,Area 4,120
2023-02-27,02:00:00,Stage 4,Area 12,120
2023-02-27,04:00:00,Stage 4,Area 5,120
2023-02-27,04:00:00,Stage 4,Area 13,120
2023-02-27,04:00:00,Stage 4,Area 1,60
2023-02-27,04:00:00,Stage 4,Area 9,120
2023-02-27,06:00:00,Stage 3,Area 6,120
2023-02-27,06:00:00,Stage 3,Area 14,120
2023-02-27,06:00:00,Stage 3,Area 10,120
2023-02-27,08:00:00,Stage 3,Area 7,120
2023-02-27,08:00:00,Stage 3,Area 15,120
2023-02-27,08:00:00,Stage 3,Area 11,120
2023-02-27,10:00:00,Stage 3,Area 8,120
2023-02-27,10:00:00,Stage 3,Area 16,120
2023-02-27,10:00:00,Stage 3,Area 12,120
2023-02-27,12:00:00,Stage 3,Area 13,120
2023-02-27,12:00:00,Stage 3,Area 1,120
2023-02-27,12:00:00,Stage 3,Area 9,120
2023-02-27,14:00:00,Stage 3,Area 14,120
2023-02-27,14:00:00,Stage 3,Area 2,120
2023-02-27,14:00:00,Stage 3,Area 10,120
2023-02-27,16:00:00,Stage 5,Area 7,120
2023-02-27,16:00:00,Stage 5,Area 15,120
2023-02-27,16:00:00,Stage 5,Area 3,120
2023-02-27,16:00:00,Stage 5,Area 4,120
2023-02-27,16:00:00,Stage 5,Area 11,120
2023-02-27,18:00:00,Stage 5,Area 5,120
2023-02-27,18:00:00,Stage 5,Area 8,120
2023-02-27,18:00:00,Stage 5,Area 16,120
2023-02-27,18:00:00,Stage 5,Area 4,120
2023-02-27,18:00:00,Stage 5,Area 12,120
2023-02-27,20:00:00,Stage 5,Area 5,120
2023-02-27,20:00:00,Stage 5,Area 6,120
2023-02-27,20:00:00,Stage 5,Area 13,120
2023-02-27,20:00:00,Stage 5,Area 1,120
2023-02-27,20:00:00,Stage 5,Area 9,120
2023-02-27,22:00:00,Stage 5,Area 6,120
2023-02-27,22:00:00,Stage 5,Area 7,120
2023-02-27,22:00:00,Stage 5,Area 14,120
2023-02-27,22:00:00,Stage 5,Area 2,120
2023-02-27,22:00:00,Stage 5,Area 10,120
2023-02-28,00:00:00,Stage 5,Area 7,120
2023-02-28,00:00:00,Stage 5,Area 8,120
2023-02-28,00:00:00,Stage 5,Area 15,120
2023-02-28,00:00:00,Stage 5,Area 3,120
2023-02-28,00:00:00,Stage 5,Area 11,120
2023-02-28,02:00:00,Stage 5,Area 8,120
2023-02-28,02:00:00,Stage 5,Area 16,120
2023-02-28,02:00:00,Stage 5,Area 4,120
2023-02-28,02:00:00,Stage 5,Area 9,120
2023-02-28,02:00:00,Stage 5,Area 12,120
2023-02-28,04:00:00,Stage 4,Area 5,60
2023-02-28,04:00:00,Stage 4,Area 13,60
2023-02-28,04:00:00,Stage 4,Area 1,120
2023-02-28,04:00:00,Stage 4,Area 9,120
2023-02-28,06:00:00,Stage 2,Area 2,120
2023-02-28,06:00:00,Stage 2,Area 10,120
2023-02-28,08:00:00,Stage 2,Area 3,120
2023-02-28,08:00:00,Stage 2,Area 11,120
2023-02-28,10:00:00,Stage 2,Area 4,120
2023-02-28,10:00:00,Stage 2,Area 12,120
2023-02-28,12:00:00,Stage 2,Area 5,120
2023-02-28,12:00:00,Stage 2,Area 13,120
2023-02-28,14:00:00,Stage 2,Area 6,120
2023-02-28,14:00:00,Stage 2,Area 14,120
2023-02-28,16:00:00,Stage 4,Area 7,120
2023-02-28,16:00:00,Stage 4,Area 15,120
2023-02-28,16:00:00,Stage 4,Area 3,120
2023-02-28,16:00:00,Stage 4,Area 11,120
2023-02-28,18:00:00,Stage 4,Area 8,120
2023-02-28,18:00:00,Stage 4,Area 16,120
2023-02-28,18:00:00,Stage 4,Area 4,120
2023-02-28,18:00:00,Stage 4,Area 12,120
2023-02-28,20:00:00,Stage 4,Area 5,120
2023-02-28,20:00:00,Stage 4,Area 13,120
2023-02-28,20:00:00,Stage 4,Area 1,120
2023-02-28,20:00:00,Stage 4,Area 9,120
2023-02-28,22:00:00,Stage 4,Area 6,120
2023-02-28,22:00:00,Stage 4,Area 14,120
2023-02-28,22:00:00,Stage 4,Area 2,120
2023-02-28,22:00:00,Stage 4,Area 10,120
2023-03-01,00:00:00,Stage 4,Area 5,120
2023-03-01,00:00:00,Stage 4,Area 13,120
2023-03-01,00:00:00,Stage 4,Area 1,120
2023-03-01,00:00:00,Stage 4,Area 9,120
2023-03-01,02:00:00,Stage 4,Area 6,120
2023-03-01,02:00:00,Stage 4,Area 14,120
2023-03-01,02:00:00,Stage 4,Area 2,120
2023-03-01,02:00:00,Stage 4,Area 10,120
2023-03-01,04:00:00,Stage 4,Area 7,60
2023-03-01,04:00:00,Stage 4,Area 15,120
2023-03-01,04:00:00,Stage 4,Area 3,120
2023-03-01,04:00:00,Stage 4,Area 11,120
2023-03-01,06:00:00,Stage 3,Area 16,120
2023-03-01,06:00:00,Stage 3,Area 4,120
2023-03-01,06:00:00,Stage 3,Area 12,120
2023-03-01,08:00:00,Stage 3,Area 5,120
2023-03-01,08:00:00,Stage 3,Area 13,120
2023-03-01,08:00:00,Stage 3,Area 1,120
2023-03-01,10:00:00,Stage 3,Area 6,120
2023-03-01,10:00:00,Stage 3,Area 14,120
2023-03-01,10:00:00,Stage 3,Area 2,120
2023-03-01,12:00:00,Stage 3,Area 7,120
2023-03-01,12:00:00,Stage 3,Area 15,120
2023-03-01,12:00:00,Stage 3,Area 3,120
2023-03-01,14:00:00,Stage 3,Area 8,120
2023-03-01,14:00:00,Stage 3,Area 16,120
2023-03-01,14:00:00,Stage 3,Area 4,120
2023-03-01,16:00:00,Stage 5,Area 5,120
2023-03-01,16:00:00,Stage 5,Area 13,120
2023-03-01,16:00:00,Stage 5,Area 1,120
2023-03-01,16:00:00,Stage 5,Area 9,110
2023-03-01,16:00:00,Stage 5,Area 10,120
2023-03-01,18:00:00,Stage 5,Area 6,120
2023-03-01,18:00:00,Stage 5,Area 14,120
2023-03-01,18:00:00,Stage 5,Area 2,120
2023-03-01,18:00:00,Stage 5,Area 10,120
2023-03-01,18:00:00,Stage 5,Area 11,120
2023-03-01,20:00:00,Stage 5,Area 7,120
2023-03-01,20:00:00,Stage 5,Area 15,120
2023-03-01,20:00:00,Stage 5,Area 3,120
2023-03-01,20:00:00,Stage 5,Area 11,120
2023-03-01,20:00:00,Stage 5,Area 12,120
2023-03-01,22:00:00,Stage 5,Area 8,120
2023-03-01,22:00:00,Stage 5,Area 13,120
2023-03-01,22:00:00,Stage 5,Area 16,120
2023-03-01,22:00:00,Stage 5,Area 4,120
2023-03-01,22:00:00,Stage 5,Area 12,120
2023-03-02,00:00:00,Stage 5,Area 5,120
2023-03-02,00:00:00,Stage 5,Area 13,120
2023-03-02,00:00:00,Stage 5,Area 14,120
2023-03-02,00:00:00,Stage 5,Area 1,120
2023-03-02,00:00:00,Stage 5,Area 9,120
2023-03-02,02:00:00,Stage 5,Area 6,120
2023-03-02,02:00:00,Stage 5,Area 14,120
2023-03-02,02:00:00,Stage 5,Area 15,120
2023-03-02,02:00:00,Stage 5,Area 2,120
2023-03-02,02:00:00,Stage 5,Area 10,120
2023-03-02,04:00:00,Stage 5,Area 7,120
2023-03-02,04:00:00,Stage 5,Area 15,120
2023-03-02,04:00:00,Stage 5,Area 16,60
2023-03-02,04:00:00,Stage 5,Area 3,60
2023-03-02,04:00:00,Stage 5,Area 11,120
2023-03-02,06:00:00,Stage 3,Area 8,120
2023-03-02,06:00:00,Stage 3,Area 16,142
2023-03-02,06:00:00,Stage 3,Area 12,120
2023-03-02,08:00:00,Stage 3,Area 13,154
2023-03-02,08:00:00,Stage 3,Area 1,150
2023-03-02,08:00:00,Stage 3,Area 9,150
2023-03-02,10:00:00,Stage 3,Area 14,150
2023-03-02,10:00:00,Stage 3,Area 2,150
2023-03-02,10:00:00,Stage 3,Area 10,150
2023-03-02,12:00:00,Stage 3,Area 15,120
2023-03-02,12:00:00,Stage 3,Area 3,120
2023-03-02,12:00:00,Stage 3,Area 11,120
2023-03-02,14:00:00,Stage 3,Area 16,120
2023-03-02,14:00:00,Stage 3,Area 4,120
2023-03-02,14:00:00,Stage 3,Area 12,120
2023-03-02,16:00:00,Stage 5,Area 5,120
2023-03-02,16:00:00,Stage 5,Area 6,120
2023-03-02,16:00:00,Stage 5,Area 13,120
2023-03-02,16:00:00,Stage 5,Area 1,120
2023-03-02,16:00:00,Stage 5,Area 9,120
2023-03-02,18:00:00,Stage 5,Area 6,120
2023-03-02,18:00:00,Stage 5,Area 7,120
2023-03-02,18:00:00,Stage 5,Area 14,120
2023-03-02,18:00:00,Stage 5,Area 2,120
2023-03-02,18:00:00,Stage 5,Area 10,120
2023-03-02,20:00:00,Stage 5,Area 7,120
2023-03-02,20:00:00,Stage 5,Area 8,120
2023-03-02,20:00:00,Stage 5,Area 15,120
2023-03-02,20:00:00,Stage 5,Area 3,120
2023-03-02,20:00:00,Stage 5,Area 11,120
2023-03-02,22:00:00,Stage 5,Area 8,120
2023-03-02,22:00:00,Stage 5,Area 16,120
2023-03-02,22:00:00,Stage 5,Area 4,120
2023-03-02,22:00:00,Stage 5,Area 9,120
2023-03-02,22:00:00,Stage 5,Area 12,120
2023-03-03,00:00:00,Stage 5,Area 5,120
2023-03-03,00:00:00,Stage 5,Area 13,120
2023-03-03,00:00:00,Stage 5,Area 1,120
2023-03-03,00:00:00,Stage 5,Area 9,120
2023-03-03,00:00:00,Stage 5,Area 10,120
2023-03-03,02:00:00,Stage 5,Area 6,120
2023-03-03,02:00:00,Stage 5,Area 14,120
2023-03-03,02:00:00,Stage 5,Area 2,120
2023-03-03,02:00:00,Stage 5,Area 10,120
2023-03-03,02:00:00,Stage 5,Area 11,120
2023-03-03,04:00:00,Stage 5,Area 7,120
2023-03-03,04:00:00,Stage 5,Area 15,60
2023-03-03,04:00:00,Stage 5,Area 3,120
2023-03-03,04:00:00,Stage 5,Area 11,120
2023-03-03,04:00:00,Stage 5,Area 12,60
2023-03-03,06:00:00,Stage 3,Area 8,120
2023-03-03,06:00:00,Stage 3,Area 4,120
2023-03-03,06:00:00,Stage 3,Area 12,120
2023-03-03,08:00:00,Stage 3,Area 5,150
2023-03-03,08:00:00,Stage 3,Area 13,150
2023-03-03,08:00:00,Stage 3,Area 9,150
2023-03-03,10:00:00,Stage 3,Area 6,150
2023-03-03,10:00:00,Stage 3,Area 14,150
2023-03-03,10:00:00,Stage 3,Area 10,150
2023-03-03,12:00:00,Stage 3,Area 7,150
2023-03-03,12:00:00,Stage 3,Area 15,150
2023-03-03,12:00:00,Stage 3,Area 11,150
2023-03-03,14:00:00,Stage 3,Area 8,120
2023-03-03,14:00:00,Stage 3,Area 16,120
2023-03-03,14:00:00,Stage 3,Area 12,120
2023-03-03,16:00:00,Stage 4,Area 5,120
2023-03-03,16:00:00,Stage 4,Area 13,120
2023-03-03,16:00:00,Stage 4,Area 1,120
2023-03-03,16:00:00,Stage 4,Area 9,120
2023-03-03,18:00:00,Stage 4,Area 6,120
2023-03-03,18:00:00,Stage 4,Area 14,120
2023-03-03,18:00:00,Stage 4,Area 2,120
2023-03-03,18:00:00,Stage 4,Area 10,120
2023-03-03,20:00:00,Stage 4,Area 7,120
2023-03-03,20:00:00,Stage 4,Area 15,120
2023-03-03,20:00:00,Stage 4,Area 3,120
2023-03-03,20:00:00,Stage 4,Area 11,120
2023-03-03,22:00:00,Stage 4,Area 8,120
2023-03-03,22:00:00,Stage 4,Area 16,120
2023-03-03,22:00:00,Stage 4,Area 4,120
2023-03-03,22:00:00,Stage 4,Area 12,120
2023-03-04,00:00:00,Stage 4,Area 5,120
2023-03-04,00:00:00,Stage 4,Area 13,120
2023-03-04,00:00:00,Stage 4,Area 1,120
2023-03-04,00:00:00,Stage 4,Area 9,120
2023-03-04,02:00:00,Stage 4,Area 6,120
2023-03-04,02:00:00,Stage 4,Area 14,120
2023-03-04,02:00:00,Stage 4,Area 2,120
2023-03-04,02:00:00,Stage 4,Area 10,120
2023-03-04,04:00:00,Stage 4,Area 7,120
2023-03-04,04:00:00,Stage 4,Area 15,120
2023-03-04,04:00:00,Stage 4,Area 3,120
2023-03-04,04:00:00,Stage 4,Area 11,60
2023-03-04,06:00:00,Stage 3,Area 8,150
2023-03-04,06:00:00,Stage 3,Area 16,150
2023-03-04,06:00:00,Stage 3,Area 4,150
2023-03-04,08:00:00,Stage 3,Area 5,150
2023-03-04,08:00:00,Stage 3,Area 1,150
2023-03-04,08:00:00,Stage 3,Area 9,150
2023-03-04,10:00:00,Stage 3,Area 6,150
2023-03-04,10:00:00,Stage 3,Area 2,150
2023-03-04,10:00:00,Stage 3,Area 10,150
2023-03-04,12:00:00,Stage 3,Area 7,150
2023-03-04,12:00:00,Stage 3,Area 3,150
2023-03-04,12:00:00,Stage 3,Area 11,150
2023-03-04,14:00:00,Stage 3,Area 8,120
2023-03-04,14:00:00,Stage 3,Area 4,120
2023-03-04,14:00:00,Stage 3,Area 12,120
2023-03-04,16:00:00,Stage 4,Area 5,120
2023-03-04,16:00:00,Stage 4,Area 13,120
2023-03-04,16:00:00,Stage 4,Area 1,120
2023-03-04,16:00:00,Stage 4,Area 9,120
2023-03-04,18:00:00,Stage 4,Area 6,120
2023-03-04,18:00:00,Stage 4,Area 14,120
2023-03-04,18:00:00,Stage 4,Area 2,120
2023-03-04,18:00:00,Stage 4,Area 10,120
2023-03-04,20:00:00,Stage 4,Area 7,120
2023-03-04,20:00:00,Stage 4,Area 15,120
2023-03-04,20:00:00,Stage 4,Area 3,120
2023-03-04,20:00:00,Stage 4,Area 11,120
2023-03-04,22:00:00,Stage 4,Area 8,120
2023-03-04,22:00:00,Stage 4,Area 16,120
2023-03-04,22:00:00,Stage 4,Area 4,120
2023-03-04,22:00:00,Stage 4,Area 12,120
2023-03-05,00:00:00,Stage 4,Area 6,120
2023-03-05,00:00:00,Stage 4,Area 14,120
2023-03-05,00:00:00,Stage 4,Area 2,120
2023-03-05,00:00:00,Stage 4,Area 10,120
2023-03-05,02:00:00,Stage 4,Area 7,120
2023-03-05,02:00:00,Stage 4,Area 15,120
2023-03-05,02:00:00,Stage 4,Area 3,120
2023-03-05,02:00:00,Stage 4,Area 11,120
2023-03-05,04:00:00,Stage 4,Area 8,60
2023-03-05,04:00:00,Stage 4,Area 16,60
2023-03-05,04:00:00,Stage 4,Area 4,120
2023-03-05,04:00:00,Stage 4,Area 12,120
2023-03-05,06:00:00,Stage 2,Area 5,150
2023-03-05,06:00:00,Stage 2,Area 13,150
2023-03-05,08:00:00,Stage 2,Area 6,150
2023-03-05,08:00:00,Stage 2,Area 14,150
2023-03-05,10:00:00,Stage 2,Area 7,150
2023-03-05,10:00:00,Stage 2,Area 15,150
2023-03-05,12:00:00,Stage 2,Area 8,150
2023-03-05,12:00:00,Stage 2,Area 16,150
2023-03-05,14:00:00,Stage 2,Area 1,120
2023-03-05,14:00:00,Stage 2,Area 9,120
2023-03-05,16:00:00,Stage 4,Area 6,120
2023-03-05,16:00:00,Stage 4,Area 14,120
2023-03-05,16:00:00,Stage 4,Area 2,120
2023-03-05,16:00:00,Stage 4,Area 10,120
2023-03-05,18:00:00,Stage 4,Area 7,120
2023-03-05,18:00:00,Stage 4,Area 15,120
2023-03-05,18:00:00,Stage 4,Area 3,120
2023-03-05,18:00:00,Stage 4,Area 11,120
2023-03-05,20:00:00,Stage 4,Area 8,120
2023-03-05,20:00:00,Stage 4,Area 16,120
2023-03-05,20:00:00,Stage 4,Area 4,120
2023-03-05,20:00:00,Stage 4,Area 12,120
2023-03-05,22:00:00,Stage 4,Area 5,120
2023-03-05,22:00:00,Stage 4,Area 13,120
2023-03-05,22:00:00,Stage 4,Area 1,120
2023-03-05,22:00:00,Stage 4,Area 9,120
2023-03-06,00:00:00,Stage 4,Area 6,120
2023-03-06,00:00:00,Stage 4,Area 14,120
2023-03-06,00:00:00,Stage 4,Area 2,120
2023-03-06,00:00:00,Stage 4,Area 10,120
2023-03-06,02:00:00,Stage 4,Area 7,120
2023-03-06,02:00:00,Stage 4,Area 15,120
2023-03-06,02:00:00,Stage 4,Area 3,120
2023-03-06,02:00:00,Stage 4,Area 11,120
2023-03-06,04:00:00,Stage 4,Area 8,120
2023-03-06,04:00:00,Stage 4,Area 16,120
2023-03-06,04:00:00,Stage 4,Area 4,60
2023-03-06,04:00:00,Stage 4,Area 12,120
2023-03-06,06:00:00,Stage 3,Area 13,150
2023-03-06,06:00:00,Stage 3,Area 1,150
2023-03-06,06:00:00,Stage 3,Area 9,150
2023-03-06,08:00:00,Stage 3,Area 14,150
2023-03-06,08:00:00,Stage 3,Area 2,150
2023-03-06,08:00:00,Stage 3,Area 10,150
2023-03-06,10:00:00,Stage 3,Area 15,150
2023-03-06,10:00:00,Stage 3,Area 3,150
2023-03-06,10:00:00,Stage 3,Area 11,150
2023-03-06,12:00:00,Stage 3,Area 16,150
2023-03-06,12:00:00,Stage 3,Area 4,150
2023-03-06,12:00:00,Stage 3,Area 12,150
2023-03-06,14:00:00,Stage 3,Area 5,150
2023-03-06,14:00:00,Stage 3,Area 13,150
2023-03-06,14:00:00,Stage 3,Area 1,150
2023-03-06,16:00:00,Stage 4,Area 6,150
2023-03-06,16:00:00,Stage 4,Area 14,150
2023-03-06,16:00:00,Stage 4,Area 2,150
2023-03-06,16:00:00,Stage 4,Area 10,150
2023-03-06,18:00:00,Stage 4,Area 7,150
2023-03-06,18:00:00,Stage 4,Area 15,150
2023-03-06,18:00:00,Stage 4,Area 3,150
2023-03-06,18:00:00,Stage 4,Area 11,150
2023-03-06,20:00:00,Stage 4,Area 8,120
2023-03-06,20:00:00,Stage 4,Area 16,120
2023-03-06,20:00:00,Stage 4,Area 4,120
2023-03-06,20:00:00,Stage 4,Area 12,120
2023-03-06,22:00:00,Stage 5,Area 5,120
2023-03-06,22:00:00,Stage 5,Area 13,120
2023-03-06,22:00:00,Stage 5,Area 1,120
2023-03-06,22:00:00,Stage 5,Area 9,120
2023-03-06,22:00:00,Stage 5,Area 10,120
2023-03-07,00:00:00,Stage 5,Area 6,120
2023-03-07,00:00:00,Stage 5,Area 14,120
2023-03-07,00:00:00,Stage 5,Area 2,120
2023-03-07,00:00:00,Stage 5,Area 10,120
2023-03-07,00:00:00,Stage 5,Area 11,120
2023-03-07,02:00:00,Stage 5,Area 7,120
2023-03-07,02:00:00,Stage 5,Area 15,120
2023-03-07,02:00:00,Stage 5,Area 3,120
2023-03-07,02:00:00,Stage 5,Area 11,120
2023-03-07,02:00:00,Stage 5,Area 12,120
2023-03-07,04:00:00,Stage 5,Area 8,120
2023-03-07,04:00:00,Stage 5,Area 13,60
2023-03-07,04:00:00,Stage 5,Area 16,60
2023-03-07,04:00:00,Stage 5,Area 4,120
2023-03-07,04:00:00,Stage 5,Area 12,120
2023-03-07,06:00:00,Stage 3,Area 5,120
2023-03-07,06:00:00,Stage 3,Area 13,120
2023-03-07,06:00:00,Stage 3,Area 9,120
2023-03-07,08:00:00,Stage 3,Area 6,120
2023-03-07,08:00:00,Stage 3,Area 14,120
2023-03-07,08:00:00,Stage 3,Area 10,120
2023-03-07,10:00:00,Stage 3,Area 7,120
2023-03-07,10:00:00,Stage 3,Area 15,120
2023-03-07,10:00:00,Stage 3,Area 11,120
2023-03-07,12:00:00,Stage 3,Area 8,150
2023-03-07,12:00:00,Stage 3,Area 16,150
2023-03-07,12:00:00,Stage 3,Area 12,150
2023-03-07,14:00:00,Stage 3,Area 13,150
2023-03-07,14:00:00,Stage 3,Area 1,150
2023-03-07,14:00:00,Stage 3,Area 9,150
2023-03-07,16:00:00,Stage 4,Area 6,150
2023-03-07,16:00:00,Stage 4,Area 14,150
2023-03-07,16:00:00,Stage 4,Area 2,150
2023-03-07,16:00:00,Stage 4,Area 10,150
2023-03-07,18:00:00,Stage 4,Area 7,150
2023-03-07,18:00:00,Stage 4,Area 15,150
2023-03-07,18:00:00,Stage 4,Area 3,150
2023-03-07,18:00:00,Stage 4,Area 11,150
2023-03-07,20:00:00,Stage 4,Area 8,150
2023-03-07,20:00:00,Stage 4,Area 16,150
2023-03-07,20:00:00,Stage 4,Area 4,150
2023-03-07,20:00:00,Stage 4,Area 12,150
2023-03-07,22:00:00,Stage 5,Area 5,150
2023-03-07,22:00:00,Stage 5,Area 6,120
2023-03-07,22:00:00,Stage 5,Area 13,150
2023-03-07,22:00:00,Stage 5,Area 1,150
2023-03-07,22:00:00,Stage 5,Area 9,150
2023-03-08,00:00:00,Stage 5,Area 6,120
2023-03-08,00:00:00,Stage 5,Area 7,120
2023-03-08,00:00:00,Stage 5,Area 14,150
2023-03-08,00:00:00,Stage 5,Area 2,150
2023-03-08,00:00:00,Stage 5,Area 10,150
2023-03-08,02:00:00,Stage 5,Area 7,150
2023-03-08,02:00:00,Stage 5,Area 8,120
2023-03-08,02:00:00,Stage 5,Area 15,150
2023-03-08,02:00:00,Stage 5,Area 3,150
2023-03-08,02:00:00,Stage 5,Area 11,150
2023-03-08,04:00:00,Stage 5,Area 8,158
2023-03-08,04:00:00,Stage 5,Area 16,150
2023-03-08,04:00:00,Stage 5,Area 4,150
2023-03-08,04:00:00,Stage 5,Area 9,60
2023-03-08,04:00:00,Stage 5,Area 12,60
2023-03-08,06:00:00,Stage 3,Area 5,150
2023-03-08,06:00:00,Stage 3,Area 1,150
2023-03-08,06:00:00,Stage 3,Area 9,150
2023-03-08,08:00:00,Stage 3,Area 6,120
2023-03-08,08:00:00,Stage 3,Area 2,120
2023-03-08,08:00:00,Stage 3,Area 10,120
2023-03-08,10:00:00,Stage 3,Area 7,120
2023-03-08,10:00:00,Stage 3,Area 3,120
2023-03-08,10:00:00,Stage 3,Area 11,120
2023-03-08,12:00:00,Stage 3,Area 8,120
2023-03-08,12:00:00,Stage 3,Area 4,120
2023-03-08,12:00:00,Stage 3,Area 12,120
2023-03-08,14:00:00,Stage 3,Area 5,120
2023-03-08,14:00:00,Stage 3,Area 13,124
2023-03-08,14:00:00,Stage 3,Area 9,120
2023-03-08,16:00:00,Stage 3,Area 6,120
2023-03-08,16:00:00,Stage 3,Area 14,120
2023-03-08,16:00:00,Stage 3,Area 10,120
2023-03-08,18:00:00,Stage 3,Area 7,120
2023-03-08,18:00:00,Stage 3,Area 15,120
2023-03-08,18:00:00,Stage 3,Area 11,120
2023-03-08,20:00:00,Stage 3,Area 8,150
2023-03-08,20:00:00,Stage 3,Area 16,150
2023-03-08,20:00:00,Stage 3,Area 12,150
2023-03-08,22:00:00,Stage 4,Area 5,150
2023-03-08,22:00:00,Stage 4,Area 13,150
2023-03-08,22:00:00,Stage 4,Area 1,150
2023-03-08,22:00:00,Stage 4,Area 9,150
2023-03-09,00:00:00,Stage 4,Area 7,150
2023-03-09,00:00:00,Stage 4,Area 15,150
2023-03-09,00:00:00,Stage 4,Area 3,150
2023-03-09,00:00:00,Stage 4,Area 11,150
2023-03-09,02:00:00,Stage 4,Area 8,150
2023-03-09,02:00:00,Stage 4,Area 16,150
2023-03-09,02:00:00,Stage 4,Area 4,150
2023-03-09,02:00:00,Stage 4,Area 12,150
2023-03-09,04:00:00,Stage 4,Area 5,150
2023-03-09,04:00:00,Stage 4,Area 13,150
2023-03-09,04:00:00,Stage 4,Area 1,150
2023-03-09,04:00:00,Stage 4,Area 9,60
2023-03-09,06:00:00,Stage 3,Area 6,150
2023-03-09,06:00:00,Stage 3,Area 14,150
2023-03-09,06:00:00,Stage 3,Area 2,150
2023-03-09,08:00:00,Stage 3,Area 7,97
2023-03-09,08:00:00,Stage 3,Area 15,120
2023-03-09,08:00:00,Stage 3,Area 3,120
2023-03-09,10:00:00,Stage 3,Area 8,120
2023-03-09,10:00:00,Stage 3,Area 16,120
2023-03-09,10:00:00,Stage 3,Area 4,120
2023-03-09,12:00:00,Stage 3,Area 5,120
2023-03-09,12:00:00,Stage 3,Area 1,120
2023-03-09,12:00:00,Stage 3,Area 9,120
2023-03-09,14:00:00,Stage 3,Area 6,120
2023-03-09,14:00:00,Stage 3,Area 2,120
2023-03-09,14:00:00,Stage 3,Area 10,120
2023-03-09,16:00:00,Stage 3,Area 7,120
2023-03-09,16:00:00,Stage 3,Area 3,120
2023-03-09,16:00:00,Stage 3,Area 11,120
2023-03-09,18:00:00,Stage 3,Area 8,150
2023-03-09,18:00:00,Stage 3,Area 4,150
2023-03-09,18:00:00,Stage 3,Area 12,150
2023-03-09,20:00:00,Stage 3,Area 5,150
2023-03-09,20:00:00,Stage 3,Area 13,150
2023-03-09,20:00:00,Stage 3,Area 9,150
2023-03-09,22:00:00,Stage 4,Area 6,150
2023-03-09,22:00:00,Stage 4,Area 14,150
2023-03-09,22:00:00,Stage 4,Area 2,150
2023-03-09,22:00:00,Stage 4,Area 10,150
2023-03-10,00:00:00,Stage 4,Area 7,150
2023-03-10,00:00:00,Stage 4,Area 15,150
2023-03-10,00:00:00,Stage 4,Area 3,150
2023-03-10,00:00:00,Stage 4,Area 11,150
2023-03-10,02:00:00,Stage 4,Area 8,150
2023-03-10,02:00:00,Stage 4,Area 16,150
2023-03-10,02:00:00,Stage 4,Area 4,150
2023-03-10,02:00:00,Stage 4,Area 12,150
2023-03-10,04:00:00,Stage 4,Area 5,60
2023-03-10,04:00:00,Stage 4,Area 13,150
2023-03-10,04:00:00,Stage 4,Area 1,150
2023-03-10,04:00:00,Stage 4,Area 9,150
2023-03-10,06:00:00,Stage 3,Area 14,150
2023-03-10,06:00:00,Stage 3,Area 2,150
2023-03-10,06:00:00,Stage 3,Area 10,150
2023-03-10,08:00:00,Stage 3,Area 15,150
2023-03-10,08:00:00,Stage 3,Area 3,120
2023-03-10,08:00:00,Stage 3,Area 11,150
2023-03-10,10:00:00,Stage 3,Area 16,150
2023-03-10,10:00:00,Stage 3,Area 4,150
2023-03-10,10:00:00,Stage 3,Area 12,150
2023-03-10,12:00:00,Stage 3,Area 5,130
2023-03-10,12:00:00,Stage 3,Area 13,135
2023-03-10,12:00:00,Stage 3,Area 1,130
2023-03-10,14:00:00,Stage 3,Area 6,135
2023-03-10,14:00:00,Stage 3,Area 14,130
2023-03-10,14:00:00,Stage 3,Area 2,125
2023-03-10,16:00:00,Stage 3,Area 7,130
2023-03-10,16:00:00,Stage 3,Area 15,125
2023-03-10,16:00:00,Stage 3,Area 3,135
2023-03-10,18:00:00,Stage 3,Area 8,120
2023-03-10,18:00:00,Stage 3,Area 16,120
2023-03-10,18:00:00,Stage 3,Area 4,120
2023-03-10,20:00:00,Stage 3,Area 5,120
2023-03-10,20:00:00,Stage 3,Area 1,120
2023-03-10,20:00:00,Stage 3,Area 9,120
2023-03-10,22:00:00,Stage 4,Area 6,135
2023-03-10,22:00:00,Stage 4,Area 14,135
2023-03-10,22:00:00,Stage 4,Area 2,135
2023-03-10,22:00:00,Stage 4,Area 10,120
2023-03-11,00:00:00,Stage 4,Area 7,135
2023-03-11,00:00:00,Stage 4,Area 15,135
2023-03-11,00:00:00,Stage 4,Area 3,135
2023-03-11,00:00:00,Stage 4,Area 11,135
2023-03-11,02:00:00,Stage 4,Area 8,135
2023-03-11,02:00:00,Stage 4,Area 16,135
2023-03-11,02:00:00,Stage 4,Area 4,135
2023-03-11,02:00:00,Stage 4,Area 12,135
2023-03-11,04:00:00,Stage 4,Area 5,135
2023-03-11,04:00:00,Stage 4,Area 13,135
2023-03-11,04:00:00,Stage 4,Area 1,60
2023-03-11,04:00:00,Stage 4,Area 9,135
2023-03-11,06:00:00,Stage 3,Area 6,120
2023-03-11,06:00:00,Stage 3,Area 14,120
2023-03-11,06:00:00,Stage 3,Area 10,120
2023-03-11,08:00:00,Stage 3,Area 7,150
2023-03-11,08:00:00,Stage 3,Area 15,150
2023-03-11,08:00:00,Stage 3,Area 11,150
2023-03-11,10:00:00,Stage 3,Area 8,150
2023-03-11,10:00:00,Stage 3,Area 16,150
2023-03-11,10:00:00,Stage 3,Area 12,150
2023-03-11,12:00:00,Stage 3,Area 13,135
2023-03-11,12:00:00,Stage 3,Area 1,135
2023-03-11,12:00:00,Stage 3,Area 9,125
2023-03-11,14:00:00,Stage 3,Area 14,130
2023-03-11,14:00:00,Stage 3,Area 2,125
2023-03-11,14:00:00,Stage 3,Area 10,135
2023-03-11,16:00:00,Stage 3,Area 15,125
2023-03-11,16:00:00,Stage 3,Area 3,135
2023-03-11,16:00:00,Stage 3,Area 11,130
2023-03-11,18:00:00,Stage 3,Area 16,130
2023-03-11,18:00:00,Stage 3,Area 4,130
2023-03-11,18:00:00,Stage 3,Area 12,130
2023-03-11,20:00:00,Stage 3,Area 5,120
2023-03-11,20:00:00,Stage 3,Area 13,120
2023-03-11,20:00:00,Stage 3,Area 1,120
2023-03-11,22:00:00,Stage 3,Area 6,120
2023-03-11,22:00:00,Stage 3,Area 14,120
2023-03-11,22:00:00,Stage 3,Area 2,120
2023-03-12,00:00:00,Stage 3,Area 7,120
2023-03-12,00:00:00,Stage 3,Area 15,120
2023-03-12,00:00:00,Stage 3,Area 3,120
2023-03-12,02:00:00,Stage 3,Area 8,120
2023-03-12,02:00:00,Stage 3,Area 16,120
2023-03-12,02:00:00,Stage 3,Area 4,120
2023-03-12,04:00:00,Stage 3,Area 5,60
2023-03-12,04:00:00,Stage 3,Area 1,60
2023-03-12,04:00:00,Stage 3,Area 9,120
2023-03-12,06:00:00,Stage 1,Area 10,120
2023-03-12,08:00:00,Stage 1,Area 11,120
2023-03-12,10:00:00,Stage 1,Area 12,120
2023-03-12,12:00:00,Stage 1,Area 13,120
2023-03-12,14:00:00,Stage 1,Area 14,120
2023-03-12,16:00:00,Stage 4,Area 7,120
2023-03-12,16:00:00,Stage 4,Area 15,120
2023-03-12,16:00:00,Stage 4,Area 3,120
2023-03-12,16:00:00,Stage 4,Area 11,120
2023-03-12,18:00:00,Stage 4,Area 8,120
2023-03-12,18:00:00,Stage 4,Area 16,120
2023-03-12,18:00:00,Stage 4,Area 4,120
2023-03-12,18:00:00,Stage 4,Area 12,120
2023-03-12,20:00:00,Stage 4,Area 5,120
2023-03-12,20:00:00,Stage 4,Area 13,120
2023-03-12,20:00:00,Stage 4,Area 1,120
2023-03-12,20:00:00,Stage 4,Area 9,120
2023-03-12,22:00:00,Stage 4,Area 6,120
2023-03-12,22:00:00,Stage 4,Area 14,120
2023-03-12,22:00:00,Stage 4,Area 2,120
2023-03-12,22:00:00,Stage 4,Area 10,120
2023-03-13,00:00:00,Stage 4,Area 8,120
2023-03-13,00:00:00,Stage 4,Area 16,120
2023-03-13,00:00:00,Stage 4,Area 4,120
2023-03-13,00:00:00,Stage 4,Area 12,120
2023-03-13,02:00:00,Stage 4,Area 5,120
2023-03-13,02:00:00,Stage 4,Area 13,120
2023-03-13,02:00:00,Stage 4,Area 1,120
2023-03-13,02:00:00,Stage 4,Area 9,120
2023-03-13,04:00:00,Stage 4,Area 6,120
2023-03-13,04:00:00,Stage 4,Area 14,120
2023-03-13,04:00:00,Stage 4,Area 2,120
2023-03-13,04:00:00,Stage 4,Area 10,60
2023-03-13,06:00:00,Stage 3,Area 7,120
2023-03-13,06:00:00,Stage 3,Area 15,120
2023-03-13,06:00:00,Stage 3,Area 3,120
2023-03-13,08:00:00,Stage 3,Area 8,120
2023-03-13,08:00:00,Stage 3,Area 16,120
2023-03-13,08:00:00,Stage 3,Area 4,120
2023-03-13,10:00:00,Stage 3,Area 5,120
2023-03-13,10:00:00,Stage 3,Area 1,120
2023-03-13,10:00:00,Stage 3,Area 9,120
2023-03-13,12:00:00,Stage 3,Area 6,120
2023-03-13,12:00:00,Stage 3,Area 2,120
2023-03-13,12:00:00,Stage 3,Area 10,120
2023-03-13,14:00:00,Stage 3,Area 7,120
2023-03-13,14:00:00,Stage 3,Area 3,120
2023-03-13,14:00:00,Stage 3,Area 11,120
2023-03-13,16:00:00,Stage 4,Area 8,120
2023-03-13,16:00:00,Stage 4,Area 16,141
2023-03-13,16:00:00,Stage 4,Area 4,120
2023-03-13,16:00:00,Stage 4,Area 12,120
2023-03-13,18:00:00,Stage 3,Area 5,120
2023-03-13,18:00:00,Stage 3,Area 13,120
2023-03-13,18:00:00,Stage 3,Area 9,120
2023-03-13,20:00:00,Stage 3,Area 6,120
2023-03-13,20:00:00,Stage 3,Area 14,120
2023-03-13,20:00:00,Stage 3,Area 10,120
2023-03-13,22:00:00,Stage 4,Area 7,120
2023-03-13,22:00:00,Stage 4,Area 15,120
2023-03-13,22:00:00,Stage 4,Area 3,120
2023-03-13,22:00:00,Stage 4,Area 11,120
2023-03-14,00:00:00,Stage 4,Area 8,120
2023-03-14,00:00:00,Stage 4,Area 16,120
2023-03-14,00:00:00,Stage 4,Area 4,120
2023-03-14,00:00:00,Stage 4,Area 12,120
2023-03-14,02:00:00,Stage 4,Area 5,120
2023-03-14,02:00:00,Stage 4,Area 13,120
2023-03-14,02:00:00,Stage 4,Area 1,120
2023-03-14,02:00:00,Stage 4,Area 9,120
2023-03-14,04:00:00,Stage 4,Area 6,60
2023-03-14,04:00:00,Stage 4,Area 14,120
2023-03-14,04:00:00,Stage 4,Area 2,120
2023-03-14,04:00:00,Stage 4,Area 10,120
2023-03-14,06:00:00,Stage 3,Area 15,150
2023-03-14,06:00:00,Stage 3,Area 3,150
2023-03-14,06:00:00,Stage 3,Area 11,150
2023-03-14,08:00:00,Stage 3,Area 16,150
2023-03-14,08:00:00,Stage 3,Area 4,150
2023-03-14,08:00:00,Stage 3,Area 12,150
2023-03-14,10:00:00,Stage 3,Area 5,150
2023-03-14,10:00:00,Stage 3,Area 13,150
2023-03-14,10:00:00,Stage 3,Area 1,150
2023-03-14,12:00:00,Stage 3,Area 6,120
2023-03-14,12:00:00,Stage 3,Area 14,120
2023-03-14,12:00:00,Stage 3,Area 2,120
2023-03-14,14:00:00,Stage 3,Area 7,120
2023-03-14,14:00:00,Stage 3,Area 15,120
2023-03-14,14:00:00,Stage 3,Area 3,120
2023-03-14,16:00:00,Stage 3,Area 8,120
2023-03-14,16:00:00,Stage 3,Area 16,120
2023-03-14,16:00:00,Stage 3,Area 4,120
2023-03-14,18:00:00,Stage 3,Area 5,120
2023-03-14,18:00:00,Stage 3,Area 1,120
2023-03-14,18:00:00,Stage 3,Area 9,120
2023-03-14,20:00:00,Stage 3,Area 6,120
2023-03-14,20:00:00,Stage 3,Area 2,120
2023-03-14,20:00:00,Stage 3,Area 10,120
2023-03-14,22:00:00,Stage 4,Area 7,120
2023-03-14,22:00:00,Stage 4,Area 15,120
2023-03-14,22:00:00,Stage 4,Area 3,120
2023-03-14,22:00:00,Stage 4,Area 11,120
2023-03-15,00:00:00,Stage 4,Area 8,120
2023-03-15,00:00:00,Stage 4,Area 16,120
2023-03-15,00:00:00,Stage 4,Area 4,120
2023-03-15,00:00:00,Stage 4,Area 12,120
2023-03-15,02:00:00,Stage 3,Area 5,120
2023-03-15,02:00:00,Stage 3,Area 13,120
2023-03-15,02:00:00,Stage 3,Area 9,120
2023-03-15,04:00:00,Stage 3,Area 6,120
2023-03-15,04:00:00,Stage 3,Area 14,120
2023-03-15,04:00:00,Stage 3,Area 10,60
2023-03-15,06:00:00,Stage 2,Area 7,150
2023-03-15,06:00:00,Stage 2,Area 15,150
2023-03-15,08:00:00,Stage 2,Area 8,150
2023-03-15,08:00:00,Stage 2,Area 16,120
2023-03-15,10:00:00,Stage 2,Area 1,120
2023-03-15,10:00:00,Stage 2,Area 9,120
2023-03-15,12:00:00,Stage 2,Area 2,120
2023-03-15,12:00:00,Stage 2,Area 10,120
2023-03-15,14:00:00,Stage 2,Area 3,120
2023-03-15,14:00:00,Stage 2,Area 11,120
2023-03-15,16:00:00,Stage 2,Area 4,120
2023-03-15,16:00:00,Stage 2,Area 12,120
2023-03-15,18:00:00,Stage 2,Area 5,120
2023-03-15,18:00:00,Stage 2,Area 13,120
2023-03-15,20:00:00,Stage 2,Area 6,120
2023-03-15,20:00:00,Stage 2,Area 14,120
2023-03-15,22:00:00,Stage 3,Area 7,120
2023-03-15,22:00:00,Stage 3,Area 15,120
2023-03-15,22:00:00,Stage 3,Area 3,120
2023-03-16,00:00:00,Stage 3,Area 8,120
2023-03-16,00:00:00,Stage 3,Area 16,120
2023-03-16,00:00:00,Stage 3,Area 4,120
2023-03-16,02:00:00,Stage 3,Area 5,120
2023-03-16,02:00:00,Stage 3,Area 1,120
2023-03-16,02:00:00,Stage 3,Area 9,120
2023-03-16,04:00:00,Stage 3,Area 6,60
2023-03-16,04:00:00,Stage 3,Area 2,120
2023-03-16,04:00:00,Stage 3,Area 10,120
2023-03-16,06:00:00,Stage 2,Area 3,150
2023-03-16,06:00:00,Stage 2,Area 11,150
2023-03-16,08:00:00,Stage 2,Area 4,150
2023-03-16,08:00:00,Stage 2,Area 12,150
2023-03-16,10:00:00,Stage 2,Area 5,150
2023-03-16,10:00:00,Stage 2,Area 13,150
2023-03-16,12:00:00,Stage 2,Area 6,150
2023-03-16,12:00:00,Stage 2,Area 14,150
2023-03-16,14:00:00,Stage 2,Area 7,150
2023-03-16,14:00:00,Stage 2,Area 15,150
2023-03-16,16:00:00,Stage 2,Area 8,150
2023-03-16,16:00:00,Stage 2,Area 16,150
2023-03-16,18:00:00,Stage 2,Area 1,120
2023-03-16,18:00:00,Stage 2,Area 9,120
2023-03-16,20:00:00,Stage 2,Area 2,120
2023-03-16,20:00:00,Stage 2,Area 10,120
2023-03-16,22:00:00,Stage 3,Area 15,120
2023-03-16,22:00:00,Stage 3,Area 3,120
2023-03-16,22:00:00,Stage 3,Area 11,120
2023-03-17,00:00:00,Stage 3,Area 13,120
2023-03-17,00:00:00,Stage 3,Area 1,120
2023-03-17,00:00:00,Stage 3,Area 9,120
2023-03-17,02:00:00,Stage 3,Area 14,120
2023-03-17,02:00:00,Stage 3,Area 2,120
2023-03-17,02:00:00,Stage 3,Area 10,120
2023-03-17,04:00:00,Stage 3,Area 15,60
2023-03-17,04:00:00,Stage 3,Area 3,120
2023-03-17,04:00:00,Stage 3,Area 11,120
2023-03-17,06:00:00,Stage 2,Area 4,120
2023-03-17,06:00:00,Stage 2,Area 12,120
2023-03-17,08:00:00,Stage 2,Area 5,120
2023-03-17,08:00:00,Stage 2,Area 13,120
2023-03-17,10:00:00,Stage 2,Area 6,122
2023-03-17,10:00:00,Stage 2,Area 14,128
2023-03-17,12:00:00,Stage 1,Area 7,120
2023-03-17,14:00:00,Stage 1,Area 8,120
2023-03-17,16:00:00,Stage 1,Area 9,120
2023-03-17,18:00:00,Stage 1,Area 10,120
2023-03-17,20:00:00,Stage 1,Area 11,150
2023-03-17,22:00:00,Stage 2,Area 4,150
2023-03-17,22:00:00,Stage 2,Area 12,150
2023-03-18,00:00:00,Stage 2,Area 5,150
2023-03-18,00:00:00,Stage 2,Area 13,150
2023-03-18,02:00:00,Stage 2,Area 6,150
2023-03-18,02:00:00,Stage 2,Area 14,150
2023-03-18,04:00:00,Stage 2,Area 7,90
2023-03-18,04:00:00,Stage 2,Area 15,150
2023-03-18,06:00:00,Stage 1,Area 16,120
2023-03-18,08:00:00,Stage 1,Area 1,120
2023-03-18,10:00:00,Stage 1,Area 2,120
2023-03-18,12:00:00,Stage 1,Area 3,120
2023-03-18,16:00:00,Stage 1,Area 5,120
2023-03-18,18:00:00,Stage 1,Area 6,150
2023-03-18,20:00:00,Stage 1,Area 7,139
2023-03-18,22:00:00,Stage 1,Area 8,150
2023-03-19,00:00:00,Stage 1,Area 9,150
2023-03-19,02:00:00,Stage 1,Area 10,150
2023-03-19,04:00:00,Stage 1,Area 11,63
2023-03-22,05:00:00,Stage 1,Area 16,90
2023-03-22,06:00:00,Stage 1,Area 1,120
2023-03-22,08:00:00,Stage 1,Area 2,120
2023-03-22,10:00:00,Stage 1,Area 3,120
2023-03-22,12:00:00,Stage 1,Area 4,150
2023-03-22,14:00:00,Stage 1,Area 5,150
2023-03-22,16:00:00,Stage 2,Area 6,150
2023-03-22,16:00:00,Stage 2,Area 14,150
2023-03-22,18:00:00,Stage 2,Area 7,150
2023-03-22,18:00:00,Stage 2,Area 15,150
2023-03-22,20:00:00,Stage 2,Area 8,150
2023-03-22,20:00:00,Stage 2,Area 16,150
2023-03-22,22:00:00,Stage 3,Area 5,120
2023-03-22,22:00:00,Stage 3,Area 1,120
2023-03-22,22:00:00,Stage 3,Area 9,120
2023-03-23,00:00:00,Stage 3,Area 6,120
2023-03-23,00:00:00,Stage 3,Area 2,120
2023-03-23,00:00:00,Stage 3,Area 10,120
2023-03-23,02:00:00,Stage 3,Area 7,120
2023-03-23,02:00:00,Stage 3,Area 3,120
2023-03-23,02:00:00,Stage 3,Area 11,120
2023-03-23,04:00:00,Stage 3,Area 8,60
2023-03-23,04:00:00,Stage 3,Area 4,60
2023-03-23,04:00:00,Stage 3,Area 12,120
2023-03-23,06:00:00,Stage 1,Area 13,150
2023-03-23,08:00:00,Stage 1,Area 14,120
2023-03-23,10:00:00,Stage 1,Area 15,120
2023-03-23,12:00:00,Stage 1,Area 16,120
2023-03-23,14:00:00,Stage 1,Area 1,150
2023-03-23,16:00:00,Stage 1,Area 2,150
2023-03-23,18:00:00,Stage 1,Area 3,150
2023-03-23,20:00:00,Stage 1,Area 4,150
2023-03-23,22:00:00,Stage 3,Area 5,120
2023-03-23,22:00:00,Stage 3,Area 13,120
2023-03-23,22:00:00,Stage 3,Area 1,120
2023-03-24,00:00:00,Stage 3,Area 6,120
2023-03-24,00:00:00,Stage 3,Area 14,120
2023-03-24,00:00:00,Stage 3,Area 2,120
2023-03-24,02:00:00,Stage 2,Area 7,120
2023-03-24,02:00:00,Stage 2,Area 15,120
2023-03-24,04:00:00,Stage 2,Area 8,150
2023-03-24,04:00:00,Stage 2,Area 16,120
2023-03-24,06:00:00,Stage 2,Area 1,150
2023-03-24,06:00:00,Stage 2,Area 9,150
2023-03-24,08:00:00,Stage 2,Area 2,150
2023-03-24,08:00:00,Stage 2,Area 10,150
2023-03-24,10:00:00,Stage 2,Area 3,150
2023-03-24,10:00:00,Stage 2,Area 11,150
2023-03-24,12:00:00,Stage 2,Area 4,150
2023-03-24,12:00:00,Stage 2,Area 12,150
2023-03-24,14:00:00,Stage 2,Area 5,150
2023-03-24,14:00:00,Stage 2,Area 13,150
2023-03-24,16:00:00,Stage 2,Area 6,150
2023-03-24,16:00:00,Stage 2,Area 14,150
2023-03-24,18:00:00,Stage 2,Area 7,150
2023-03-24,18:00:00,Stage 2,Area 15,150
2023-03-24,20:00:00,Stage 2,Area 8,120
2023-03-24,20:00:00,Stage 2,Area 16,120
2023-03-24,22:00:00,Stage 2,Area 1,120
2023-03-24,22:00:00,Stage 2,Area 9,120
2023-03-25,00:00:00,Stage 2,Area 3,120
2023-03-25,00:00:00,Stage 2,Area 11,120
2023-03-25,02:00:00,Stage 2,Area 4,120
2023-03-25,02:00:00,Stage 2,Area 12,120
2023-03-25,04:00:00,Stage 2,Area 5,120
2023-03-25,04:00:00,Stage 2,Area 13,60
2023-03-25,06:00:00,Stage 1,Area 6,150
2023-03-25,08:00:00,Stage 1,Area 7,150
2023-03-25,10:00:00,Stage 1,Area 8,150
2023-03-25,12:00:00,Stage 1,Area 9,150
2023-03-25,14:00:00,Stage 1,Area 10,150
2023-03-25,16:00:00,Stage 2,Area 3,150
2023-03-25,16:00:00,Stage 2,Area 11,150
2023-03-25,18:00:00,Stage 2,Area 4,150
2023-03-25,18:00:00,Stage 2,Area 12,150
2023-03-25,20:00:00,Stage 2,Area 5,120
2023-03-25,20:00:00,Stage 2,Area 13,120
2023-03-25,22:00:00,Stage 2,Area 6,120
2023-03-25,22:00:00,Stage 2,Area 14,120
2023-03-26,00:00:00,Stage 2,Area 7,120
2023-03-26,00:00:00,Stage 2,Area 15,120
2023-03-26,02:00:00,Stage 2,Area 8,120
2023-03-26,02:00:00,Stage 2,Area 16,120
2023-03-26,04:00:00,Stage 2,Area 1,60
2023-03-26,04:00:00,Stage 2,Area 9,60
2023-03-26,16:00:00,Stage 1,Area 7,150
2023-03-26,18:00:00,Stage 1,Area 8,150
2023-03-26,20:00:00,Stage 1,Area 9,150
2023-03-26,22:00:00,Stage 1,Area 10,120
2023-03-27,00:00:00,Stage 1,Area 11,60
2023-03-27,05:00:00,Stage 2,Area 5,60
2023-03-27,05:00:00,Stage 2,Area 13,60
2023-03-27,06:00:00,Stage 2,Area 6,150
2023-03-27,06:00:00,Stage 2,Area 14,150
2023-03-27,08:00:00,Stage 2,Area 7,150
2023-03-27,08:00:00,Stage 2,Area 15,150
2023-03-27,10:00:00,Stage 2,Area 8,150
2023-03-27,10:00:00,Stage 2,Area 16,150
2023-03-27,12:00:00,Stage 2,Area 1,150
2023-03-27,12:00:00,Stage 2,Area 9,150
2023-03-27,14:00:00,Stage 2,Area 2,150
2023-03-27,14:00:00,Stage 2,Area 10,150
2023-03-27,16:00:00,Stage 3,Area 15,150
2023-03-27,16:00:00,Stage 3,Area 3,150
2023-03-27,16:00:00,Stage 3,Area 11,150
2023-03-27,18:00:00,Stage 1,Area 4,120
2023-03-27,20:00:00,Stage 3,Area 5,150
2023-03-27,20:00:00,Stage 3,Area 13,120
2023-03-27,20:00:00,Stage 3,Area 1,150
2023-03-27,22:00:00,Stage 3,Area 6,120
2023-03-27,22:00:00,Stage 3,Area 14,120
2023-03-27,22:00:00,Stage 3,Area 2,120
2023-03-28,00:00:00,Stage 3,Area 7,150
2023-03-28,00:00:00,Stage 3,Area 15,150
2023-03-28,00:00:00,Stage 3,Area 3,150
2023-03-28,02:00:00,Stage 3,Area 8,150
2023-03-28,02:00:00,Stage 3,Area 16,150
2023-03-28,02:00:00,Stage 3,Area 4,150
2023-03-28,04:00:00,Stage 3,Area 5,60
2023-03-28,04:00:00,Stage 3,Area 1,60
2023-03-28,04:00:00,Stage 3,Area 9,150
2023-03-28,06:00:00,Stage 1,Area 10,120
2023-03-28,08:00:00,Stage 1,Area 11,120
2023-03-28,10:00:00,Stage 1,Area 12,120
2023-03-28,12:00:00,Stage 1,Area 13,120
2023-03-28,14:00:00,Stage 1,Area 14,120
2023-03-28,16:00:00,Stage 2,Area 7,120
2023-03-28,16:00:00,Stage 2,Area 15,120
2023-03-28,22:00:00,Stage 2,Area 2,150
2023-03-28,22:00:00,Stage 2,Area 10,150
2023-03-29,00:00:00,Stage 2,Area 4,150
2023-03-29,00:00:00,Stage 2,Area 12,150
2023-03-29,02:00:00,Stage 2,Area 5,150
2023-03-29,02:00:00,Stage 2,Area 13,150
2023-03-29,04:00:00,Stage 2,Area 6,150
2023-03-29,04:00:00,Stage 2,Area 14,70
2023-03-29,06:00:00,Stage 1,Area 7,150
2023-03-29,08:00:00,Stage 1,Area 8,150
2023-03-29,10:00:00,Stage 1,Area 9,150
2023-03-29,12:00:00,Stage 1,Area 10,150
2023-03-29,14:00:00,Stage 1,Area 11,150
2023-03-29,16:00:00,Stage 2,Area 4,150
2023-03-29,16:00:00,Stage 2,Area 12,150
2023-03-29,18:30:00,Stage 1,Area 13,120
2023-03-29,20:00:00,Stage 1,Area 14,150
2023-03-29,22:00:00,Stage 3,Area 7,150
2023-03-29,22:00:00,Stage 3,Area 15,150
2023-03-29,22:00:00,Stage 3,Area 11,150
2023-03-30,00:00:00,Stage 3,Area 8,150
2023-03-30,00:00:00,Stage 3,Area 16,150
2023-03-30,00:00:00,Stage 3,Area 12,150
2023-03-30,02:00:00,Stage 3,Area 13,150
2023-03-30,02:00:00,Stage 3,Area 1,150
2023-03-30,02:00:00,Stage 3,Area 9,150
2023-03-30,04:00:00,Stage 3,Area 14,150
2023-03-30,04:00:00,Stage 3,Area 2,150
2023-03-30,04:00:00,Stage 3,Area 10,150
2023-03-30,06:00:00,Stage 3,Area 15,150
2023-03-30,06:00:00,Stage 3,Area 3,150
2023-03-30,06:00:00,Stage 3,Area 11,150
2023-03-30,08:00:00,Stage 3,Area 16,150
2023-03-30,08:00:00,Stage 3,Area 4,150
2023-03-30,08:00:00,Stage 3,Area 12,150
2023-03-30,10:00:00,Stage 3,Area 5,150
2023-03-30,10:00:00,Stage 3,Area 13,150
2023-03-30,10:00:00,Stage 3,Area 1,150
2023-03-30,12:00:00,Stage 3,Area 6,150
2023-03-30,12:00:00,Stage 3,Area 14,150
2023-03-30,12:00:00,Stage 3,Area 2,150
2023-03-30,14:00:00,Stage 3,Area 7,150
2023-03-30,14:00:00,Stage 3,Area 15,150
2023-03-30,14:00:00,Stage 3,Area 3,150
2023-03-30,16:00:00,Stage 2,Area 8,150
2023-03-30,16:00:00,Stage 2,Area 16,150
2023-03-30,18:00:00,Stage 2,Area 1,150
2023-03-30,18:00:00,Stage 2,Area 9,150
2023-03-30,20:00:00,Stage 2,Area 2,150
2023-03-30,20:00:00,Stage 2,Area 10,150
2023-03-30,22:00:00,Stage 4,Area 7,150
2023-03-30,22:00:00,Stage 4,Area 15,150
2023-03-30,22:00:00,Stage 4,Area 3,150
2023-03-30,22:00:00,Stage 4,Area 11,150
2023-03-31,00:00:00,Stage 4,Area 8,150
2023-03-31,00:00:00,Stage 4,Area 16,150
2023-03-31,00:00:00,Stage 4,Area 4,150
2023-03-31,00:00:00,Stage 4,Area 12,150
2023-03-31,02:00:00,Stage 4,Area 5,150
2023-03-31,02:00:00,Stage 4,Area 13,150
2023-03-31,02:00:00,Stage 4,Area 1,150
2023-03-31,02:00:00,Stage 4,Area 9,150
2023-03-31,04:00:00,Stage 4,Area 6,70
2023-03-31,04:00:00,Stage 4,Area 14,150
2023-03-31,04:00:00,Stage 4,Area 2,70
2023-03-31,04:00:00,Stage 4,Area 10,70
2023-03-31,06:00:00,Stage 1,Area 15,150
2023-03-31,08:00:00,Stage 1,Area 16,120
2023-03-31,10:00:00,Stage 1,Area 1,150
2023-03-31,12:00:00,Stage 2,Area 2,150
2023-03-31,13:20:00,Stage 2,Area 10,70
2023-03-31,14:00:00,Stage 2,Area 3,150
2023-03-31,14:00:00,Stage 2,Area 11,150
2023-03-31,16:00:00,Stage 2,Area 4,150
2023-03-31,16:00:00,Stage 2,Area 12,150
2023-03-31,18:00:00,Stage 2,Area 5,150
2023-03-31,18:00:00,Stage 2,Area 13,150
2023-03-31,20:00:00,Stage 2,Area 6,150
2023-03-31,20:00:00,Stage 2,Area 14,150
2023-03-31,22:00:00,Stage 4,Area 7,150
2023-03-31,22:00:00,Stage 4,Area 15,150
2023-03-31,22:00:00,Stage 4,Area 3,150
2023-03-31,22:00:00,Stage 4,Area 11,150
2023-04-01,00:00:00,Stage 4,Area 5,150
2023-04-01,00:00:00,Stage 4,Area 13,150
2023-04-01,00:00:00,Stage 4,Area 1,150
2023-04-01,00:00:00,Stage 4,Area 9,150
2023-04-01,02:00:00,Stage 4,Area 6,150
2023-04-01,02:00:00,Stage 4,Area 14,150
2023-04-01,02:00:00,Stage 4,Area 2,150
2023-04-01,02:00:00,Stage 4,Area 10,150
2023-04-01,04:00:00,Stage 4,Area 7,60
2023-04-01,04:00:00,Stage 4,Area 15,150
2023-04-01,04:00:00,Stage 4,Area 3,150
2023-04-01,04:00:00,Stage 4,Area 11,150
2023-04-01,06:00:00,Stage 3,Area 16,150
2023-04-01,06:00:00,Stage 3,Area 4,150
2023-04-01,06:00:00,Stage 3,Area 12,150
2023-04-01,08:00:00,Stage 3,Area 5,150
2023-04-01,08:00:00,Stage 3,Area 13,150
2023-04-01,08:00:00,Stage 3,Area 1,150
2023-04-01,10:00:00,Stage 3,Area 6,150
2023-04-01,10:00:00,Stage 3,Area 14,150
2023-04-01,10:00:00,Stage 3,Area 2,150
2023-04-01,12:00:00,Stage 3,Area 7,150
2023-04-01,12:00:00,Stage 3,Area 15,150
2023-04-01,12:00:00,Stage 3,Area 3,150
2023-04-01,14:00:00,Stage 3,Area 8,150
2023-04-01,14:00:00,Stage 3,Area 16,150
2023-04-01,14:00:00,Stage 3,Area 4,150
2023-04-01,16:00:00,Stage 4,Area 5,150
2023-04-01,16:00:00,Stage 4,Area 13,150
2023-04-01,16:00:00,Stage 4,Area 1,150
2023-04-01,16:00:00,Stage 4,Area 9,150
2023-04-01,18:00:00,Stage 4,Area 6,150
2023-04-01,18:00:00,Stage 4,Area 14,150
2023-04-01,18:00:00,Stage 4,Area 2,150
2023-04-01,18:00:00,Stage 4,Area 10,150
2023-04-01,20:00:00,Stage 4,Area 7,150
2023-04-01,20:00:00,Stage 4,Area 15,150
2023-04-01,20:00:00,Stage 4,Area 3,150
2023-04-01,20:00:00,Stage 4,Area 11,150
2023-04-01,22:00:00,Stage 4,Area 8,150
2023-04-01,22:00:00,Stage 4,Area 16,150
2023-04-01,22:00:00,Stage 4,Area 4,150
2023-04-01,22:00:00,Stage 4,Area 12,150
2023-04-02,00:00:00,Stage 4,Area 5,150
2023-04-02,00:00:00,Stage 4,Area 13,150
2023-04-02,00:00:00,Stage 4,Area 1,150
2023-04-02,00:00:00,Stage 4,Area 9,150
2023-04-02,02:00:00,Stage 4,Area 6,150
2023-04-02,02:00:00,Stage 4,Area 14,150
2023-04-02,02:00:00,Stage 4,Area 2,150
2023-04-02,02:00:00,Stage 4,Area 10,150
2023-04-02,04:00:00,Stage 4,Area 7,150
2023-04-02,04:00:00,Stage 4,Area 15,150
2023-04-02,04:00:00,Stage 4,Area 3,150
2023-04-02,04:00:00,Stage 4,Area 11,150
2023-04-02,06:00:00,Stage 4,Area 8,150
2023-04-02,06:00:00,Stage 4,Area 16,150
2023-04-02,06:00:00,Stage 4,Area 4,150
2023-04-02,06:00:00,Stage 4,Area 12,150
2023-04-02,08:00:00,Stage 4,Area 5,150
2023-04-02,08:00:00,Stage 4,Area 13,150
2023-04-02,08:00:00,Stage 4,Area 1,150
2023-04-02,08:00:00,Stage 4,Area 9,150
2023-04-02,10:00:00,Stage 4,Area 6,150
2023-04-02,10:00:00,Stage 4,Area 14,150
2023-04-02,10:00:00,Stage 4,Area 2,150
2023-04-02,10:00:00,Stage 4,Area 10,150
2023-04-02,12:00:00,Stage 4,Area 7,150
2023-04-02,12:00:00,Stage 4,Area 15,150
2023-04-02,12:00:00,Stage 4,Area 3,150
2023-04-02,12:00:00,Stage 4,Area 11,150
2023-04-02,14:00:00,Stage 4,Area 8,150
2023-04-02,14:00:00,Stage 4,Area 16,150
2023-04-02,14:00:00,Stage 4,Area 4,150
2023-04-02,14:00:00,Stage 4,Area 12,150
2023-04-02,16:00:00,Stage 4,Area 5,150
2023-04-02,16:00:00,Stage 4,Area 13,150
2023-04-02,16:00:00,Stage 4,Area 1,150
2023-04-02,16:00:00,Stage 4,Area 9,150
2023-04-02,18:00:00,Stage 4,Area 6,150
2023-04-02,18:00:00,Stage 4,Area 14,150
2023-04-02,18:00:00,Stage 4,Area 2,150
2023-04-02,18:00:00,Stage 4,Area 10,150
2023-04-02,20:00:00,Stage 4,Area 7,150
2023-04-02,20:00:00,Stage 4,Area 15,150
2023-04-02,20:00:00,Stage 4,Area 3,150
2023-04-02,20:00:00,Stage 4,Area 11,150
2023-04-02,22:00:00,Stage 4,Area 8,150
2023-04-02,22:00:00,Stage 4,Area 16,150
2023-04-02,22:00:00,Stage 4,Area 4,150
2023-04-02,22:00:00,Stage 4,Area 12,150
2023-04-03,00:00:00,Stage 4,Area 5,150
2023-04-03,00:00:00,Stage 4,Area 13,150
2023-04-03,00:00:00,Stage 4,Area 1,150
2023-04-03,00:00:00,Stage 4,Area 9,150
2023-04-03,02:00:00,Stage 4,Area 6,150
2023-04-03,02:00:00,Stage 4,Area 14,150
2023-04-03,02:00:00,Stage 4,Area 2,150
2023-04-03,02:00:00,Stage 4,Area 10,150
2023-04-03,04:00:00,Stage 4,Area 7,60
2023-04-03,04:00:00,Stage 4,Area 15,60
2023-04-03,04:00:00,Stage 4,Area 3,150
2023-04-03,04:00:00,Stage 4,Area 11,150
2023-04-03,06:00:00,Stage 2,Area 4,150
2023-04-03,06:00:00,Stage 2,Area 12,150
2023-04-03,08:00:00,Stage 2,Area 5,120
2023-04-03,08:00:00,Stage 2,Area 13,120
2023-04-03,10:00:00,Stage 2,Area 6,130
2023-04-03,10:00:00,Stage 2,Area 14,140
2023-04-03,12:00:00,Stage 2,Area 7,120
2023-04-03,12:00:00,Stage 2,Area 15,120
2023-04-03,14:00:00,Stage 2,Area 8,120
2023-04-03,14:00:00,Stage 2,Area 16,120
2023-04-03,16:00:00,Stage 3,Area 13,120
2023-04-03,16:00:00,Stage 3,Area 1,120
2023-04-03,16:00:00,Stage 3,Area 9,120
2023-04-03,18:00:00,Stage 3,Area 14,150
2023-04-03,18:00:00,Stage 3,Area 2,150
2023-04-03,18:00:00,Stage 3,Area 10,150
2023-04-03,20:00:00,Stage 3,Area 15,150
2023-04-03,20:00:00,Stage 3,Area 3,150
2023-04-03,20:00:00,Stage 3,Area 11,150
2023-04-03,22:00:00,Stage 4,Area 8,150
2023-04-03,22:00:00,Stage 4,Area 16,150
2023-04-03,22:00:00,Stage 4,Area 4,150
2023-04-03,22:00:00,Stage 4,Area 12,150
2023-04-04,00:00:00,Stage 4,Area 5,150
2023-04-04,00:00:00,Stage 4,Area 13,150
2023-04-04,00:00:00,Stage 4,Area 1,150
2023-04-04,00:00:00,Stage 4,Area 9,150
2023-04-04,02:00:00,Stage 4,Area 6,150
2023-04-04,02:00:00,Stage 4,Area 14,150
2023-04-04,02:00:00,Stage 4,Area 2,150
2023-04-04,02:00:00,Stage 4,Area 10,150
2023-04-04,04:00:00,Stage 4,Area 7,150
2023-04-04,04:00:00,Stage 4,Area 15,150
2023-04-04,04:00:00,Stage 4,Area 3,60
2023-04-04,04:00:00,Stage 4,Area 11,60
2023-04-04,06:00:00,Stage 2,Area 8,150
2023-04-04,06:00:00,Stage 2,Area 16,150
2023-04-04,08:00:00,Stage 2,Area 1,150
2023-04-04,08:00:00,Stage 2,Area 9,150
2023-04-04,10:00:00,Stage 2,Area 2,150
2023-04-04,10:00:00,Stage 2,Area 10,150
2023-04-04,12:00:00,Stage 2,Area 3,150
2023-04-04,12:00:00,Stage 2,Area 11,150
2023-04-04,14:00:00,Stage 2,Area 4,150
2023-04-04,14:00:00,Stage 2,Area 12,150
2023-04-04,16:00:00,Stage 3,Area 5,150
2023-04-04,16:00:00,Stage 3,Area 13,150
2023-04-04,16:00:00,Stage 3,Area 9,150
2023-04-04,18:00:00,Stage 3,Area 6,150
2023-04-04,18:00:00,Stage 3,Area 14,150
2023-04-04,18:00:00,Stage 3,Area 10,150
2023-04-04,20:00:00,Stage 3,Area 7,150
2023-04-04,20:00:00,Stage 3,Area 15,150
2023-04-04,20:00:00,Stage 3,Area 11,150
2023-04-04,22:00:00,Stage 4,Area 8,120
2023-04-04,22:00:00,Stage 4,Area 16,120
2023-04-04,22:00:00,Stage 4,Area 4,120
2023-04-04,22:00:00,Stage 4,Area 12,120
2023-04-05,00:00:00,Stage 4,Area 6,150
2023-04-05,00:00:00,Stage 4,Area 14,150
2023-04-05,00:00:00,Stage 4,Area 2,145
2023-04-05,00:00:00,Stage 4,Area 10,150
2023-04-05,02:00:00,Stage 4,Area 7,150
2023-04-05,02:00:00,Stage 4,Area 15,150
2023-04-05,02:00:00,Stage 4,Area 3,150
2023-04-05,02:00:00,Stage 4,Area 11,150
2023-04-05,04:00:00,Stage 4,Area 8,60
2023-04-05,04:00:00,Stage 4,Area 16,60
2023-04-05,04:00:00,Stage 4,Area 4,145
2023-04-05,04:00:00,Stage 4,Area 12,150
2023-04-05,06:00:00,Stage 2,Area 5,150
2023-04-05,06:00:00,Stage 2,Area 13,120
2023-04-05,08:00:00,Stage 2,Area 6,150
2023-04-05,08:00:00,Stage 2,Area 14,150
2023-04-05,10:00:00,Stage 2,Area 7,150
2023-04-05,10:00:00,Stage 2,Area 15,150
2023-04-05,12:00:00,Stage 2,Area 8,150
2023-04-05,12:00:00,Stage 2,Area 16,150
2023-04-05,14:00:00,Stage 2,Area 1,150
2023-04-05,14:00:00,Stage 2,Area 9,150
2023-04-05,16:00:00,Stage 3,Area 6,150
2023-04-05,16:00:00,Stage 3,Area 2,150
2023-04-05,16:00:00,Stage 3,Area 10,150
2023-04-05,18:00:00,Stage 3,Area 7,150
2023-04-05,18:00:00,Stage 3,Area 3,150
2023-04-05,18:00:00,Stage 3,Area 11,150
2023-04-05,20:00:00,Stage 3,Area 8,150
2023-04-05,20:00:00,Stage 3,Area 4,150
2023-04-05,20:00:00,Stage 3,Area 12,150
2023-04-05,22:00:00,Stage 4,Area 5,120
2023-04-05,22:00:00,Stage 4,Area 13,120
2023-04-05,22:00:00,Stage 4,Area 1,120
2023-04-05,22:00:00,Stage 4,Area 9,120
2023-04-06,00:00:00,Stage 4,Area 6,150
2023-04-06,00:00:00,Stage 4,Area 14,150
2023-04-06,00:00:00,Stage 4,Area 2,150
2023-04-06,00:00:00,Stage 4,Area 10,150
2023-04-06,02:00:00,Stage 4,Area 7,150
2023-04-06,02:00:00,Stage 4,Area 15,150
2023-04-06,02:00:00,Stage 4,Area 3,150
2023-04-06,02:00:00,Stage 4,Area 11,150
2023-04-06,04:00:00,Stage 4,Area 8,150
2023-04-06,04:00:00,Stage 4,Area 16,150
2023-04-06,04:00:00,Stage 4,Area 4,60
2023-04-06,04:00:00,Stage 4,Area 12,150
2023-04-06,06:00:00,Stage 3,Area 13,150
2023-04-06,06:00:00,Stage 3,Area 1,150
2023-04-06,06:00:00,Stage 3,Area 9,150
2023-04-06,08:00:00,Stage 3,Area 14,150
2023-04-06,08:00:00,Stage 3,Area 2,150
2023-04-06,08:00:00,Stage 3,Area 10,150
2023-04-06,10:00:00,Stage 3,Area 15,150
2023-04-06,10:00:00,Stage 3,Area 3,150
2023-04-06,10:00:00,Stage 3,Area 11,150
2023-04-06,12:00:00,Stage 3,Area 16,120
2023-04-06,12:00:00,Stage 3,Area 4,120
2023-04-06,12:00:00,Stage 3,Area 12,120
2023-04-06,14:00:00,Stage 3,Area 5,120
2023-04-06,14:00:00,Stage 3,Area 13,120
2023-04-06,14:00:00,Stage 3,Area 1,120
2023-04-06,16:00:00,Stage 3,Area 6,150
2023-04-06,16:00:00,Stage 3,Area 14,150
2023-04-06,16:00:00,Stage 3,Area 2,19
2023-04-06,18:00:00,Stage 2,Area 7,150
2023-04-06,18:00:00,Stage 2,Area 15,150
2023-04-06,20:00:00,Stage 2,Area 8,150
2023-04-06,20:00:00,Stage 2,Area 16,150
2023-04-06,22:00:00,Stage 4,Area 5,120
2023-04-06,22:00:00,Stage 4,Area 13,120
2023-04-06,22:00:00,Stage 4,Area 1,120
2023-04-06,22:00:00,Stage 4,Area 9,120
2023-04-07,00:00:00,Stage 4,Area 6,150
2023-04-07,00:00:00,Stage 4,Area 14,150
2023-04-07,00:00:00,Stage 4,Area 2,150
2023-04-07,00:00:00,Stage 4,Area 10,150
2023-04-07,02:00:00,Stage 4,Area 7,150
2023-04-07,02:00:00,Stage 4,Area 15,150
2023-04-07,02:00:00,Stage 4,Area 3,150
2023-04-07,02:00:00,Stage 4,Area 11,150
2023-04-07,04:00:00,Stage 4,Area 8,60
2023-04-07,04:00:00,Stage 4,Area 16,60
2023-04-07,04:00:00,Stage 4,Area 4,60
2023-04-07,04:00:00,Stage 4,Area 12,60
2023-04-07,16:00:00,Stage 1,Area 2,150
2023-04-07,18:00:00,Stage 1,Area 3,150
2023-04-07,20:00:00,Stage 1,Area 4,150
2023-04-07,22:00:00,Stage 2,Area 5,150
2023-04-07,22:00:00,Stage 2,Area 13,150
2023-04-08,00:00:00,Stage 2,Area 6,150
2023-04-08,00:00:00,Stage 2,Area 14,150
2023-04-08,02:00:00,Stage 2,Area 7,150
2023-04-08,02:00:00,Stage 2,Area 15,150
2023-04-08,04:00:00,Stage 2,Area 8,60
2023-04-08,04:00:00,Stage 2,Area 16,60
2023-04-08,17:00:00,Stage 2,Area 6,90
2023-04-08,17:00:00,Stage 2,Area 14,90
2023-04-08,18:00:00,Stage 2,Area 7,150
2023-04-08,18:00:00,Stage 2,Area 15,150
2023-04-08,20:00:00,Stage 2,Area 8,150
2023-04-08,20:00:00,Stage 2,Area 16,150
2023-04-08,22:00:00,Stage 2,Area 1,150
2023-04-08,22:00:00,Stage 2,Area 9,150
2023-04-09,00:00:00,Stage 2,Area 3,150
2023-04-09,00:00:00,Stage 2,Area 11,150
2023-04-09,02:00:00,Stage 2,Area 4,150
2023-04-09,02:00:00,Stage 2,Area 12,150
2023-04-09,04:00:00,Stage 2,Area 5,60
2023-04-09,04:00:00,Stage 2,Area 13,60
2023-04-09,17:00:00,Stage 2,Area 3,60
2023-04-09,17:00:00,Stage 2,Area 11,60
2023-04-09,18:00:00,Stage 2,Area 4,150
2023-04-09,18:00:00,Stage 2,Area 12,150
2023-04-09,20:00:00,Stage 2,Area 5,150
2023-04-09,20:00:00,Stage 2,Area 13,150
2023-04-09,22:00:00,Stage 2,Area 6,150
2023-04-09,22:00:00,Stage 2,Area 14,150
2023-04-10,00:00:00,Stage 2,Area 7,75
2023-04-10,00:00:00,Stage 2,Area 15,75
2023-04-10,17:00:00,Stage 1,Area 7,60
2023-04-10,20:00:00,Stage 1,Area 9,150
2023-04-10,22:00:00,Stage 3,Area 6,150
2023-04-10,22:00:00,Stage 3,Area 2,150
2023-04-10,22:00:00,Stage 3,Area 10,150
2023-04-11,00:00:00,Stage 3,Area 7,150
2023-04-11,00:00:00,Stage 3,Area 3,150
2023-04-11,00:00:00,Stage 3,Area 11,150
2023-04-11,02:00:00,Stage 3,Area 8,150
2023-04-11,02:00:00,Stage 3,Area 4,150
2023-04-11,02:00:00,Stage 3,Area 12,150
2023-04-11,04:00:00,Stage 3,Area 5,150
2023-04-11,04:00:00,Stage 3,Area 13,150
2023-04-11,04:00:00,Stage 3,Area 9,60
2023-04-11,06:00:00,Stage 2,Area 6,150
2023-04-11,06:00:00,Stage 2,Area 14,150
2023-04-11,08:00:00,Stage 2,Area 7,120
2023-04-11,08:00:00,Stage 2,Area 15,120
2023-04-11,10:00:00,Stage 2,Area 8,120
2023-04-11,10:00:00,Stage 2,Area 16,120
2023-04-11,12:00:00,Stage 2,Area 1,150
2023-04-11,12:00:00,Stage 2,Area 9,150
2023-04-11,14:00:00,Stage 2,Area 2,150
2023-04-11,14:00:00,Stage 2,Area 10,150
2023-04-11,16:00:00,Stage 5,Area 7,150
2023-04-11,16:00:00,Stage 5,Area 8,120
2023-04-11,16:00:00,Stage 5,Area 15,150
2023-04-11,16:00:00,Stage 5,Area 3,150
2023-04-11,16:00:00,Stage 5,Area 11,150
2023-04-11,18:00:00,Stage 4,Area 8,150
2023-04-11,18:00:00,Stage 4,Area 16,150
2023-04-11,18:00:00,Stage 4,Area 4,150
2023-04-11,18:00:00,Stage 4,Area 12,150
2023-04-11,20:00:00,Stage 4,Area 5,150
2023-04-11,20:00:00,Stage 4,Area 13,150
2023-04-11,20:00:00,Stage 4,Area 1,150
2023-04-11,20:00:00,Stage 4,Area 9,150
2023-04-11,22:00:00,Stage 5,Area 6,150
2023-04-11,22:00:00,Stage 5,Area 7,120
2023-04-11,22:00:00,Stage 5,Area 14,150
2023-04-11,22:00:00,Stage 5,Area 2,150
2023-04-11,22:00:00,Stage 5,Area 10,150
2023-04-12,00:00:00,Stage 5,Area 7,120
2023-04-12,00:00:00,Stage 5,Area 8,120
2023-04-12,00:00:00,Stage 5,Area 15,150
2023-04-12,00:00:00,Stage 5,Area 3,150
2023-04-12,00:00:00,Stage 5,Area 11,150
2023-04-12,02:00:00,Stage 5,Area 8,150
2023-04-12,02:00:00,Stage 5,Area 16,150
2023-04-12,02:00:00,Stage 5,Area 4,150
2023-04-12,02:00:00,Stage 5,Area 9,120
2023-04-12,02:00:00,Stage 5,Area 12,150
2023-04-12,04:00:00,Stage 5,Area 5,150
2023-04-12,04:00:00,Stage 5,Area 13,150
2023-04-12,04:00:00,Stage 5,Area 1,150
2023-04-12,04:00:00,Stage 5,Area 9,150
2023-04-12,04:00:00,Stage 5,Area 10,60
2023-04-12,06:00:00,Stage 4,Area 6,150
2023-04-12,06:00:00,Stage 4,Area 14,150
2023-04-12,06:00:00,Stage 4,Area 2,150
2023-04-12,06:00:00,Stage 4,Area 10,150
2023-04-12,08:00:00,Stage 4,Area 7,120
2023-04-12,08:00:00,Stage 4,Area 15,120
2023-04-12,08:00:00,Stage 4,Area 3,120
2023-04-12,08:00:00,Stage 4,Area 11,120
2023-04-12,10:00:00,Stage 4,Area 8,120
2023-04-12,10:00:00,Stage 4,Area 16,120
2023-04-12,10:00:00,Stage 4,Area 4,120
2023-04-12,10:00:00,Stage 4,Area 12,120
2023-04-12,12:00:00,Stage 4,Area 5,120
2023-04-12,12:00:00,Stage 4,Area 13,120
2023-04-12,12:00:00,Stage 4,Area 1,120
2023-04-12,12:00:00,Stage 4,Area 9,120
2023-04-12,14:00:00,Stage 4,Area 6,120
2023-04-12,14:00:00,Stage 4,Area 14,120
2023-04-12,14:00:00,Stage 4,Area 2,120
2023-04-12,14:00:00,Stage 4,Area 10,120
2023-04-12,16:00:00,Stage 4,Area 7,120
2023-04-12,16:00:00,Stage 4,Area 15,120
2023-04-12,16:00:00,Stage 4,Area 3,120
2023-04-12,16:00:00,Stage 4,Area 11,120
2023-04-12,18:00:00,Stage 4,Area 8,150
2023-04-12,18:00:00,Stage 4,Area 16,150
2023-04-12,18:00:00,Stage 4,Area 4,150
2023-04-12,18:00:00,Stage 4,Area 12,150
2023-04-12,20:00:00,Stage 4,Area 5,150
2023-04-12,20:00:00,Stage 4,Area 13,150
2023-04-12,20:00:00,Stage 4,Area 1,150
2023-04-12,20:00:00,Stage 4,Area 9,150
2023-04-12,22:00:00,Stage 6,Area 6,150
2023-04-12,22:00:00,Stage 6,Area 14,150
2023-04-12,22:00:00,Stage 6,Area 2,150
2023-04-12,22:00:00,Stage 6,Area 3,150
2023-04-12,22:00:00,Stage 6,Area 10,150
2023-04-12,22:00:00,Stage 6,Area 11,150
2023-04-13,00:00:00,Stage 6,Area 8,150
2023-04-13,00:00:00,Stage 6,Area 16,150
2023-04-13,00:00:00,Stage 6,Area 1,120
2023-04-13,00:00:00,Stage 6,Area 4,150
2023-04-13,00:00:00,Stage 6,Area 9,120
2023-04-13,00:00:00,Stage 6,Area 12,150
2023-04-13,02:00:00,Stage 6,Area 5,150
2023-04-13,02:00:00,Stage 6,Area 13,150
2023-04-13,02:00:00,Stage 6,Area 1,150
2023-04-13,02:00:00,Stage 6,Area 2,120
2023-04-13,02:00:00,Stage 6,Area 9,150
2023-04-13,02:00:00,Stage 6,Area 10,120
2023-04-13,04:00:00,Stage 6,Area 6,150
2023-04-13,04:00:00,Stage 6,Area 14,150
2023-04-13,04:00:00,Stage 6,Area 2,150
2023-04-13,04:00:00,Stage 6,Area 3,120
2023-04-13,04:00:00,Stage 6,Area 10,150
2023-04-13,04:00:00,Stage 6,Area 11,60
2023-04-13,06:00:00,Stage 5,Area 7,150
2023-04-13,06:00:00,Stage 5,Area 15,150
2023-04-13,06:00:00,Stage 5,Area 3,150
2023-04-13,06:00:00,Stage 5,Area 4,120
2023-04-13,06:00:00,Stage 5,Area 11,150
2023-04-13,08:00:00,Stage 5,Area 5,120
2023-04-13,08:00:00,Stage 5,Area 8,120
2023-04-13,08:00:00,Stage 5,Area 16,120
2023-04-13,08:00:00,Stage 5,Area 4,150
2023-04-13,08:00:00,Stage 5,Area 12,120
2023-04-13,10:00:00,Stage 5,Area 5,120
2023-04-13,10:00:00,Stage 5,Area 6,120
2023-04-13,10:00:00,Stage 5,Area 13,120
2023-04-13,10:00:00,Stage 5,Area 1,120
2023-04-13,10:00:00,Stage 5,Area 9,120
2023-04-13,12:00:00,Stage 5,Area 6,120
2023-04-13,12:00:00,Stage 5,Area 7,120
2023-04-13,12:00:00,Stage 5,Area 14,120
2023-04-13,12:00:00,Stage 5,Area 2,120
2023-04-13,12:00:00,Stage 5,Area 10,120
2023-04-13,14:00:00,Stage 5,Area 7,120
2023-04-13,14:00:00,Stage 5,Area 8,120
2023-04-13,14:00:00,Stage 5,Area 15,120
2023-04-13,14:00:00,Stage 5,Area 3,120
2023-04-13,14:00:00,Stage 5,Area 11,120
2023-04-13,16:00:00,Stage 4,Area 8,120
2023-04-13,16:00:00,Stage 4,Area 16,150
2023-04-13,16:00:00,Stage 4,Area 4,120
2023-04-13,16:00:00,Stage 4,Area 12,120
2023-04-13,18:00:00,Stage 4,Area 5,150
2023-04-13,18:00:00,Stage 4,Area 13,150
2023-04-13,18:00:00,Stage 4,Area 1,150
2023-04-13,18:00:00,Stage 4,Area 9,150
2023-04-13,20:00:00,Stage 4,Area 6,150
2023-04-13,20:00:00,Stage 4,Area 14,150
2023-04-13,20:00:00,Stage 4,Area 2,150
2023-04-13,20:00:00,Stage 4,Area 10,150
2023-04-13,22:00:00,Stage 6,Area 7,150
2023-04-13,22:00:00,Stage 6,Area 15,150
2023-04-13,22:00:00,Stage 6,Area 3,150
2023-04-13,22:00:00,Stage 6,Area 4,120
2023-04-13,22:00:00,Stage 6,Area 11,150
2023-04-13,22:00:00,Stage 6,Area 12,120
2023-04-14,00:00:00,Stage 6,Area 5,120
2023-04-14,00:00:00,Stage 6,Area 8,150
2023-04-14,00:00:00,Stage 6,Area 13,120
2023-04-14,00:00:00,Stage 6,Area 16,150
2023-04-14,00:00:00,Stage 6,Area 4,120
2023-04-14,00:00:00,Stage 6,Area 12,120
2023-04-14,02:00:00,Stage 6,Area 5,150
2023-04-14,02:00:00,Stage 6,Area 6,120
2023-04-14,02:00:00,Stage 6,Area 13,150
2023-04-14,02:00:00,Stage 6,Area 14,120
2023-04-14,02:00:00,Stage 6,Area 1,150
2023-04-14,02:00:00,Stage 6,Area 9,150
2023-04-14,04:00:00,Stage 6,Area 6,150
2023-04-14,04:00:00,Stage 6,Area 7,60
2023-04-14,04:00:00,Stage 6,Area 14,150
2023-04-14,04:00:00,Stage 6,Area 15,120
2023-04-14,04:00:00,Stage 6,Area 2,150
2023-04-14,04:00:00,Stage 6,Area 10,150
2023-04-14,06:00:00,Stage 5,Area 7,150
2023-04-14,06:00:00,Stage 5,Area 15,150
2023-04-14,06:00:00,Stage 5,Area 16,120
2023-04-14,06:00:00,Stage 5,Area 3,150
2023-04-14,06:00:00,Stage 5,Area 11,150
2023-04-14,08:00:00,Stage 5,Area 8,150
2023-04-14,08:00:00,Stage 5,Area 16,150
2023-04-14,08:00:00,Stage 5,Area 1,120
2023-04-14,08:00:00,Stage 5,Area 4,150
2023-04-14,08:00:00,Stage 5,Area 12,150
2023-04-14,10:00:00,Stage 5,Area 5,150
2023-04-14,10:00:00,Stage 5,Area 13,150
2023-04-14,10:00:00,Stage 5,Area 1,150
2023-04-14,10:00:00,Stage 5,Area 2,120
2023-04-14,10:00:00,Stage 5,Area 9,150
2023-04-14,12:00:00,Stage 5,Area 6,150
2023-04-14,12:00:00,Stage 5,Area 14,150
2023-04-14,12:00:00,Stage 5,Area 2,150
2023-04-14,12:00:00,Stage 5,Area 3,120
2023-04-14,12:00:00,Stage 5,Area 10,150
2023-04-14,14:00:00,Stage 5,Area 7,150
2023-04-14,14:00:00,Stage 5,Area 15,150
2023-04-14,14:00:00,Stage 5,Area 3,150
2023-04-14,14:00:00,Stage 5,Area 4,120
2023-04-14,14:00:00,Stage 5,Area 11,150
2023-04-14,16:00:00,Stage 4,Area 8,150
2023-04-14,16:00:00,Stage 4,Area 16,150
2023-04-14,16:00:00,Stage 4,Area 4,150
2023-04-14,16:00:00,Stage 4,Area 12,150
2023-04-14,18:00:00,Stage 4,Area 5,120
2023-04-14,18:00:00,Stage 4,Area 13,120
2023-04-14,18:00:00,Stage 4,Area 1,120
2023-04-14,18:00:00,Stage 4,Area 9,120
2023-04-14,20:00:00,Stage 4,Area 6,120
2023-04-14,20:00:00,Stage 4,Area 14,120
2023-04-14,20:00:00,Stage 4,Area 2,120
2023-04-14,20:00:00,Stage 4,Area 10,120
2023-04-14,22:00:00,Stage 6,Area 7,120
2023-04-14,22:00:00,Stage 6,Area 8,120
2023-04-14,22:00:00,Stage 6,Area 15,120
2023-04-14,22:00:00,Stage 6,Area 16,120
2023-04-14,22:00:00,Stage 6,Area 3,120
2023-04-14,22:00:00,Stage 6,Area 11,120
2023-04-15,00:00:00,Stage 6,Area 8,120
2023-04-15,00:00:00,Stage 6,Area 16,120
2023-04-15,00:00:00,Stage 6,Area 1,120
2023-04-15,00:00:00,Stage 6,Area 4,120
2023-04-15,00:00:00,Stage 6,Area 9,120
2023-04-15,00:00:00,Stage 6,Area 12,120
2023-04-15,02:00:00,Stage 6,Area 5,120
2023-04-15,02:00:00,Stage 6,Area 13,120
2023-04-15,02:00:00,Stage 6,Area 1,120
2023-04-15,02:00:00,Stage 6,Area 2,120
2023-04-15,02:00:00,Stage 6,Area 9,120
2023-04-15,02:00:00,Stage 6,Area 10,120
2023-04-15,04:00:00,Stage 6,Area 6,120
2023-04-15,04:00:00,Stage 6,Area 14,120
2023-04-15,04:00:00,Stage 6,Area 2,120
2023-04-15,04:00:00,Stage 6,Area 3,60
2023-04-15,04:00:00,Stage 6,Area 10,120
2023-04-15,04:00:00,Stage 6,Area 11,120
2023-04-15,06:00:00,Stage 5,Area 7,125
2023-04-15,06:00:00,Stage 5,Area 15,125
2023-04-15,06:00:00,Stage 5,Area 3,150
2023-04-15,06:00:00,Stage 5,Area 11,130
2023-04-15,06:00:00,Stage 5,Area 12,120
2023-04-15,08:00:00,Stage 5,Area 8,130
2023-04-15,08:00:00,Stage 5,Area 13,120
2023-04-15,08:00:00,Stage 5,Area 16,125
2023-04-15,08:00:00,Stage 5,Area 4,130
2023-04-15,08:00:00,Stage 5,Area 12,130
2023-04-15,10:00:00,Stage 5,Area 5,125
2023-04-15,10:00:00,Stage 5,Area 13,120
2023-04-15,10:00:00,Stage 5,Area 14,120
2023-04-15,10:00:00,Stage 5,Area 1,150
2023-04-15,10:00:00,Stage 5,Area 9,125
2023-04-15,12:00:00,Stage 5,Area 6,135
2023-04-15,12:00:00,Stage 5,Area 14,120
2023-04-15,12:00:00,Stage 5,Area 15,120
2023-04-15,12:00:00,Stage 5,Area 2,125
2023-04-15,12:00:00,Stage 5,Area 10,150
2023-04-15,14:00:00,Stage 5,Area 7,130
2023-04-15,14:00:00,Stage 5,Area 15,120
2023-04-15,14:00:00,Stage 5,Area 16,120
2023-04-15,14:00:00,Stage 5,Area 3,150
2023-04-15,14:00:00,Stage 5,Area 11,130
2023-04-15,16:00:00,Stage 5,Area 8,150
2023-04-15,16:00:00,Stage 5,Area 16,150
2023-04-15,16:00:00,Stage 5,Area 1,150
2023-04-15,16:00:00,Stage 5,Area 4,150
2023-04-15,16:00:00,Stage 5,Area 12,150
2023-04-15,18:00:00,Stage 5,Area 5,150
2023-04-15,18:00:00,Stage 5,Area 13,150
2023-04-15,18:00:00,Stage 5,Area 1,120
2023-04-15,18:00:00,Stage 5,Area 2,120
2023-04-15,18:00:00,Stage 5,Area 9,150
2023-04-15,20:00:00,Stage 6,Area 6,120
2023-04-15,20:00:00,Stage 6,Area 14,120
2023-04-15,20:00:00,Stage 6,Area 2,120
2023-04-15,20:00:00,Stage 6,Area 3,120
2023-04-15,20:00:00,Stage 6,Area 10,120
2023-04-15,20:00:00,Stage 6,Area 11,120
2023-04-15,22:00:00,Stage 6,Area 7,120
2023-04-15,22:00:00,Stage 6,Area 15,120
2023-04-15,22:00:00,Stage 6,Area 3,120
2023-04-15,22:00:00,Stage 6,Area 4,120
2023-04-15,22:00:00,Stage 6,Area 11,120
2023-04-15,22:00:00,Stage 6,Area 12,120
2023-04-16,00:00:00,Stage 6,Area 5,120
2023-04-16,00:00:00,Stage 6,Area 8,120
2023-04-16,00:00:00,Stage 6,Area 13,120
2023-04-16,00:00:00,Stage 6,Area 16,120
2023-04-16,00:00:00,Stage 6,Area 4,120
2023-04-16,00:00:00,Stage 6,Area 12,120
2023-04-16,02:00:00,Stage 6,Area 5,120
2023-04-16,02:00:00,Stage 6,Area 6,120
2023-04-16,02:00:00,Stage 6,Area 13,120
2023-04-16,02:00:00,Stage 6,Area 14,120
2023-04-16,02:00:00,Stage 6,Area 1,120
2023-04-16,02:00:00,Stage 6,Area 9,120
2023-04-16,04:00:00,Stage 6,Area 6,120
2023-04-16,04:00:00,Stage 6,Area 7,120
2023-04-16,04:00:00,Stage 6,Area 14,120
2023-04-16,04:00:00,Stage 6,Area 15,120
2023-04-16,04:00:00,Stage 6,Area 2,120
2023-04-16,04:00:00,Stage 6,Area 10,120
2023-04-16,06:00:00,Stage 6,Area 7,120
2023-04-16,06:00:00,Stage 6,Area 8,120
2023-04-16,06:00:00,Stage 6,Area 15,120
2023-04-16,06:00:00,Stage 6,Area 16,120
2023-04-16,06:00:00,Stage 6,Area 3,120
2023-04-16,06:00:00,Stage 6,Area 11,120
2023-04-16,08:00:00,Stage 6,Area 8,120
2023-04-16,08:00:00,Stage 6,Area 16,120
2023-04-16,08:00:00,Stage 6,Area 1,120
2023-04-16,08:00:00,Stage 6,Area 4,120
2023-04-16,08:00:00,Stage 6,Area 9,120
2023-04-16,08:00:00,Stage 6,Area 12,120
2023-04-16,10:00:00,Stage 6,Area 5,120
2023-04-16,10:00:00,Stage 6,Area 13,120
2023-04-16,10:00:00,Stage 6,Area 1,120
2023-04-16,10:00:00,Stage 6,Area 2,120
2023-04-16,10:00:00,Stage 6,Area 9,120
2023-04-16,10:00:00,Stage 6,Area 10,120
2023-04-16,12:00:00,Stage 6,Area 6,120
2023-04-16,12:00:00,Stage 6,Area 14,120
2023-04-16,12:00:00,Stage 6,Area 2,120
2023-04-16,12:00:00,Stage 6,Area 3,120
2023-04-16,12:00:00,Stage 6,Area 10,120
2023-04-16,12:00:00,Stage 6,Area 11,120
2023-04-16,14:00:00,Stage 6,Area 7,120
2023-04-16,14:00:00,Stage 6,Area 15,120
2023-04-16,14:00:00,Stage 6,Area 3,120
2023-04-16,14:00:00,Stage 6,Area 4,120
2023-04-16,14:00:00,Stage 6,Area 11,120
2023-04-16,14:00:00,Stage 6,Area 12,120
2023-04-16,16:00:00,Stage 6,Area 5,120
2023-04-16,16:00:00,Stage 6,Area 8,120
2023-04-16,16:00:00,Stage 6,Area 13,120
2023-04-16,16:00:00,Stage 6,Area 16,120
2023-04-16,16:00:00,Stage 6,Area 4,120
2023-04-16,16:00:00,Stage 6,Area 12,120
2023-04-16,18:00:00,Stage 6,Area 5,120
2023-04-16,18:00:00,Stage 6,Area 6,120
2023-04-16,18:00:00,Stage 6,Area 13,120
2023-04-16,18:00:00,Stage 6,Area 14,120
2023-04-16,18:00:00,Stage 6,Area 1,120
2023-04-16,18:00:00,Stage 6,Area 9,120
2023-04-16,20:00:00,Stage 6,Area 6,120
2023-04-16,20:00:00,Stage 6,Area 7,120
2023-04-16,20:00:00,Stage 6,Area 14,120
2023-04-16,20:00:00,Stage 6,Area 15,120
2023-04-16,20:00:00,Stage 6,Area 2,120
2023-04-16,20:00:00,Stage 6,Area 10,120
2023-04-16,22:00:00,Stage 6,Area 7,120
2023-04-16,22:00:00,Stage 6,Area 8,120
2023-04-16,22:00:00,Stage 6,Area 15,120
2023-04-16,22:00:00,Stage 6,Area 16,120
2023-04-16,22:00:00,Stage 6,Area 3,120
2023-04-16,22:00:00,Stage 6,Area 11,120
2023-04-17,00:00:00,Stage 6,Area 5,120
2023-04-17,00:00:00,Stage 6,Area 13,120
2023-04-17,00:00:00,Stage 6,Area 1,120
2023-04-17,00:00:00,Stage 6,Area 2,120
2023-04-17,00:00:00,Stage 6,Area 9,120
2023-04-17,00:00:00,Stage 6,Area 10,120
2023-04-17,02:00:00,Stage 6,Area 6,120
2023-04-17,02:00:00,Stage 6,Area 14,120
2023-04-17,02:00:00,Stage 6,Area 2,120
2023-04-17,02:00:00,Stage 6,Area 3,120
2023-04-17,02:00:00,Stage 6,Area 10,120
2023-04-17,02:00:00,Stage 6,Area 11,120
2023-04-17,04:00:00,Stage 6,Area 7,120
2023-04-17,04:00:00,Stage 6,Area 15,120
2023-04-17,04:00:00,Stage 6,Area 3,120
2023-04-17,04:00:00,Stage 6,Area 4,120
2023-04-17,04:00:00,Stage 6,Area 11,120
2023-04-17,04:00:00,Stage 6,Area 12,120
2023-04-17,06:00:00,Stage 5,Area 5,120
2023-04-17,06:00:00,Stage 5,Area 8,120
2023-04-17,06:00:00,Stage 5,Area 16,120
2023-04-17,06:00:00,Stage 5,Area 4,120
2023-04-17,06:00:00,Stage 5,Area 12,120
2023-04-17,08:00:00,Stage 5,Area 5,120
2023-04-17,08:00:00,Stage 5,Area 6,120
2023-04-17,08:00:00,Stage 5,Area 13,120
2023-04-17,08:00:00,Stage 5,Area 1,120
2023-04-17,08:00:00,Stage 5,Area 9,120
2023-04-17,10:00:00,Stage 5,Area 6,120
2023-04-17,10:00:00,Stage 5,Area 7,120
2023-04-17,10:00:00,Stage 5,Area 14,120
2023-04-17,10:00:00,Stage 5,Area 2,120
2023-04-17,10:00:00,Stage 5,Area 10,120
2023-04-17,12:00:00,Stage 5,Area 7,120
2023-04-17,12:00:00,Stage 5,Area 8,120
2023-04-17,12:00:00,Stage 5,Area 15,120
2023-04-17,12:00:00,Stage 5,Area 3,120
2023-04-17,12:00:00,Stage 5,Area 11,113
2023-04-17,14:00:00,Stage 5,Area 8,120
2023-04-17,14:00:00,Stage 5,Area 16,120
2023-04-17,14:00:00,Stage 5,Area 4,120
2023-04-17,14:00:00,Stage 5,Area 9,120
2023-04-17,14:00:00,Stage 5,Area 12,120
2023-04-17,16:00:00,Stage 4,Area 5,120
2023-04-17,16:00:00,Stage 4,Area 13,120
2023-04-17,16:00:00,Stage 4,Area 1,120
2023-04-17,16:00:00,Stage 4,Area 9,120
2023-04-17,18:00:00,Stage 4,Area 6,120
2023-04-17,18:00:00,Stage 4,Area 14,120
2023-04-17,18:00:00,Stage 4,Area 2,120
2023-04-17,18:00:00,Stage 4,Area 10,120
2023-04-17,20:00:00,Stage 6,Area 7,120
2023-04-17,20:00:00,Stage 6,Area 15,120
2023-04-17,20:00:00,Stage 6,Area 3,120
2023-04-17,20:00:00,Stage 6,Area 4,120
2023-04-17,20:00:00,Stage 6,Area 11,120
2023-04-17,20:00:00,Stage 6,Area 12,120
2023-04-17,22:00:00,Stage 6,Area 5,120
2023-04-17,22:00:00,Stage 6,Area 8,120
2023-04-17,22:00:00,Stage 6,Area 13,120
2023-04-17,22:00:00,Stage 6,Area 16,120
2023-04-17,22:00:00,Stage 6,Area 4,120
2023-04-17,22:00:00,Stage 6,Area 12,120
2023-04-18,00:00:00,Stage 6,Area 5,120
2023-04-18,00:00:00,Stage 6,Area 6,120
2023-04-18,00:00:00,Stage 6,Area 13,120
2023-04-18,00:00:00,Stage 6,Area 14,120
2023-04-18,00:00:00,Stage 6,Area 1,120
2023-04-18,00:00:00,Stage 6,Area 9,120
2023-04-18,02:00:00,Stage 6,Area 6,120
2023-04-18,02:00:00,Stage 6,Area 7,120
2023-04-18,02:00:00,Stage 6,Area 14,120
2023-04-18,02:00:00,Stage 6,Area 15,120
2023-04-18,02:00:00,Stage 6,Area 2,120
2023-04-18,02:00:00,Stage 6,Area 10,120
2023-04-18,04:00:00,Stage 6,Area 7,120
2023-04-18,04:00:00,Stage 6,Area 8,60
2023-04-18,04:00:00,Stage 6,Area 15,120
2023-04-18,04:00:00,Stage 6,Area 16,60
2023-04-18,04:00:00,Stage 6,Area 3,120
2023-04-18,04:00:00,Stage 6,Area 11,120
2023-04-18,06:00:00,Stage 4,Area 8,150
2023-04-18,06:00:00,Stage 4,Area 16,120
2023-04-18,06:00:00,Stage 4,Area 4,150
2023-04-18,06:00:00,Stage 4,Area 12,150
2023-04-18,08:00:00,Stage 4,Area 5,120
2023-04-18,08:00:00,Stage 4,Area 13,120
2023-04-18,08:00:00,Stage 4,Area 1,120
2023-04-18,08:00:00,Stage 4,Area 9,120
2023-04-18,10:00:00,Stage 4,Area 6,120
2023-04-18,10:00:00,Stage 4,Area 14,120
2023-04-18,10:00:00,Stage 4,Area 2,120
2023-04-18,10:00:00,Stage 4,Area 10,120
2023-04-18,12:00:00,Stage 4,Area 7,120
2023-04-18,12:00:00,Stage 4,Area 15,120
2023-04-18,12:00:00,Stage 4,Area 3,120
2023-04-18,12:00:00,Stage 4,Area 11,120
2023-04-18,14:00:00,Stage 4,Area 8,120
2023-04-18,14:00:00,Stage 4,Area 16,120
2023-04-18,14:00:00,Stage 4,Area 4,120
2023-04-18,14:00:00,Stage 4,Area 12,120
2023-04-18,16:00:00,Stage 4,Area 5,120
2023-04-18,16:00:00,Stage 4,Area 13,120
2023-04-18,16:00:00,Stage 4,Area 1,120
2023-04-18,16:00:00,Stage 4,Area 9,120
2023-04-18,18:00:00,Stage 4,Area 6,150
2023-04-18,18:00:00,Stage 4,Area 14,150
2023-04-18,18:00:00,Stage 4,Area 2,150
2023-04-18,18:00:00,Stage 4,Area 10,150
2023-04-18,20:00:00,Stage 6,Area 7,150
2023-04-18,20:00:00,Stage 6,Area 8,120
2023-04-18,20:00:00,Stage 6,Area 15,150
2023-04-18,20:00:00,Stage 6,Area 16,120
2023-04-18,20:00:00,Stage 6,Area 3,150
2023-04-18,20:00:00,Stage 6,Area 11,150
2023-04-18,22:00:00,Stage 6,Area 8,120
2023-04-18,22:00:00,Stage 6,Area 16,120
2023-04-18,22:00:00,Stage 6,Area 1,150
2023-04-18,22:00:00,Stage 6,Area 4,150
2023-04-18,22:00:00,Stage 6,Area 9,150
2023-04-18,22:00:00,Stage 6,Area 12,150
2023-04-19,00:00:00,Stage 6,Area 5,150
2023-04-19,00:00:00,Stage 6,Area 13,150
2023-04-19,00:00:00,Stage 6,Area 1,120
2023-04-19,00:00:00,Stage 6,Area 2,150
2023-04-19,00:00:00,Stage 6,Area 9,128
2023-04-19,00:00:00,Stage 6,Area 10,150
2023-04-19,02:00:00,Stage 6,Area 6,150
2023-04-19,02:00:00,Stage 6,Area 14,150
2023-04-19,02:00:00,Stage 6,Area 2,120
2023-04-19,02:00:00,Stage 6,Area 3,120
2023-04-19,02:00:00,Stage 6,Area 9,120
2023-04-19,02:00:00,Stage 6,Area 11,120
2023-04-19,04:00:00,Stage 6,Area 7,150
2023-04-19,04:00:00,Stage 6,Area 15,150
2023-04-19,04:00:00,Stage 6,Area 3,150
2023-04-19,04:00:00,Stage 6,Area 4,120
2023-04-19,04:00:00,Stage 6,Area 11,150
2023-04-19,04:00:00,Stage 6,Area 12,120
2023-04-19,06:00:00,Stage 4,Area 8,150
2023-04-19,06:00:00,Stage 4,Area 16,150
2023-04-19,06:00:00,Stage 4,Area 4,150
2023-04-19,06:00:00,Stage 4,Area 12,150
2023-04-19,08:00:00,Stage 4,Area 5,150
2023-04-19,08:00:00,Stage 4,Area 13,150
2023-04-19,08:00:00,Stage 4,Area 1,150
2023-04-19,08:00:00,Stage 4,Area 9,150
2023-04-19,10:00:00,Stage 4,Area 6,150
2023-04-19,10:00:00,Stage 4,Area 14,150
2023-04-19,10:00:00,Stage 4,Area 2,150
2023-04-19,10:00:00,Stage 4,Area 10,150
2023-04-19,12:00:00,Stage 4,Area 7,150
2023-04-19,12:00:00,Stage 4,Area 15,150
2023-04-19,12:00:00,Stage 4,Area 3,150
2023-04-19,12:00:00,Stage 4,Area 11,150
2023-04-19,14:00:00,Stage 4,Area 8,120
2023-04-19,14:00:00,Stage 4,Area 16,120
2023-04-19,14:00:00,Stage 4,Area 4,120
2023-04-19,14:00:00,Stage 4,Area 12,120
2023-04-19,16:00:00,Stage 4,Area 5,120
2023-04-19,16:00:00,Stage 4,Area 13,120
2023-04-19,16:00:00,Stage 4,Area 1,120
2023-04-19,16:00:00,Stage 4,Area 9,120
2023-04-19,18:00:00,Stage 4,Area 6,120
2023-04-19,18:00:00,Stage 4,Area 14,120
2023-04-19,18:00:00,Stage 4,Area 2,120
2023-04-19,18:00:00,Stage 4,Area 10,120
2023-04-19,20:00:00,Stage 6,Area 7,150
2023-04-19,20:00:00,Stage 6,Area 15,150
2023-04-19,20:00:00,Stage 6,Area 3,150
2023-04-19,20:00:00,Stage 6,Area 4,120
2023-04-19,20:00:00,Stage 6,Area 11,150
2023-04-19,20:00:00,Stage 6,Area 12,120
2023-04-19,22:00:00,Stage 6,Area 5,150
2023-04-19,22:00:00,Stage 6,Area 8,150
2023-04-19,22:00:00,Stage 6,Area 13,150
2023-04-19,22:00:00,Stage 6,Area 16,150
2023-04-19,22:00:00,Stage 6,Area 4,150
2023-04-19,22:00:00,Stage 6,Area 12,120
2023-04-20,00:00:00,Stage 6,Area 5,120
2023-04-20,00:00:00,Stage 6,Area 6,150
2023-04-20,00:00:00,Stage 6,Area 13,120
2023-04-20,00:00:00,Stage 6,Area 14,150
2023-04-20,00:00:00,Stage 6,Area 1,150
2023-04-20,00:00:00,Stage 6,Area 9,150
2023-04-20,02:00:00,Stage 4,Area 7,150
2023-04-20,02:00:00,Stage 4,Area 15,150
2023-04-20,02:00:00,Stage 4,Area 2,150
2023-04-20,02:00:00,Stage 4,Area 10,150
2023-04-20,04:00:00,Stage 4,Area 8,60
2023-04-20,04:00:00,Stage 4,Area 16,60
2023-04-20,04:00:00,Stage 4,Area 3,150
2023-04-20,04:00:00,Stage 4,Area 11,150
2023-04-20,06:00:00,Stage 4,Area 8,150
2023-04-20,06:00:00,Stage 4,Area 16,130
2023-04-20,06:00:00,Stage 4,Area 4,150
2023-04-20,06:00:00,Stage 4,Area 12,150
2023-04-20,08:00:00,Stage 4,Area 5,130
2023-04-20,08:00:00,Stage 4,Area 13,150
2023-04-20,08:00:00,Stage 4,Area 1,135
2023-04-20,08:00:00,Stage 4,Area 9,130
2023-04-20,10:00:00,Stage 4,Area 6,135
2023-04-20,10:00:00,Stage 4,Area 14,135
2023-04-20,10:00:00,Stage 4,Area 2,125
2023-04-20,10:00:00,Stage 4,Area 10,150
2023-04-20,12:00:00,Stage 4,Area 7,135
2023-04-20,12:00:00,Stage 4,Area 15,125
2023-04-20,12:00:00,Stage 4,Area 3,150
2023-04-20,12:00:00,Stage 4,Area 11,130
2023-04-20,14:00:00,Stage 4,Area 8,135
2023-04-20,14:00:00,Stage 4,Area 16,130
2023-04-20,14:00:00,Stage 4,Area 4,130
2023-04-20,14:00:00,Stage 4,Area 12,130
2023-04-20,16:00:00,Stage 4,Area 5,150
2023-04-20,16:00:00,Stage 4,Area 13,150
2023-04-20,16:00:00,Stage 4,Area 1,150
2023-04-20,16:00:00,Stage 4,Area 9,150
2023-04-20,18:00:00,Stage 4,Area 6,150
2023-04-20,18:00:00,Stage 4,Area 14,150
2023-04-20,18:00:00,Stage 4,Area 2,150
2023-04-20,18:00:00,Stage 4,Area 10,150
2023-04-20,20:00:00,Stage 6,Area 7,137
2023-04-20,20:00:00,Stage 6,Area 8,120
2023-04-20,20:00:00,Stage 6,Area 15,150
2023-04-20,20:00:00,Stage 6,Area 16,120
2023-04-20,20:00:00,Stage 6,Area 3,150
2023-04-20,20:00:00,Stage 6,Area 11,150
2023-04-20,22:00:00,Stage 6,Area 8,120
2023-04-20,22:00:00,Stage 6,Area 16,120
2023-04-20,22:00:00,Stage 6,Area 1,150
2023-04-20,22:00:00,Stage 6,Area 4,150
2023-04-20,22:00:00,Stage 6,Area 9,150
2023-04-20,22:00:00,Stage 6,Area 12,150
2023-04-21,00:00:00,Stage 6,Area 6,150
2023-04-21,00:00:00,Stage 6,Area 14,150
2023-04-21,00:00:00,Stage 6,Area 2,150
2023-04-21,00:00:00,Stage 6,Area 3,120
2023-04-21,00:00:00,Stage 6,Area 10,150
2023-04-21,00:00:00,Stage 6,Area 11,120
2023-04-21,02:00:00,Stage 6,Area 7,150
2023-04-21,02:00:00,Stage 6,Area 15,150
2023-04-21,02:00:00,Stage 6,Area 3,150
2023-04-21,02:00:00,Stage 6,Area 4,120
2023-04-21,02:00:00,Stage 6,Area 11,150
2023-04-21,02:00:00,Stage 6,Area 12,120
2023-04-21,04:00:00,Stage 6,Area 5,60
2023-04-21,04:00:00,Stage 6,Area 8,150
2023-04-21,04:00:00,Stage 6,Area 13,60
2023-04-21,04:00:00,Stage 6,Area 16,150
2023-04-21,04:00:00,Stage 6,Area 4,150
2023-04-21,04:00:00,Stage 6,Area 12,150
2023-04-21,06:00:00,Stage 5,Area 5,150
2023-04-21,06:00:00,Stage 5,Area 6,123
2023-04-21,06:00:00,Stage 5,Area 13,150
2023-04-21,06:00:00,Stage 5,Area 1,150
2023-04-21,06:00:00,Stage 5,Area 9,150
2023-04-21,08:00:00,Stage 5,Area 6,150
2023-04-21,08:00:00,Stage 5,Area 7,120
2023-04-21,08:00:00,Stage 5,Area 14,120
2023-04-21,08:00:00,Stage 5,Area 2,120
2023-04-21,08:00:00,Stage 5,Area 10,120
2023-04-21,10:00:00,Stage 5,Area 7,120
2023-04-21,10:00:00,Stage 5,Area 8,120
2023-04-21,10:00:00,Stage 5,Area 15,120
2023-04-21,10:00:00,Stage 5,Area 3,120
2023-04-21,10:00:00,Stage 5,Area 11,120
2023-04-21,12:00:00,Stage 5,Area 8,120
2023-04-21,12:00:00,Stage 5,Area 16,120
2023-04-21,12:00:00,Stage 5,Area 4,120
2023-04-21,12:00:00,Stage 5,Area 9,120
2023-04-21,12:00:00,Stage 5,Area 12,120
2023-04-21,14:00:00,Stage 5,Area 5,120
2023-04-21,14:00:00,Stage 5,Area 13,120
2023-04-21,14:00:00,Stage 5,Area 1,120
2023-04-21,14:00:00,Stage 5,Area 9,120
2023-04-21,14:00:00,Stage 5,Area 10,120
2023-04-21,16:00:00,Stage 4,Area 6,120
2023-04-21,16:00:00,Stage 4,Area 14,120
2023-04-21,16:00:00,Stage 4,Area 2,120
2023-04-21,16:00:00,Stage 4,Area 10,120
2023-04-21,18:00:00,Stage 4,Area 7,120
2023-04-21,18:00:00,Stage 4,Area 15,120
2023-04-21,18:00:00,Stage 4,Area 3,120
2023-04-21,18:00:00,Stage 4,Area 11,120
2023-04-21,20:00:00,Stage 6,Area 5,120
2023-04-21,20:00:00,Stage 6,Area 8,150
2023-04-21,20:00:00,Stage 6,Area 13,120
2023-04-21,20:00:00,Stage 6,Area 16,150
2023-04-21,20:00:00,Stage 6,Area 4,120
2023-04-21,20:00:00,Stage 6,Area 12,120
2023-04-21,22:00:00,Stage 6,Area 5,150
2023-04-21,22:00:00,Stage 6,Area 6,150
2023-04-21,22:00:00,Stage 6,Area 13,150
2023-04-21,22:00:00,Stage 6,Area 14,120
2023-04-21,22:00:00,Stage 6,Area 1,150
2023-04-21,22:00:00,Stage 6,Area 9,150
2023-04-22,00:00:00,Stage 6,Area 6,120
2023-04-22,00:00:00,Stage 6,Area 7,120
2023-04-22,00:00:00,Stage 6,Area 14,120
2023-04-22,00:00:00,Stage 6,Area 15,120
2023-04-22,00:00:00,Stage 6,Area 2,120
2023-04-22,00:00:00,Stage 6,Area 10,150
2023-04-22,02:00:00,Stage 6,Area 7,150
2023-04-22,02:00:00,Stage 6,Area 8,120
2023-04-22,02:00:00,Stage 6,Area 15,150
2023-04-22,02:00:00,Stage 6,Area 16,120
2023-04-22,02:00:00,Stage 6,Area 3,150
2023-04-22,02:00:00,Stage 6,Area 11,150
2023-04-22,04:00:00,Stage 4,Area 8,120
2023-04-22,04:00:00,Stage 4,Area 16,120
2023-04-22,04:00:00,Stage 4,Area 4,60
2023-04-22,04:00:00,Stage 4,Area 12,60
2023-04-22,06:00:00,Stage 2,Area 1,120
2023-04-22,06:00:00,Stage 2,Area 9,120
2023-04-22,08:00:00,Stage 2,Area 2,120
2023-04-22,08:00:00,Stage 2,Area 10,120
2023-04-22,10:00:00,Stage 2,Area 3,120
2023-04-22,10:00:00,Stage 2,Area 11,120
2023-04-22,12:00:00,Stage 3,Area 16,150
2023-04-22,12:00:00,Stage 3,Area 4,150
2023-04-22,12:00:00,Stage 3,Area 12,150
2023-04-22,14:00:00,Stage 3,Area 5,150
2023-04-22,14:00:00,Stage 3,Area 13,150
2023-04-22,14:00:00,Stage 3,Area 1,150
2023-04-22,16:00:00,Stage 4,Area 6,150
2023-04-22,16:00:00,Stage 4,Area 14,150
2023-04-22,16:00:00,Stage 4,Area 2,150
2023-04-22,16:00:00,Stage 4,Area 10,150
2023-04-22,18:00:00,Stage 4,Area 7,150
2023-04-22,18:00:00,Stage 4,Area 15,150
2023-04-22,18:00:00,Stage 4,Area 3,150
2023-04-22,18:00:00,Stage 4,Area 11,150
2023-04-22,20:00:00,Stage 4,Area 8,150
2023-04-22,20:00:00,Stage 4,Area 16,150
2023-04-22,20:00:00,Stage 4,Area 4,150
2023-04-22,20:00:00,Stage 4,Area 12,120
2023-04-22,22:00:00,Stage 4,Area 5,120
2023-04-22,22:00:00,Stage 4,Area 13,120
2023-04-22,22:00:00,Stage 4,Area 1,120
2023-04-22,22:00:00,Stage 4,Area 9,120
2023-04-23,00:00:00,Stage 4,Area 6,150
2023-04-23,00:00:00,Stage 4,Area 14,150
2023-04-23,00:00:00,Stage 4,Area 2,150
2023-04-23,00:00:00,Stage 4,Area 10,150
2023-04-23,02:00:00,Stage 4,Area 7,150
2023-04-23,02:00:00,Stage 4,Area 15,150
2023-04-23,02:00:00,Stage 4,Area 3,150
2023-04-23,02:00:00,Stage 4,Area 11,150
2023-04-23,04:00:00,Stage 4,Area 8,150
2023-04-23,04:00:00,Stage 4,Area 16,90
2023-04-23,04:00:00,Stage 4,Area 4,150
2023-04-23,04:00:00,Stage 4,Area 12,150
2023-04-23,06:00:00,Stage 3,Area 5,120
2023-04-23,06:00:00,Stage 3,Area 13,120
2023-04-23,06:00:00,Stage 3,Area 9,120
2023-04-23,08:00:00,Stage 3,Area 6,120
2023-04-23,08:00:00,Stage 3,Area 14,120
2023-04-23,08:00:00,Stage 3,Area 10,120
2023-04-23,10:00:00,Stage 3,Area 7,120
2023-04-23,10:00:00,Stage 3,Area 15,120
2023-04-23,10:00:00,Stage 3,Area 11,120
2023-04-23,12:00:00,Stage 3,Area 8,120
2023-04-23,12:00:00,Stage 3,Area 16,120
2023-04-23,12:00:00,Stage 3,Area 12,120
2023-04-23,14:00:00,Stage 3,Area 13,120
2023-04-23,14:00:00,Stage 3,Area 1,120
2023-04-23,14:00:00,Stage 3,Area 9,120
2023-04-23,16:00:00,Stage 4,Area 6,120
2023-04-23,16:00:00,Stage 4,Area 14,120
2023-04-23,16:00:00,Stage 4,Area 2,120
2023-04-23,16:00:00,Stage 4,Area 10,120
2023-04-23,18:00:00,Stage 4,Area 7,150
2023-04-23,18:00:00,Stage 4,Area 15,150
2023-04-23,18:00:00,Stage 4,Area 3,150
2023-04-23,18:00:00,Stage 4,Area 11,150
2023-04-23,20:00:00,Stage 4,Area 8,150
2023-04-23,20:00:00,Stage 4,Area 16,150
2023-04-23,20:00:00,Stage 4,Area 4,150
2023-04-23,20:00:00,Stage 4,Area 12,150
2023-04-23,22:00:00,Stage 4,Area 5,150
2023-04-23,22:00:00,Stage 4,Area 13,150
2023-04-23,22:00:00,Stage 4,Area 1,150
2023-04-23,22:00:00,Stage 4,Area 9,150
2023-04-24,00:00:00,Stage 4,Area 6,150
2023-04-24,00:00:00,Stage 4,Area 14,150
2023-04-24,00:00:00,Stage 4,Area 2,150
2023-04-24,00:00:00,Stage 4,Area 10,150
2023-04-24,02:00:00,Stage 4,Area 7,150
2023-04-24,02:00:00,Stage 4,Area 15,150
2023-04-24,02:00:00,Stage 4,Area 3,150
2023-04-24,02:00:00,Stage 4,Area 11,150
2023-04-24,04:00:00,Stage 4,Area 8,150
2023-04-24,04:00:00,Stage 4,Area 16,150
2023-04-24,04:00:00,Stage 4,Area 4,60
2023-04-24,04:00:00,Stage 4,Area 12,60
2023-04-24,06:00:00,Stage 2,Area 1,120
2023-04-24,06:00:00,Stage 2,Area 9,120
2023-04-24,08:00:00,Stage 2,Area 2,120
2023-04-24,08:00:00,Stage 2,Area 10,120
2023-04-24,10:00:00,Stage 2,Area 3,120
2023-04-24,10:00:00,Stage 2,Area 11,120
2023-04-24,12:00:00,Stage 2,Area 4,150
2023-04-24,12:00:00,Stage 2,Area 12,150
2023-04-24,14:00:00,Stage 2,Area 5,150
2023-04-24,14:00:00,Stage 2,Area 13,150
2023-04-24,16:00:00,Stage 4,Area 6,150
2023-04-24,16:00:00,Stage 4,Area 14,150
2023-04-24,16:00:00,Stage 4,Area 2,150
2023-04-24,16:00:00,Stage 4,Area 10,150
2023-04-24,18:00:00,Stage 4,Area 7,150
2023-04-24,18:00:00,Stage 4,Area 15,150
2023-04-24,18:00:00,Stage 4,Area 3,150
2023-04-24,18:00:00,Stage 4,Area 11,150
2023-04-24,20:00:00,Stage 4,Area 8,150
2023-04-24,20:00:00,Stage 4,Area 16,150
2023-04-24,20:00:00,Stage 4,Area 4,150
2023-04-24,20:00:00,Stage 4,Area 12,150
2023-04-24,22:00:00,Stage 6,Area 5,150
2023-04-24,22:00:00,Stage 6,Area 13,150
2023-04-24,22:00:00,Stage 6,Area 1,150
2023-04-24,22:00:00,Stage 6,Area 2,150
2023-04-24,22:00:00,Stage 6,Area 9,150
2023-04-24,22:00:00,Stage 6,Area 10,150
2023-04-25,00:00:00,Stage 6,Area 7,150
2023-04-25,00:00:00,Stage 6,Area 15,150
2023-04-25,00:00:00,Stage 6,Area 3,120
2023-04-25,00:00:00,Stage 6,Area 4,120
2023-04-25,00:00:00,Stage 6,Area 11,150
2023-04-25,00:00:00,Stage 6,Area 12,120
2023-04-25,02:00:00,Stage 6,Area 5,120
2023-04-25,02:00:00,Stage 6,Area 8,150
2023-04-25,02:00:00,Stage 6,Area 13,120
2023-04-25,02:00:00,Stage 6,Area 16,150
2023-04-25,02:00:00,Stage 6,Area 4,150
2023-04-25,02:00:00,Stage 6,Area 12,150
2023-04-25,04:00:00,Stage 6,Area 5,150
2023-04-25,04:00:00,Stage 6,Area 6,90
2023-04-25,04:00:00,Stage 6,Area 13,150
2023-04-25,04:00:00,Stage 6,Area 14,90
2023-04-25,04:00:00,Stage 6,Area 1,150
2023-04-25,04:00:00,Stage 6,Area 9,90
2023-04-25,06:00:00,Stage 3,Area 6,150
2023-04-25,06:00:00,Stage 3,Area 14,150
2023-04-25,06:00:00,Stage 3,Area 2,150
2023-04-25,08:00:00,Stage 3,Area 7,150
2023-04-25,08:00:00,Stage 3,Area 15,150
2023-04-25,08:00:00,Stage 3,Area 3,150
2023-04-25,10:00:00,Stage 3,Area 8,150
2023-04-25,10:00:00,Stage 3,Area 16,150
2023-04-25,10:00:00,Stage 3,Area 4,150
2023-04-25,12:00:00,Stage 3,Area 5,150
2023-04-25,12:00:00,Stage 3,Area 1,150
2023-04-25,12:00:00,Stage 3,Area 9,150
2023-04-25,14:00:00,Stage 3,Area 6,150
2023-04-25,14:00:00,Stage 3,Area 2,150
2023-04-25,14:00:00,Stage 3,Area 10,150
2023-04-25,16:00:00,Stage 4,Area 7,150
2023-04-25,16:00:00,Stage 4,Area 15,150
2023-04-25,16:00:00,Stage 4,Area 3,150
2023-04-25,16:00:00,Stage 4,Area 11,150
2023-04-25,18:00:00,Stage 4,Area 8,150
2023-04-25,18:00:00,Stage 4,Area 16,150
2023-04-25,18:00:00,Stage 4,Area 4,150
2023-04-25,18:00:00,Stage 4,Area 12,150
2023-04-25,20:00:00,Stage 4,Area 5,150
2023-04-25,20:00:00,Stage 4,Area 13,120
2023-04-25,20:00:00,Stage 4,Area 1,120
2023-04-25,20:00:00,Stage 4,Area 9,150
2023-04-25,22:00:00,Stage 6,Area 6,120
2023-04-25,22:00:00,Stage 6,Area 7,120
2023-04-25,22:00:00,Stage 6,Area 14,120
2023-04-25,22:00:00,Stage 6,Area 15,120
2023-04-25,22:00:00,Stage 6,Area 2,120
2023-04-25,22:00:00,Stage 6,Area 10,120
2023-04-26,00:00:00,Stage 6,Area 7,120
2023-04-26,00:00:00,Stage 6,Area 8,120
2023-04-26,00:00:00,Stage 6,Area 15,120
2023-04-26,00:00:00,Stage 6,Area 16,120
2023-04-26,00:00:00,Stage 6,Area 3,120
2023-04-26,00:00:00,Stage 6,Area 11,120
2023-04-26,02:00:00,Stage 6,Area 8,120
2023-04-26,02:00:00,Stage 6,Area 16,120
2023-04-26,02:00:00,Stage 6,Area 1,120
2023-04-26,02:00:00,Stage 6,Area 4,120
2023-04-26,02:00:00,Stage 6,Area 9,120
2023-04-26,02:00:00,Stage 6,Area 12,120
2023-04-26,04:00:00,Stage 6,Area 5,60
2023-04-26,04:00:00,Stage 6,Area 13,60
2023-04-26,04:00:00,Stage 6,Area 1,60
2023-04-26,04:00:00,Stage 6,Area 2,60
2023-04-26,04:00:00,Stage 6,Area 9,120
2023-04-26,04:00:00,Stage 6,Area 10,60
2023-04-26,06:00:00,Stage 2,Area 2,150
2023-04-26,06:00:00,Stage 2,Area 10,150
2023-04-26,08:00:00,Stage 2,Area 3,150
2023-04-26,08:00:00,Stage 2,Area 11,150
2023-04-26,10:00:00,Stage 2,Area 4,150
2023-04-26,10:00:00,Stage 2,Area 12,150
2023-04-26,12:00:00,Stage 2,Area 5,150
2023-04-26,12:00:00,Stage 2,Area 13,150
2023-04-26,14:00:00,Stage 2,Area 6,150
2023-04-26,14:00:00,Stage 2,Area 14,150
2023-04-26,16:00:00,Stage 2,Area 7,150
2023-04-26,16:00:00,Stage 2,Area 15,150
2023-04-26,18:00:00,Stage 2,Area 8,150
2023-04-26,18:00:00,Stage 2,Area 16,150
2023-04-26,20:00:00,Stage 4,Area 5,150
2023-04-26,20:00:00,Stage 4,Area 13,150
2023-04-26,20:00:00,Stage 4,Area 1,150
2023-04-26,20:00:00,Stage 4,Area 9,150
2023-04-26,22:00:00,Stage 4,Area 6,120
2023-04-26,22:00:00,Stage 4,Area 14,120
2023-04-26,22:00:00,Stage 4,Area 2,120
2023-04-26,22:00:00,Stage 4,Area 10,120
2023-04-27,00:00:00,Stage 4,Area 7,120
2023-04-27,00:00:00,Stage 4,Area 15,120
2023-04-27,00:00:00,Stage 4,Area 3,120
2023-04-27,00:00:00,Stage 4,Area 11,120
2023-04-27,02:00:00,Stage 4,Area 8,120
2023-04-27,02:00:00,Stage 4,Area 16,120
2023-04-27,02:00:00,Stage 4,Area 4,120
2023-04-27,02:00:00,Stage 4,Area 12,120
2023-04-27,04:00:00,Stage 4,Area 5,60
2023-04-27,04:00:00,Stage 4,Area 13,120
2023-04-27,04:00:00,Stage 4,Area 1,20
2023-04-27,04:00:00,Stage 4,Area 9,20
2023-04-27,06:00:00,Stage 1,Area 14,150
2023-04-27,08:00:00,Stage 1,Area 15,150
2023-04-27,10:00:00,Stage 1,Area 16,150
2023-04-27,12:00:00,Stage 1,Area 1,150
2023-04-27,14:00:00,Stage 1,Area 2,150
2023-04-27,16:00:00,Stage 2,Area 3,150
2023-04-27,16:00:00,Stage 2,Area 11,150
2023-04-27,18:00:00,Stage 2,Area 4,150
2023-04-27,18:00:00,Stage 2,Area 12,150
2023-04-27,20:00:00,Stage 4,Area 5,120
2023-04-27,20:00:00,Stage 4,Area 13,120
2023-04-27,20:00:00,Stage 4,Area 1,120
2023-04-27,20:00:00,Stage 4,Area 9,120
2023-04-27,22:00:00,Stage 4,Area 6,120
2023-04-27,22:00:00,Stage 4,Area 14,120
2023-04-27,22:00:00,Stage 4,Area 2,120
2023-04-27,22:00:00,Stage 4,Area 10,120
2023-04-28,00:00:00,Stage 4,Area 7,120
2023-04-28,00:00:00,Stage 4,Area 15,120
2023-04-28,00:00:00,Stage 4,Area 3,120
2023-04-28,00:00:00,Stage 4,Area 11,120
2023-04-28,02:00:00,Stage 4,Area 8,120
2023-04-28,02:00:00,Stage 4,Area 16,120
2023-04-28,02:00:00,Stage 4,Area 4,120
2023-04-28,02:00:00,Stage 4,Area 12,120
2023-04-28,04:00:00,Stage 4,Area 5,60
2023-04-28,04:00:00,Stage 4,Area 13,60
2023-04-28,04:00:00,Stage 4,Area 1,120
2023-04-28,04:00:00,Stage 4,Area 9,120
2023-04-28,06:00:00,Stage 2,Area 6,150
2023-04-28,06:00:00,Stage 2,Area 2,150
2023-04-28,08:00:00,Stage 2,Area 3,150
2023-04-28,08:00:00,Stage 2,Area 11,120
2023-04-28,10:00:00,Stage 2,Area 4,150
2023-04-28,10:00:00,Stage 2,Area 12,150
2023-04-28,12:00:00,Stage 2,Area 5,150
2023-04-28,12:00:00,Stage 2,Area 13,150
2023-04-28,14:00:00,Stage 2,Area 6,150
2023-04-28,14:00:00,Stage 2,Area 14,150
2023-04-28,16:00:00,Stage 2,Area 7,150
2023-04-28,16:00:00,Stage 2,Area 15,150
2023-04-28,18:00:00,Stage 2,Area 8,150
2023-04-28,18:00:00,Stage 2,Area 16,120
2023-04-28,20:00:00,Stage 4,Area 5,150
2023-04-28,20:00:00,Stage 4,Area 13,150
2023-04-28,20:00:00,Stage 4,Area 1,150
2023-04-28,20:00:00,Stage 4,Area 9,150
2023-04-28,22:00:00,Stage 4,Area 6,120
2023-04-28,22:00:00,Stage 4,Area 14,120
2023-04-28,22:00:00,Stage 4,Area 2,120
2023-04-28,22:00:00,Stage 4,Area 10,120
2023-04-29,00:00:00,Stage 4,Area 8,150
2023-04-29,00:00:00,Stage 4,Area 16,150
2023-04-29,00:00:00,Stage 4,Area 4,150
2023-04-29,00:00:00,Stage 4,Area 12,150
2023-04-29,02:00:00,Stage 4,Area 5,150
2023-04-29,02:00:00,Stage 4,Area 13,150
2023-04-29,02:00:00,Stage 4,Area 1,150
2023-04-29,02:00:00,Stage 4,Area 9,150
2023-04-29,04:00:00,Stage 4,Area 6,150
2023-04-29,04:00:00,Stage 4,Area 14,150
2023-04-29,04:00:00,Stage 4,Area 2,150
2023-04-29,04:00:00,Stage 4,Area 10,150
2023-04-29,06:00:00,Stage 3,Area 7,150
2023-04-29,06:00:00,Stage 3,Area 15,150
2023-04-29,06:00:00,Stage 3,Area 3,150
2023-04-29,08:00:00,Stage 3,Area 8,150
2023-04-29,08:00:00,Stage 3,Area 16,150
2023-04-29,08:00:00,Stage 3,Area 4,150
2023-04-29,10:00:00,Stage 3,Area 5,150
2023-04-29,10:00:00,Stage 3,Area 1,150
2023-04-29,10:00:00,Stage 3,Area 9,150
2023-04-29,12:00:00,Stage 3,Area 6,150
2023-04-29,12:00:00,Stage 3,Area 2,150
2023-04-29,12:00:00,Stage 3,Area 10,150
2023-04-29,14:00:00,Stage 3,Area 7,150
2023-04-29,14:00:00,Stage 3,Area 3,150
2023-04-29,14:00:00,Stage 3,Area 11,150
2023-04-29,16:00:00,Stage 4,Area 8,137
2023-04-29,16:00:00,Stage 4,Area 16,150
2023-04-29,16:00:00,Stage 4,Area 4,150
2023-04-29,16:00:00,Stage 4,Area 12,150
2023-04-29,18:00:00,Stage 4,Area 5,150
2023-04-29,18:00:00,Stage 4,Area 13,150
2023-04-29,18:00:00,Stage 4,Area 1,150
2023-04-29,18:00:00,Stage 4,Area 9,150
2023-04-29,20:00:00,Stage 4,Area 6,150
2023-04-29,20:00:00,Stage 4,Area 14,150
2023-04-29,20:00:00,Stage 4,Area 2,150
2023-04-29,20:00:00,Stage 4,Area 10,150
2023-04-29,22:00:00,Stage 4,Area 7,102
2023-04-29,22:00:00,Stage 4,Area 15,120
2023-04-29,22:00:00,Stage 4,Area 3,102
2023-04-29,22:00:00,Stage 4,Area 11,104
2023-04-30,00:00:00,Stage 1,Area 16,150
2023-04-30,02:00:00,Stage 1,Area 1,150
2023-04-30,04:00:00,Stage 1,Area 2,150
2023-04-30,06:00:00,Stage 1,Area 3,150
2023-04-30,08:00:00,Stage 1,Area 4,150
2023-04-30,10:00:00,Stage 1,Area 5,150
2023-04-30,12:00:00,Stage 1,Area 6,150
2023-04-30,14:00:00,Stage 1,Area 7,150
2023-04-30,16:00:00,Stage 3,Area 8,150
2023-04-30,16:00:00,Stage 3,Area 16,150
2023-04-30,16:00:00,Stage 3,Area 4,150
2023-04-30,18:00:00,Stage 3,Area 5,150
2023-04-30,18:00:00,Stage 3,Area 1,150
2023-04-30,18:00:00,Stage 3,Area 9,150
2023-04-30,20:00:00,Stage 3,Area 6,150
2023-04-30,20:00:00,Stage 3,Area 2,150
2023-04-30,20:00:00,Stage 3,Area 10,150
2023-04-30,22:00:00,Stage 3,Area 7,120
2023-04-30,22:00:00,Stage 3,Area 3,120
2023-04-30,22:00:00,Stage 3,Area 11,120
2023-05-01,00:00:00,Stage 3,Area 13,150
2023-05-01,00:00:00,Stage 3,Area 1,150
2023-05-01,00:00:00,Stage 3,Area 9,150
2023-05-01,02:00:00,Stage 3,Area 14,150
2023-05-01,02:00:00,Stage 3,Area 2,150
2023-05-01,02:00:00,Stage 3,Area 10,150
2023-05-01,04:00:00,Stage 3,Area 15,60
2023-05-01,04:00:00,Stage 3,Area 3,60
2023-05-01,04:00:00,Stage 3,Area 11,60
2023-05-01,16:00:00,Stage 1,Area 9,150
2023-05-01,18:00:00,Stage 1,Area 10,150
2023-05-01,20:00:00,Stage 3,Area 7,150
2023-05-01,20:00:00,Stage 3,Area 3,150
2023-05-01,20:00:00,Stage 3,Area 11,150
2023-05-01,22:00:00,Stage 3,Area 8,120
2023-05-01,22:00:00,Stage 3,Area 4,120
2023-05-01,22:00:00,Stage 3,Area 12,120
2023-05-02,00:00:00,Stage 3,Area 5,150
2023-05-02,00:00:00,Stage 3,Area 13,150
2023-05-02,00:00:00,Stage 3,Area 9,150
2023-05-02,02:00:00,Stage 3,Area 6,150
2023-05-02,02:00:00,Stage 3,Area 14,150
2023-05-02,02:00:00,Stage 3,Area 10,150
2023-05-02,04:00:00,Stage 3,Area 7,150
2023-05-02,04:00:00,Stage 3,Area 15,150
2023-05-02,04:00:00,Stage 3,Area 11,150
2023-05-02,06:00:00,Stage 3,Area 8,150
2023-05-02,06:00:00,Stage 3,Area 16,150
2023-05-02,06:00:00,Stage 3,Area 12,150
2023-05-02,08:00:00,Stage 3,Area 13,120
2023-05-02,08:00:00,Stage 3,Area 1,125
2023-05-02,08:00:00,Stage 3,Area 9,120
2023-05-02,10:00:00,Stage 3,Area 14,120
2023-05-02,10:00:00,Stage 3,Area 2,125
2023-05-02,10:00:00,Stage 3,Area 10,135
2023-05-02,12:00:00,Stage 3,Area 15,120
2023-05-02,12:00:00,Stage 3,Area 3,125
2023-05-02,12:00:00,Stage 3,Area 11,130
2023-05-02,14:00:00,Stage 3,Area 16,120
2023-05-02,14:00:00,Stage 3,Area 4,120
2023-05-02,14:00:00,Stage 3,Area 12,120
2023-05-02,16:00:00,Stage 4,Area 5,150
2023-05-02,16:00:00,Stage 4,Area 13,150
2023-05-02,16:00:00,Stage 4,Area 1,150
2023-05-02,16:00:00,Stage 4,Area 9,150
2023-05-02,18:00:00,Stage 4,Area 6,150
2023-05-02,18:00:00,Stage 4,Area 14,150
2023-05-02,18:00:00,Stage 4,Area 2,150
2023-05-02,18:00:00,Stage 4,Area 10,150
2023-05-02,20:00:00,Stage 6,Area 7,120
2023-05-02,20:00:00,Stage 6,Area 8,120
2023-05-02,20:00:00,Stage 6,Area 15,120
2023-05-02,20:00:00,Stage 6,Area 16,120
2023-05-02,20:00:00,Stage 6,Area 3,120
2023-05-02,20:00:00,Stage 6,Area 11,120
2023-05-02,22:00:00,Stage 6,Area 8,120
2023-05-02,22:00:00,Stage 6,Area 16,120
2023-05-02,22:00:00,Stage 6,Area 1,120
2023-05-02,22:00:00,Stage 6,Area 4,150
2023-05-02,22:00:00,Stage 6,Area 9,120
2023-05-02,22:00:00,Stage 6,Area 12,120
2023-05-03,00:00:00,Stage 6,Area 5,150
2023-05-03,00:00:00,Stage 6,Area 13,150
2023-05-03,00:00:00,Stage 6,Area 1,120
2023-05-03,00:00:00,Stage 6,Area 2,120
2023-05-03,00:00:00,Stage 6,Area 9,120
2023-05-03,00:00:00,Stage 6,Area 10,120
2023-05-03,02:00:00,Stage 6,Area 6,150
2023-05-03,02:00:00,Stage 6,Area 14,150
2023-05-03,02:00:00,Stage 6,Area 2,150
2023-05-03,02:00:00,Stage 6,Area 3,120
2023-05-03,02:00:00,Stage 6,Area 10,150
2023-05-03,02:00:00,Stage 6,Area 11,120
2023-05-03,04:00:00,Stage 6,Area 7,150
2023-05-03,04:00:00,Stage 6,Area 15,60
2023-05-03,04:00:00,Stage 6,Area 3,150
2023-05-03,04:00:00,Stage 6,Area 4,70
2023-05-03,04:00:00,Stage 6,Area 11,150
2023-05-03,04:00:00,Stage 6,Area 12,60
2023-05-03,06:00:00,Stage 3,Area 8,150
2023-05-03,06:00:00,Stage 3,Area 4,120
2023-05-03,06:00:00,Stage 3,Area 12,150
2023-05-03,08:00:00,Stage 3,Area 5,120
2023-05-03,08:00:00,Stage 3,Area 13,120
2023-05-03,08:00:00,Stage 3,Area 9,120
2023-05-03,10:00:00,Stage 3,Area 6,150
2023-05-03,10:00:00,Stage 3,Area 14,120
2023-05-03,10:00:00,Stage 3,Area 10,150
2023-05-03,12:00:00,Stage 3,Area 7,150
2023-05-03,12:00:00,Stage 3,Area 15,150
2023-05-03,12:00:00,Stage 3,Area 11,150
2023-05-03,14:00:00,Stage 3,Area 8,152
2023-05-03,14:00:00,Stage 3,Area 16,150
2023-05-03,14:00:00,Stage 3,Area 12,150
2023-05-03,16:00:00,Stage 4,Area 5,150
2023-05-03,16:00:00,Stage 4,Area 13,150
2023-05-03,16:00:00,Stage 4,Area 1,150
2023-05-03,16:00:00,Stage 4,Area 9,150
2023-05-03,18:00:00,Stage 4,Area 6,120
2023-05-03,18:00:00,Stage 4,Area 14,120
2023-05-03,18:00:00,Stage 4,Area 2,120
2023-05-03,18:00:00,Stage 4,Area 10,120
2023-05-03,20:00:00,Stage 6,Area 7,120
2023-05-03,20:00:00,Stage 6,Area 15,120
2023-05-03,20:00:00,Stage 6,Area 3,120
2023-05-03,20:00:00,Stage 6,Area 4,120
2023-05-03,20:00:00,Stage 6,Area 11,120
2023-05-03,20:00:00,Stage 6,Area 12,120
2023-05-03,22:00:00,Stage 6,Area 5,120
2023-05-03,22:00:00,Stage 6,Area 8,120
2023-05-03,22:00:00,Stage 6,Area 13,120
2023-05-03,22:00:00,Stage 6,Area 16,120
2023-05-03,22:00:00,Stage 6,Area 4,120
2023-05-03,22:00:00,Stage 6,Area 12,120
2023-05-04,00:00:00,Stage 6,Area 5,120
2023-05-04,00:00:00,Stage 6,Area 6,120
2023-05-04,00:00:00,Stage 6,Area 13,120
2023-05-04,00:00:00,Stage 6,Area 14,120
2023-05-04,00:00:00,Stage 6,Area 1,120
2023-05-04,00:00:00,Stage 6,Area 9,120
2023-05-04,02:00:00,Stage 6,Area 6,120
2023-05-04,02:00:00,Stage 6,Area 7,120
2023-05-04,02:00:00,Stage 6,Area 14,120
2023-05-04,02:00:00,Stage 6,Area 15,120
2023-05-04,02:00:00,Stage 6,Area 2,120
2023-05-04,02:00:00,Stage 6,Area 10,120
2023-05-04,04:00:00,Stage 6,Area 7,120
2023-05-04,04:00:00,Stage 6,Area 8,60
2023-05-04,04:00:00,Stage 6,Area 15,120
2023-05-04,04:00:00,Stage 6,Area 16,60
2023-05-04,04:00:00,Stage 6,Area 3,120
2023-05-04,04:00:00,Stage 6,Area 11,60
2023-05-04,06:00:00,Stage 3,Area 8,120
2023-05-04,06:00:00,Stage 3,Area 16,120
2023-05-04,06:00:00,Stage 3,Area 4,120
2023-05-04,08:00:00,Stage 3,Area 5,120
2023-05-04,08:00:00,Stage 3,Area 1,120
2023-05-04,08:00:00,Stage 3,Area 9,120
2023-05-04,10:00:00,Stage 3,Area 6,120
2023-05-04,10:00:00,Stage 3,Area 2,120
2023-05-04,10:00:00,Stage 3,Area 10,120
2023-05-04,12:00:00,Stage 3,Area 7,150
2023-05-04,12:00:00,Stage 3,Area 3,150
2023-05-04,12:00:00,Stage 3,Area 11,150
2023-05-04,14:00:00,Stage 3,Area 8,150
2023-05-04,14:00:00,Stage 3,Area 4,150
2023-05-04,14:00:00,Stage 3,Area 12,150
2023-05-04,16:00:00,Stage 4,Area 5,150
2023-05-04,16:00:00,Stage 4,Area 13,150
2023-05-04,16:00:00,Stage 4,Area 1,150
2023-05-04,16:00:00,Stage 4,Area 9,150
2023-05-04,18:00:00,Stage 4,Area 6,120
2023-05-04,18:00:00,Stage 4,Area 14,120
2023-05-04,18:00:00,Stage 4,Area 2,120
2023-05-04,18:00:00,Stage 4,Area 10,120
2023-05-04,20:00:00,Stage 4,Area 7,135
2023-05-04,20:00:00,Stage 4,Area 15,135
2023-05-04,20:00:00,Stage 4,Area 3,130
2023-05-04,20:00:00,Stage 4,Area 11,130
2023-05-04,22:00:00,Stage 6,Area 8,150
2023-05-04,22:00:00,Stage 6,Area 16,150
2023-05-04,22:00:00,Stage 6,Area 1,150
2023-05-04,22:00:00,Stage 6,Area 4,150
2023-05-04,22:00:00,Stage 6,Area 9,150
2023-05-04,22:00:00,Stage 6,Area 12,150
2023-05-05,00:00:00,Stage 6,Area 6,150
2023-05-05,00:00:00,Stage 6,Area 14,150
2023-05-05,00:00:00,Stage 6,Area 2,150
2023-05-05,00:00:00,Stage 6,Area 3,120
2023-05-05,00:00:00,Stage 6,Area 10,150
2023-05-05,00:00:00,Stage 6,Area 11,120
2023-05-05,02:00:00,Stage 6,Area 7,150
2023-05-05,02:00:00,Stage 6,Area 15,150
2023-05-05,02:00:00,Stage 6,Area 3,150
2023-05-05,02:00:00,Stage 6,Area 4,120
2023-05-05,02:00:00,Stage 6,Area 11,150
2023-05-05,02:00:00,Stage 6,Area 12,120
2023-05-05,04:00:00,Stage 6,Area 5,60
2023-05-05,04:00:00,Stage 6,Area 8,60
2023-05-05,04:00:00,Stage 6,Area 13,60
2023-05-05,04:00:00,Stage 6,Area 16,150
2023-05-05,04:00:00,Stage 6,Area 4,150
2023-05-05,04:00:00,Stage 6,Area 12,150
2023-05-05,06:00:00,Stage 3,Area 5,120
2023-05-05,06:00:00,Stage 3,Area 13,120
2023-05-05,06:00:00,Stage 3,Area 1,120
2023-05-05,08:00:00,Stage 3,Area 6,120
2023-05-05,08:00:00,Stage 3,Area 14,120
2023-05-05,08:00:00,Stage 3,Area 2,120
2023-05-05,10:00:00,Stage 3,Area 7,120
2023-05-05,10:00:00,Stage 3,Area 15,120
2023-05-05,10:00:00,Stage 3,Area 3,120
2023-05-05,12:00:00,Stage 3,Area 8,120
2023-05-05,12:00:00,Stage 3,Area 16,120
2023-05-05,12:00:00,Stage 3,Area 4,120
2023-05-05,14:00:00,Stage 3,Area 5,150
2023-05-05,14:00:00,Stage 3,Area 1,150
2023-05-05,14:00:00,Stage 3,Area 9,150
2023-05-05,16:00:00,Stage 3,Area 6,150
2023-05-05,16:00:00,Stage 3,Area 2,150
2023-05-05,16:00:00,Stage 3,Area 10,150
2023-05-05,18:00:00,Stage 3,Area 7,150
2023-05-05,18:00:00,Stage 3,Area 3,150
2023-05-05,18:00:00,Stage 3,Area 11,150
2023-05-05,20:00:00,Stage 3,Area 8,150
2023-05-05,20:00:00,Stage 3,Area 4,150
2023-05-05,20:00:00,Stage 3,Area 12,150
2023-05-05,22:00:00,Stage 5,Area 5,150
2023-05-05,22:00:00,Stage 5,Area 13,150
2023-05-05,22:00:00,Stage 5,Area 14,150
2023-05-05,22:00:00,Stage 5,Area 1,120
2023-05-05,22:00:00,Stage 5,Area 9,150
2023-05-06,00:00:00,Stage 5,Area 6,150
2023-05-06,00:00:00,Stage 5,Area 14,120
2023-05-06,00:00:00,Stage 5,Area 15,150
2023-05-06,00:00:00,Stage 5,Area 2,150
2023-05-06,00:00:00,Stage 5,Area 10,150
2023-05-06,02:00:00,Stage 5,Area 7,150
2023-05-06,02:00:00,Stage 5,Area 15,150
2023-05-06,02:00:00,Stage 5,Area 16,120
2023-05-06,02:00:00,Stage 5,Area 3,150
2023-05-06,02:00:00,Stage 5,Area 11,150
2023-05-06,04:00:00,Stage 5,Area 8,150
2023-05-06,04:00:00,Stage 5,Area 16,120
2023-05-06,04:00:00,Stage 5,Area 1,60
2023-05-06,04:00:00,Stage 5,Area 4,150
2023-05-06,04:00:00,Stage 5,Area 12,150
2023-05-06,06:00:00,Stage 4,Area 5,150
2023-05-06,06:00:00,Stage 4,Area 13,150
2023-05-06,06:00:00,Stage 4,Area 1,150
2023-05-06,06:00:00,Stage 4,Area 9,150
2023-05-06,08:00:00,Stage 4,Area 6,150
2023-05-06,08:00:00,Stage 4,Area 14,150
2023-05-06,08:00:00,Stage 4,Area 2,150
2023-05-06,08:00:00,Stage 4,Area 10,150
2023-05-06,10:00:00,Stage 4,Area 7,150
2023-05-06,10:00:00,Stage 4,Area 15,150
2023-05-06,10:00:00,Stage 4,Area 3,150
2023-05-06,10:00:00,Stage 4,Area 11,150
2023-05-06,12:00:00,Stage 4,Area 8,150
2023-05-06,12:00:00,Stage 4,Area 16,150
2023-05-06,12:00:00,Stage 4,Area 4,150
2023-05-06,12:00:00,Stage 4,Area 12,150
2023-05-06,14:00:00,Stage 4,Area 5,150
2023-05-06,14:00:00,Stage 4,Area 13,150
2023-05-06,14:00:00,Stage 4,Area 1,150
2023-05-06,14:00:00,Stage 4,Area 9,150
2023-05-06,16:00:00,Stage 5,Area 6,150
2023-05-06,16:00:00,Stage 5,Area 7,120
2023-05-06,16:00:00,Stage 5,Area 14,150
2023-05-06,16:00:00,Stage 5,Area 2,150
2023-05-06,16:00:00,Stage 5,Area 10,150
2023-05-06,18:00:00,Stage 5,Area 7,150
2023-05-06,18:00:00,Stage 5,Area 8,120
2023-05-06,18:00:00,Stage 5,Area 15,150
2023-05-06,18:00:00,Stage 5,Area 3,150
2023-05-06,18:00:00,Stage 5,Area 11,150
2023-05-06,20:00:00,Stage 5,Area 8,150
2023-05-06,20:00:00,Stage 5,Area 16,150
2023-05-06,20:00:00,Stage 5,Area 4,150
2023-05-06,20:00:00,Stage 5,Area 9,120
2023-05-06,20:00:00,Stage 5,Area 12,150
2023-05-06,22:00:00,Stage 5,Area 5,150
2023-05-06,22:00:00,Stage 5,Area 13,150
2023-05-06,22:00:00,Stage 5,Area 1,150
2023-05-06,22:00:00,Stage 5,Area 9,150
2023-05-06,22:00:00,Stage 5,Area 10,150
2023-05-07,00:00:00,Stage 5,Area 6,150
2023-05-07,00:00:00,Stage 5,Area 14,150
2023-05-07,00:00:00,Stage 5,Area 2,150
2023-05-07,00:00:00,Stage 5,Area 10,150
2023-05-07,00:00:00,Stage 5,Area 11,120
2023-05-07,02:00:00,Stage 5,Area 7,150
2023-05-07,02:00:00,Stage 5,Area 15,150
2023-05-07,02:00:00,Stage 5,Area 3,150
2023-05-07,02:00:00,Stage 5,Area 11,150
2023-05-07,02:00:00,Stage 5,Area 12,120
2023-05-07,04:00:00,Stage 5,Area 8,150
2023-05-07,04:00:00,Stage 5,Area 13,120
2023-05-07,04:00:00,Stage 5,Area 16,150
2023-05-07,04:00:00,Stage 5,Area 4,150
2023-05-07,04:00:00,Stage 5,Area 12,120
2023-05-07,06:00:00,Stage 5,Area 5,150
2023-05-07,06:00:00,Stage 5,Area 13,150
2023-05-07,06:00:00,Stage 5,Area 14,120
2023-05-07,06:00:00,Stage 5,Area 1,150
2023-05-07,06:00:00,Stage 5,Area 9,150
2023-05-07,08:00:00,Stage 5,Area 6,150
2023-05-07,08:00:00,Stage 5,Area 14,150
2023-05-07,08:00:00,Stage 5,Area 15,120
2023-05-07,08:00:00,Stage 5,Area 2,150
2023-05-07,08:00:00,Stage 5,Area 10,150
2023-05-07,10:00:00,Stage 5,Area 7,150
2023-05-07,10:00:00,Stage 5,Area 15,150
2023-05-07,10:00:00,Stage 5,Area 16,120
2023-05-07,10:00:00,Stage 5,Area 3,150
2023-05-07,10:00:00,Stage 5,Area 11,150
2023-05-07,12:00:00,Stage 5,Area 8,150
2023-05-07,12:00:00,Stage 5,Area 16,150
2023-05-07,12:00:00,Stage 5,Area 1,120
2023-05-07,12:00:00,Stage 5,Area 4,150
2023-05-07,12:00:00,Stage 5,Area 12,120
2023-05-07,14:00:00,Stage 5,Area 5,150
2023-05-07,14:00:00,Stage 5,Area 13,120
2023-05-07,14:00:00,Stage 5,Area 1,150
2023-05-07,14:00:00,Stage 5,Area 2,120
2023-05-07,14:00:00,Stage 5,Area 9,150
2023-05-07,16:00:00,Stage 6,Area 6,150
2023-05-07,16:00:00,Stage 6,Area 14,120
2023-05-07,16:00:00,Stage 6,Area 2,120
2023-05-07,16:00:00,Stage 6,Area 3,120
2023-05-07,16:00:00,Stage 6,Area 10,120
2023-05-07,16:00:00,Stage 6,Area 11,120
2023-05-07,18:00:00,Stage 6,Area 7,120
2023-05-07,18:00:00,Stage 6,Area 15,120
2023-05-07,18:00:00,Stage 6,Area 3,150
2023-05-07,18:00:00,Stage 6,Area 4,120
2023-05-07,18:00:00,Stage 6,Area 11,120
2023-05-07,18:00:00,Stage 6,Area 12,120
2023-05-07,20:00:00,Stage 6,Area 5,120
2023-05-07,20:00:00,Stage 6,Area 8,120
2023-05-07,20:00:00,Stage 6,Area 13,120
2023-05-07,20:00:00,Stage 6,Area 16,120
2023-05-07,20:00:00,Stage 6,Area 4,120
2023-05-07,20:00:00,Stage 6,Area 12,120
2023-05-07,22:00:00,Stage 6,Area 5,120
2023-05-07,22:00:00,Stage 6,Area 6,120
2023-05-07,22:00:00,Stage 6,Area 13,120
2023-05-07,22:00:00,Stage 6,Area 14,120
2023-05-07,22:00:00,Stage 6,Area 1,120
2023-05-07,22:00:00,Stage 6,Area 9,120
2023-05-08,00:00:00,Stage 6,Area 6,120
2023-05-08,00:00:00,Stage 6,Area 7,120
2023-05-08,00:00:00,Stage 6,Area 14,120
2023-05-08,00:00:00,Stage 6,Area 15,120
2023-05-08,00:00:00,Stage 6,Area 2,120
2023-05-08,00:00:00,Stage 6,Area 10,120
2023-05-08,02:00:00,Stage 6,Area 7,120
2023-05-08,02:00:00,Stage 6,Area 8,120
2023-05-08,02:00:00,Stage 6,Area 15,120
2023-05-08,02:00:00,Stage 6,Area 16,120
2023-05-08,02:00:00,Stage 6,Area 3,120
2023-05-08,02:00:00,Stage 6,Area 11,120
2023-05-08,04:00:00,Stage 6,Area 8,120
2023-05-08,04:00:00,Stage 6,Area 16,120
2023-05-08,04:00:00,Stage 6,Area 1,60
2023-05-08,04:00:00,Stage 6,Area 4,120
2023-05-08,04:00:00,Stage 6,Area 9,120
2023-05-08,04:00:00,Stage 6,Area 12,120
2023-05-08,06:00:00,Stage 5,Area 5,120
2023-05-08,06:00:00,Stage 5,Area 13,120
2023-05-08,06:00:00,Stage 5,Area 1,120
2023-05-08,06:00:00,Stage 5,Area 9,120
2023-05-08,06:00:00,Stage 5,Area 10,120
2023-05-08,08:00:00,Stage 5,Area 6,120
2023-05-08,08:00:00,Stage 5,Area 14,120
2023-05-08,08:00:00,Stage 5,Area 2,120
2023-05-08,08:00:00,Stage 5,Area 10,120
2023-05-08,08:00:00,Stage 5,Area 11,120
2023-05-08,10:00:00,Stage 5,Area 7,120
2023-05-08,10:00:00,Stage 5,Area 15,120
2023-05-08,10:00:00,Stage 5,Area 3,120
2023-05-08,10:00:00,Stage 5,Area 11,120
2023-05-08,10:00:00,Stage 5,Area 12,120
2023-05-08,12:00:00,Stage 5,Area 8,120
2023-05-08,12:00:00,Stage 5,Area 13,120
2023-05-08,12:00:00,Stage 5,Area 16,120
2023-05-08,12:00:00,Stage 5,Area 4,120
2023-05-08,12:00:00,Stage 5,Area 12,120
2023-05-08,14:00:00,Stage 5,Area 5,120
2023-05-08,14:00:00,Stage 5,Area 13,120
2023-05-08,14:00:00,Stage 5,Area 14,120
2023-05-08,14:00:00,Stage 5,Area 1,120
2023-05-08,14:00:00,Stage 5,Area 9,120
2023-05-08,16:00:00,Stage 4,Area 6,120
2023-05-08,16:00:00,Stage 4,Area 14,120
2023-05-08,16:00:00,Stage 4,Area 2,120
2023-05-08,16:00:00,Stage 4,Area 10,120
2023-05-08,18:00:00,Stage 4,Area 7,120
2023-05-08,18:00:00,Stage 4,Area 15,120
2023-05-08,18:00:00,Stage 4,Area 3,120
2023-05-08,18:00:00,Stage 4,Area 11,120
2023-05-08,20:00:00,Stage 4,Area 8,120
2023-05-08,20:00:00,Stage 4,Area 16,120
2023-05-08,20:00:00,Stage 4,Area 4,120
2023-05-08,20:00:00,Stage 4,Area 12,120
2023-05-08,22:00:00,Stage 6,Area 5,120
2023-05-08,22:00:00,Stage 6,Area 13,120
2023-05-08,22:00:00,Stage 6,Area 1,120
2023-05-08,22:00:00,Stage 6,Area 2,120
2023-05-08,22:00:00,Stage 6,Area 9,120
2023-05-08,22:00:00,Stage 6,Area 10,120
2023-05-09,00:00:00,Stage 6,Area 7,120
2023-05-09,00:00:00,Stage 6,Area 15,120
2023-05-09,00:00:00,Stage 6,Area 3,120
2023-05-09,00:00:00,Stage 6,Area 4,120
2023-05-09,00:00:00,Stage 6,Area 11,120
2023-05-09,00:00:00,Stage 6,Area 12,120
2023-05-09,02:00:00,Stage 6,Area 5,120
2023-05-09,02:00:00,Stage 6,Area 8,120
2023-05-09,02:00:00,Stage 6,Area 13,120
2023-05-09,02:00:00,Stage 6,Area 16,120
2023-05-09,02:00:00,Stage 6,Area 4,120
2023-05-09,02:00:00,Stage 6,Area 12,120
2023-05-09,04:00:00,Stage 5,Area 5,120
2023-05-09,04:00:00,Stage 5,Area 6,120
2023-05-09,04:00:00,Stage 5,Area 14,60
2023-05-09,04:00:00,Stage 5,Area 1,120
2023-05-09,04:00:00,Stage 5,Area 9,120
2023-05-09,06:00:00,Stage 5,Area 6,120
2023-05-09,06:00:00,Stage 5,Area 7,120
2023-05-09,06:00:00,Stage 5,Area 14,150
2023-05-09,06:00:00,Stage 5,Area 2,150
2023-05-09,06:00:00,Stage 5,Area 10,150
2023-05-09,08:00:00,Stage 5,Area 7,150
2023-05-09,08:00:00,Stage 5,Area 8,120
2023-05-09,08:00:00,Stage 5,Area 15,150
2023-05-09,08:00:00,Stage 5,Area 3,150
2023-05-09,08:00:00,Stage 5,Area 11,150
2023-05-09,10:00:00,Stage 5,Area 8,150
2023-05-09,10:00:00,Stage 5,Area 16,120
2023-05-09,10:00:00,Stage 5,Area 4,120
2023-05-09,10:00:00,Stage 5,Area 9,120
2023-05-09,10:00:00,Stage 5,Area 12,150
2023-05-09,12:00:00,Stage 5,Area 5,150
2023-05-09,12:00:00,Stage 5,Area 13,150
2023-05-09,12:00:00,Stage 5,Area 1,150
2023-05-09,12:00:00,Stage 5,Area 9,120
2023-05-09,12:00:00,Stage 5,Area 10,120
2023-05-09,14:00:00,Stage 5,Area 6,150
2023-05-09,14:00:00,Stage 5,Area 14,150
2023-05-09,14:00:00,Stage 5,Area 2,150
2023-05-09,14:00:00,Stage 5,Area 10,120
2023-05-09,14:00:00,Stage 5,Area 11,120
2023-05-09,16:00:00,Stage 4,Area 7,150
2023-05-09,16:00:00,Stage 4,Area 15,150
2023-05-09,16:00:00,Stage 4,Area 3,150
2023-05-09,16:00:00,Stage 4,Area 11,150
2023-05-09,18:00:00,Stage 4,Area 8,150
2023-05-09,18:00:00,Stage 4,Area 16,150
2023-05-09,18:00:00,Stage 4,Area 4,150
2023-05-09,18:00:00,Stage 4,Area 12,150
2023-05-09,20:00:00,Stage 4,Area 5,150
2023-05-09,20:00:00,Stage 4,Area 13,150
2023-05-09,20:00:00,Stage 4,Area 1,150
2023-05-09,20:00:00,Stage 4,Area 9,150
2023-05-09,22:00:00,Stage 6,Area 6,120
2023-05-09,22:00:00,Stage 6,Area 7,120
2023-05-09,22:00:00,Stage 6,Area 14,120
2023-05-09,22:00:00,Stage 6,Area 15,120
2023-05-09,22:00:00,Stage 6,Area 2,120
2023-05-09,22:00:00,Stage 6,Area 10,120
2023-05-10,00:00:00,Stage 6,Area 7,120
2023-05-10,00:00:00,Stage 6,Area 8,120
2023-05-10,00:00:00,Stage 6,Area 15,120
2023-05-10,00:00:00,Stage 6,Area 16,120
2023-05-10,00:00:00,Stage 6,Area 3,150
2023-05-10,00:00:00,Stage 6,Area 11,150
2023-05-10,02:00:00,Stage 6,Area 8,150
2023-05-10,02:00:00,Stage 6,Area 16,150
2023-05-10,02:00:00,Stage 6,Area 1,120
2023-05-10,02:00:00,Stage 6,Area 4,150
2023-05-10,02:00:00,Stage 6,Area 9,120
2023-05-10,02:00:00,Stage 6,Area 12,150
2023-05-10,04:00:00,Stage 6,Area 5,150
2023-05-10,04:00:00,Stage 6,Area 13,150
2023-05-10,04:00:00,Stage 6,Area 1,150
2023-05-10,04:00:00,Stage 6,Area 2,120
2023-05-10,04:00:00,Stage 6,Area 9,150
2023-05-10,04:00:00,Stage 6,Area 10,60
2023-05-10,06:00:00,Stage 5,Area 6,150
2023-05-10,06:00:00,Stage 5,Area 14,150
2023-05-10,06:00:00,Stage 5,Area 2,150
2023-05-10,06:00:00,Stage 5,Area 3,150
2023-05-10,06:00:00,Stage 5,Area 10,150
2023-05-10,08:00:00,Stage 5,Area 7,150
2023-05-10,08:00:00,Stage 5,Area 15,150
2023-05-10,08:00:00,Stage 5,Area 2,120
2023-05-10,08:00:00,Stage 5,Area 4,120
2023-05-10,08:00:00,Stage 5,Area 11,150
2023-05-10,10:00:00,Stage 5,Area 5,120
2023-05-10,10:00:00,Stage 5,Area 8,120
2023-05-10,10:00:00,Stage 5,Area 16,150
2023-05-10,10:00:00,Stage 5,Area 4,150
2023-05-10,10:00:00,Stage 5,Area 12,150
2023-05-10,12:00:00,Stage 5,Area 5,120
2023-05-10,12:00:00,Stage 5,Area 6,120
2023-05-10,12:00:00,Stage 5,Area 13,120
2023-05-10,12:00:00,Stage 5,Area 1,120
2023-05-10,12:00:00,Stage 5,Area 9,120
2023-05-10,14:00:00,Stage 5,Area 6,120
2023-05-10,14:00:00,Stage 5,Area 7,120
2023-05-10,14:00:00,Stage 5,Area 14,120
2023-05-10,14:00:00,Stage 5,Area 2,120
2023-05-10,14:00:00,Stage 5,Area 10,120
2023-05-10,16:00:00,Stage 4,Area 7,120
2023-05-10,16:00:00,Stage 4,Area 15,120
2023-05-10,16:00:00,Stage 4,Area 3,120
2023-05-10,16:00:00,Stage 4,Area 11,120
2023-05-10,18:00:00,Stage 4,Area 8,120
2023-05-10,18:00:00,Stage 4,Area 16,224
2023-05-10,18:00:00,Stage 4,Area 4,150
2023-05-10,18:00:00,Stage 4,Area 12,120
2023-05-10,20:00:00,Stage 4,Area 5,150
2023-05-10,20:00:00,Stage 4,Area 13,150
2023-05-10,20:00:00,Stage 4,Area 1,150
2023-05-10,20:00:00,Stage 4,Area 9,150
2023-05-10,22:00:00,Stage 6,Area 6,120
2023-05-10,22:00:00,Stage 6,Area 14,120
2023-05-10,22:00:00,Stage 6,Area 2,120
2023-05-10,22:00:00,Stage 6,Area 3,120
2023-05-10,22:00:00,Stage 6,Area 10,120
2023-05-10,22:00:00,Stage 6,Area 11,120
2023-05-11,00:00:00,Stage 6,Area 7,120
2023-05-11,00:00:00,Stage 6,Area 15,120
2023-05-11,00:00:00,Stage 6,Area 3,120
2023-05-11,00:00:00,Stage 6,Area 4,120
2023-05-11,00:00:00,Stage 6,Area 11,120
2023-05-11,00:00:00,Stage 6,Area 12,120
2023-05-11,04:00:00,Stage 6,Area 5,150
2023-05-11,04:00:00,Stage 6,Area 6,60
2023-05-11,04:00:00,Stage 6,Area 13,150
2023-05-11,04:00:00,Stage 6,Area 14,120
2023-05-11,04:00:00,Stage 6,Area 1,150
2023-05-11,04:00:00,Stage 6,Area 9,150
2023-05-11,06:00:00,Stage 5,Area 6,150
2023-05-11,06:00:00,Stage 5,Area 14,150
2023-05-11,06:00:00,Stage 5,Area 15,120
2023-05-11,06:00:00,Stage 5,Area 2,150
2023-05-11,06:00:00,Stage 5,Area 10,150
2023-05-11,08:00:00,Stage 5,Area 7,150
2023-05-11,08:00:00,Stage 5,Area 15,150
2023-05-11,08:00:00,Stage 5,Area 16,120
2023-05-11,08:00:00,Stage 5,Area 3,150
2023-05-11,08:00:00,Stage 5,Area 11,150
2023-05-11,10:00:00,Stage 5,Area 8,150
2023-05-11,10:00:00,Stage 5,Area 16,150
2023-05-11,10:00:00,Stage 5,Area 1,120
2023-05-11,10:00:00,Stage 5,Area 4,150
2023-05-11,10:00:00,Stage 5,Area 12,150
2023-05-11,12:00:00,Stage 5,Area 5,120
2023-05-11,12:00:00,Stage 5,Area 13,120
2023-05-11,12:00:00,Stage 5,Area 1,150
2023-05-11,12:00:00,Stage 5,Area 2,120
2023-05-11,12:00:00,Stage 5,Area 9,120
2023-05-11,14:00:00,Stage 5,Area 6,120
2023-05-11,14:00:00,Stage 5,Area 14,120
2023-05-11,14:00:00,Stage 5,Area 2,120
2023-05-11,14:00:00,Stage 5,Area 3,120
2023-05-11,14:00:00,Stage 5,Area 10,120
2023-05-11,16:00:00,Stage 4,Area 7,120
2023-05-11,16:00:00,Stage 4,Area 15,120
2023-05-11,16:00:00,Stage 4,Area 3,120
2023-05-11,16:00:00,Stage 4,Area 11,120
2023-05-11,18:00:00,Stage 4,Area 8,150
2023-05-11,18:00:00,Stage 4,Area 16,150
2023-05-11,18:00:00,Stage 4,Area 4,150
2023-05-11,18:00:00,Stage 4,Area 12,150
2023-05-11,20:00:00,Stage 6,Area 5,150
2023-05-11,20:00:00,Stage 6,Area 6,120
2023-05-11,20:00:00,Stage 6,Area 13,120
2023-05-11,20:00:00,Stage 6,Area 14,120
2023-05-11,20:00:00,Stage 6,Area 1,150
2023-05-11,20:00:00,Stage 6,Area 9,150
2023-05-11,22:00:00,Stage 6,Area 6,120
2023-05-11,22:00:00,Stage 6,Area 7,120
2023-05-11,22:00:00,Stage 6,Area 14,120
2023-05-11,22:00:00,Stage 6,Area 15,120
2023-05-11,22:00:00,Stage 6,Area 2,120
2023-05-11,22:00:00,Stage 6,Area 10,120
2023-05-12,00:00:00,Stage 6,Area 7,120
2023-05-12,00:00:00,Stage 6,Area 8,120
2023-05-12,00:00:00,Stage 6,Area 15,120
2023-05-12,00:00:00,Stage 6,Area 16,120
2023-05-12,00:00:00,Stage 6,Area 3,150
2023-05-12,00:00:00,Stage 6,Area 11,150
2023-05-12,02:00:00,Stage 6,Area 8,150
2023-05-12,02:00:00,Stage 6,Area 16,150
2023-05-12,02:00:00,Stage 6,Area 1,120
2023-05-12,02:00:00,Stage 6,Area 4,150
2023-05-12,02:00:00,Stage 6,Area 9,120
2023-05-12,02:00:00,Stage 6,Area 12,150
2023-05-12,04:00:00,Stage 6,Area 5,150
2023-05-12,04:00:00,Stage 6,Area 13,150
2023-05-12,04:00:00,Stage 6,Area 1,150
2023-05-12,04:00:00,Stage 6,Area 2,60
2023-05-12,04:00:00,Stage 6,Area 9,150
2023-05-12,04:00:00,Stage 6,Area 10,120
2023-05-12,06:00:00,Stage 5,Area 6,120
2023-05-12,06:00:00,Stage 5,Area 14,120
2023-05-12,06:00:00,Stage 5,Area 2,120
2023-05-12,06:00:00,Stage 5,Area 10,120
2023-05-12,06:00:00,Stage 5,Area 11,120
2023-05-12,08:00:00,Stage 5,Area 7,120
2023-05-12,08:00:00,Stage 5,Area 15,120
2023-05-12,08:00:00,Stage 5,Area 3,120
2023-05-12,08:00:00,Stage 5,Area 11,120
2023-05-12,08:00:00,Stage 5,Area 12,120
2023-05-12,10:00:00,Stage 5,Area 8,120
2023-05-12,10:00:00,Stage 5,Area 13,120
2023-05-12,10:00:00,Stage 5,Area 16,120
2023-05-12,10:00:00,Stage 5,Area 4,120
2023-05-12,10:00:00,Stage 5,Area 12,120
2023-05-12,12:00:00,Stage 5,Area 5,120
2023-05-12,12:00:00,Stage 5,Area 13,120
2023-05-12,12:00:00,Stage 5,Area 14,120
2023-05-12,12:00:00,Stage 5,Area 1,120
2023-05-12,12:00:00,Stage 5,Area 9,150
2023-05-12,14:00:00,Stage 5,Area 6,120
2023-05-12,14:00:00,Stage 5,Area 14,120
2023-05-12,14:00:00,Stage 5,Area 15,120
2023-05-12,14:00:00,Stage 5,Area 2,120
2023-05-12,14:00:00,Stage 5,Area 10,120
2023-05-12,16:00:00,Stage 4,Area 7,120
2023-05-12,16:00:00,Stage 4,Area 15,120
2023-05-12,16:00:00,Stage 4,Area 3,120
2023-05-12,16:00:00,Stage 4,Area 11,120
2023-05-12,18:00:00,Stage 4,Area 8,120
2023-05-12,18:00:00,Stage 4,Area 16,120
2023-05-12,18:00:00,Stage 4,Area 4,120
2023-05-12,18:00:00,Stage 4,Area 12,120
2023-05-12,20:00:00,Stage 6,Area 5,120
2023-05-12,20:00:00,Stage 6,Area 13,150
2023-05-12,20:00:00,Stage 6,Area 1,120
2023-05-12,20:00:00,Stage 6,Area 2,120
2023-05-12,20:00:00,Stage 6,Area 9,150
2023-05-12,20:00:00,Stage 6,Area 10,120
2023-05-12,22:00:00,Stage 6,Area 6,150
2023-05-12,22:00:00,Stage 6,Area 14,150
2023-05-12,22:00:00,Stage 6,Area 2,120
2023-05-12,22:00:00,Stage 6,Area 3,150
2023-05-12,22:00:00,Stage 6,Area 10,120
2023-05-12,22:00:00,Stage 6,Area 11,150
2023-05-12,22:00:00,Stage 6,Area 11,150
2023-05-13,00:00:00,Stage 6,Area 8,150
2023-05-13,00:00:00,Stage 6,Area 16,150
2023-05-13,00:00:00,Stage 6,Area 1,120
2023-05-13,00:00:00,Stage 6,Area 4,150
2023-05-13,00:00:00,Stage 6,Area 9,76
2023-05-13,00:00:00,Stage 6,Area 12,150
2023-05-13,02:00:00,Stage 4,Area 5,150
2023-05-13,02:00:00,Stage 4,Area 13,150
2023-05-13,02:00:00,Stage 4,Area 1,150
2023-05-13,02:00:00,Stage 4,Area 2,33
2023-05-13,04:00:00,Stage 2,Area 6,150
2023-05-13,04:00:00,Stage 2,Area 14,150
2023-05-13,06:00:00,Stage 3,Area 7,150
2023-05-13,06:00:00,Stage 3,Area 15,150
2023-05-13,06:00:00,Stage 3,Area 3,150
2023-05-13,08:00:00,Stage 3,Area 8,150
2023-05-13,08:00:00,Stage 3,Area 16,150
2023-05-13,08:00:00,Stage 3,Area 4,150
2023-05-13,10:00:00,Stage 3,Area 5,150
2023-05-13,10:00:00,Stage 3,Area 1,150
2023-05-13,10:00:00,Stage 3,Area 9,150
2023-05-13,12:00:00,Stage 3,Area 6,150
2023-05-13,12:00:00,Stage 3,Area 2,150
2023-05-13,12:00:00,Stage 3,Area 10,150
2023-05-13,14:00:00,Stage 3,Area 7,120
2023-05-13,14:00:00,Stage 3,Area 3,120
2023-05-13,14:00:00,Stage 3,Area 11,120
2023-05-13,16:00:00,Stage 5,Area 8,120
2023-05-13,16:00:00,Stage 5,Area 16,120
2023-05-13,16:00:00,Stage 5,Area 4,120
2023-05-13,16:00:00,Stage 5,Area 9,120
2023-05-13,16:00:00,Stage 5,Area 12,120
2023-05-13,18:00:00,Stage 5,Area 5,150
2023-05-13,18:00:00,Stage 5,Area 13,150
2023-05-13,18:00:00,Stage 5,Area 1,150
2023-05-13,18:00:00,Stage 5,Area 9,120
2023-05-13,18:00:00,Stage 5,Area 10,120
2023-05-13,20:00:00,Stage 5,Area 6,120
2023-05-13,20:00:00,Stage 5,Area 14,150
2023-05-13,20:00:00,Stage 5,Area 2,150
2023-05-13,20:00:00,Stage 5,Area 10,150
2023-05-13,20:00:00,Stage 5,Area 11,120
2023-05-13,22:00:00,Stage 5,Area 7,150
2023-05-13,22:00:00,Stage 5,Area 15,150
2023-05-13,22:00:00,Stage 5,Area 3,150
2023-05-13,22:00:00,Stage 5,Area 11,150
2023-05-13,22:00:00,Stage 5,Area 12,50
2023-05-14,00:00:00,Stage 2,Area 8,41
2023-05-14,00:00:00,Stage 2,Area 16,60
2023-05-14,02:00:00,Stage 1,Area 9,150
2023-05-14,08:00:00,Stage 3,Area 16,120
2023-05-14,08:00:00,Stage 3,Area 4,120
2023-05-14,08:00:00,Stage 3,Area 12,120
2023-05-14,10:00:00,Stage 3,Area 5,120
2023-05-14,10:00:00,Stage 3,Area 13,120
2023-05-14,10:00:00,Stage 3,Area 1,150
2023-05-14,12:00:00,Stage 3,Area 6,120
2023-05-14,12:00:00,Stage 3,Area 14,120
2023-05-14,12:00:00,Stage 3,Area 2,150
2023-05-14,14:00:00,Stage 3,Area 7,120
2023-05-14,14:00:00,Stage 3,Area 15,120
2023-05-14,14:00:00,Stage 3,Area 3,120
2023-05-14,16:00:00,Stage 6,Area 5,120
2023-05-14,16:00:00,Stage 6,Area 8,120
2023-05-14,16:00:00,Stage 6,Area 13,120
2023-05-14,16:00:00,Stage 6,Area 16,120
2023-05-14,16:00:00,Stage 6,Area 4,120
2023-05-14,16:00:00,Stage 6,Area 12,120
2023-05-14,18:00:00,Stage 6,Area 5,150
2023-05-14,18:00:00,Stage 6,Area 6,120
2023-05-14,18:00:00,Stage 6,Area 13,150
2023-05-14,18:00:00,Stage 6,Area 14,120
2023-05-14,18:00:00,Stage 6,Area 1,150
2023-05-14,18:00:00,Stage 6,Area 9,150
2023-05-14,20:00:00,Stage 6,Area 6,150
2023-05-14,20:00:00,Stage 6,Area 7,70
2023-05-14,20:00:00,Stage 6,Area 14,150
2023-05-14,20:00:00,Stage 6,Area 15,70
2023-05-14,20:00:00,Stage 6,Area 2,150
2023-05-14,20:00:00,Stage 6,Area 10,120
2023-05-14,22:00:00,Stage 5,Area 7,71
2023-05-14,22:00:00,Stage 5,Area 15,71
2023-05-14,22:00:00,Stage 5,Area 3,150
2023-05-14,22:00:00,Stage 5,Area 10,120
2023-05-14,22:00:00,Stage 5,Area 11,120
2023-05-15,00:00:00,Stage 2,Area 4,150
2023-05-15,00:00:00,Stage 2,Area 12,160
2023-05-15,02:00:00,Stage 2,Area 5,150
2023-05-15,02:00:00,Stage 2,Area 13,150
2023-05-15,04:00:00,Stage 3,Area 6,90
2023-05-15,04:00:00,Stage 3,Area 14,150
2023-05-15,04:00:00,Stage 3,Area 10,90
2023-05-15,08:00:00,Stage 3,Area 8,150
2023-05-15,08:00:00,Stage 3,Area 16,150
2023-05-15,08:00:00,Stage 3,Area 12,150
2023-05-15,10:00:00,Stage 3,Area 13,150
2023-05-15,10:00:00,Stage 3,Area 1,150
2023-05-15,10:00:00,Stage 3,Area 9,150
2023-05-15,12:00:00,Stage 3,Area 14,150
2023-05-15,12:00:00,Stage 3,Area 2,150
2023-05-15,12:00:00,Stage 3,Area 10,150
2023-05-15,14:00:00,Stage 3,Area 15,150
2023-05-15,14:00:00,Stage 3,Area 3,120
2023-05-15,14:00:00,Stage 3,Area 11,120
2023-05-15,15:00:00,Stage 4,Area 7,90
2023-05-15,16:00:00,Stage 4,Area 8,150
2023-05-15,16:00:00,Stage 4,Area 16,150
2023-05-15,16:00:00,Stage 4,Area 4,150
2023-05-15,16:00:00,Stage 4,Area 12,150
2023-05-15,18:00:00,Stage 4,Area 5,150
2023-05-15,18:00:00,Stage 4,Area 13,150
2023-05-15,18:00:00,Stage 4,Area 1,150
2023-05-15,18:00:00,Stage 4,Area 9,150
2023-05-15,20:00:00,Stage 6,Area 6,150
2023-05-15,20:00:00,Stage 6,Area 14,150
2023-05-15,20:00:00,Stage 6,Area 2,150
2023-05-15,20:00:00,Stage 6,Area 3,120
2023-05-15,20:00:00,Stage 6,Area 10,150
2023-05-15,20:00:00,Stage 6,Area 11,120
2023-05-15,22:00:00,Stage 6,Area 7,150
2023-05-15,22:00:00,Stage 6,Area 15,150
2023-05-15,22:00:00,Stage 6,Area 3,150
2023-05-15,22:00:00,Stage 6,Area 4,120
2023-05-15,22:00:00,Stage 6,Area 11,150
2023-05-15,22:00:00,Stage 6,Area 12,120
2023-05-16,00:00:00,Stage 6,Area 5,120
2023-05-16,00:00:00,Stage 6,Area 8,150
2023-05-16,00:00:00,Stage 6,Area 13,120
2023-05-16,00:00:00,Stage 6,Area 16,150
2023-05-16,00:00:00,Stage 6,Area 4,120
2023-05-16,00:00:00,Stage 6,Area 12,120
2023-05-16,02:00:00,Stage 6,Area 5,150
2023-05-16,02:00:00,Stage 6,Area 6,120
2023-05-16,02:00:00,Stage 6,Area 13,150
2023-05-16,02:00:00,Stage 6,Area 14,120
2023-05-16,02:00:00,Stage 6,Area 1,150
2023-05-16,02:00:00,Stage 6,Area 9,150
2023-05-16,04:00:00,Stage 6,Area 6,150
2023-05-16,04:00:00,Stage 6,Area 7,90
2023-05-16,04:00:00,Stage 6,Area 14,150
2023-05-16,04:00:00,Stage 6,Area 15,90
2023-05-16,04:00:00,Stage 6,Area 2,150
2023-05-16,04:00:00,Stage 6,Area 10,150
2023-05-16,06:00:00,Stage 3,Area 7,120
2023-05-16,06:00:00,Stage 3,Area 3,120
2023-05-16,06:00:00,Stage 3,Area 11,120
2023-05-16,08:00:00,Stage 3,Area 8,120
2023-05-16,08:00:00,Stage 3,Area 4,120
2023-05-16,08:00:00,Stage 3,Area 12,120
2023-05-16,10:00:00,Stage 3,Area 5,120
2023-05-16,10:00:00,Stage 3,Area 13,120
2023-05-16,10:00:00,Stage 3,Area 9,120
2023-05-16,12:00:00,Stage 3,Area 6,120
2023-05-16,12:00:00,Stage 3,Area 14,120
2023-05-16,12:00:00,Stage 3,Area 10,120
2023-05-16,14:00:00,Stage 3,Area 7,120
2023-05-16,14:00:00,Stage 3,Area 15,150
2023-05-16,14:00:00,Stage 3,Area 11,150
2023-05-16,16:00:00,Stage 4,Area 8,150
2023-05-16,16:00:00,Stage 4,Area 16,150
2023-05-16,16:00:00,Stage 4,Area 4,150
2023-05-16,16:00:00,Stage 4,Area 12,150
2023-05-16,18:00:00,Stage 4,Area 5,150
2023-05-16,18:00:00,Stage 4,Area 13,150
2023-05-16,18:00:00,Stage 4,Area 1,150
2023-05-16,18:00:00,Stage 4,Area 9,150
2023-05-16,20:00:00,Stage 6,Area 6,120
2023-05-16,20:00:00,Stage 6,Area 7,120
2023-05-16,20:00:00,Stage 6,Area 14,120
2023-05-16,20:00:00,Stage 6,Area 15,120
2023-05-16,20:00:00,Stage 6,Area 2,120
2023-05-16,20:00:00,Stage 6,Area 10,120
2023-05-16,22:00:00,Stage 6,Area 7,120
2023-05-16,22:00:00,Stage 6,Area 8,120
2023-05-16,22:00:00,Stage 6,Area 15,120
2023-05-16,22:00:00,Stage 6,Area 16,120
2023-05-16,22:00:00,Stage 6,Area 3,120
2023-05-16,22:00:00,Stage 6,Area 11,120
2023-05-17,00:00:00,Stage 6,Area 5,120
2023-05-17,00:00:00,Stage 6,Area 13,120
2023-05-17,00:00:00,Stage 6,Area 1,120
2023-05-17,00:00:00,Stage 6,Area 2,120
2023-05-17,00:00:00,Stage 6,Area 9,120
2023-05-17,00:00:00,Stage 6,Area 10,120
2023-05-17,02:00:00,Stage 6,Area 6,150
2023-05-17,02:00:00,Stage 6,Area 14,150
2023-05-17,02:00:00,Stage 6,Area 2,120
2023-05-17,02:00:00,Stage 6,Area 3,120
2023-05-17,02:00:00,Stage 6,Area 10,120
2023-05-17,02:00:00,Stage 6,Area 11,120
2023-05-17,04:00:00,Stage 6,Area 7,60
2023-05-17,04:00:00,Stage 6,Area 15,150
2023-05-17,04:00:00,Stage 6,Area 3,150
2023-05-17,04:00:00,Stage 6,Area 4,60
2023-05-17,04:00:00,Stage 6,Area 11,150
2023-05-17,04:00:00,Stage 6,Area 12,60
2023-05-17,06:00:00,Stage 3,Area 16,120
2023-05-17,06:00:00,Stage 3,Area 4,120
2023-05-17,06:00:00,Stage 3,Area 12,120
2023-05-17,08:00:00,Stage 3,Area 5,120
2023-05-17,08:00:00,Stage 3,Area 13,120
2023-05-17,08:00:00,Stage 3,Area 1,120
2023-05-17,10:00:00,Stage 3,Area 6,120
2023-05-17,10:00:00,Stage 3,Area 14,120
2023-05-17,10:00:00,Stage 3,Area 2,120
2023-05-17,12:00:00,Stage 3,Area 7,120
2023-05-17,12:00:00,Stage 3,Area 15,120
2023-05-17,12:00:00,Stage 3,Area 3,120
2023-05-17,14:00:00,Stage 3,Area 8,120
2023-05-17,14:00:00,Stage 3,Area 16,120
2023-05-17,14:00:00,Stage 3,Area 4,120
2023-05-17,16:00:00,Stage 4,Area 5,120
2023-05-17,16:00:00,Stage 4,Area 13,120
2023-05-17,16:00:00,Stage 4,Area 1,120
2023-05-17,16:00:00,Stage 4,Area 9,120
2023-05-17,18:00:00,Stage 4,Area 6,120
2023-05-17,18:00:00,Stage 4,Area 14,120
2023-05-17,18:00:00,Stage 4,Area 2,120
2023-05-17,18:00:00,Stage 4,Area 10,120
2023-05-17,20:00:00,Stage 6,Area 7,120
2023-05-17,20:00:00,Stage 6,Area 15,120
2023-05-17,20:00:00,Stage 6,Area 3,120
2023-05-17,20:00:00,Stage 6,Area 4,120
2023-05-17,20:00:00,Stage 6,Area 11,120
2023-05-17,20:00:00,Stage 6,Area 12,120
2023-05-17,22:00:00,Stage 6,Area 5,120
2023-05-17,22:00:00,Stage 6,Area 8,120
2023-05-17,22:00:00,Stage 6,Area 13,120
2023-05-17,22:00:00,Stage 6,Area 16,120
2023-05-17,22:00:00,Stage 6,Area 4,120
2023-05-17,22:00:00,Stage 6,Area 12,120
2023-05-18,00:00:00,Stage 6,Area 5,120
2023-05-18,00:00:00,Stage 6,Area 6,120
2023-05-18,00:00:00,Stage 6,Area 13,120
2023-05-18,00:00:00,Stage 6,Area 14,120
2023-05-18,00:00:00,Stage 6,Area 1,120
2023-05-18,00:00:00,Stage 6,Area 9,120
2023-05-18,02:00:00,Stage 6,Area 6,120
2023-05-18,02:00:00,Stage 6,Area 7,120
2023-05-18,02:00:00,Stage 6,Area 14,120
2023-05-18,02:00:00,Stage 6,Area 15,120
2023-05-18,02:00:00,Stage 6,Area 2,120
2023-05-18,02:00:00,Stage 6,Area 10,120
2023-05-18,04:00:00,Stage 6,Area 7,120
2023-05-18,04:00:00,Stage 6,Area 8,60
2023-05-18,04:00:00,Stage 6,Area 15,120
2023-05-18,04:00:00,Stage 6,Area 16,60
2023-05-18,04:00:00,Stage 6,Area 3,60
2023-05-18,04:00:00,Stage 6,Area 11,120
2023-05-18,06:00:00,Stage 3,Area 8,120
2023-05-18,06:00:00,Stage 3,Area 16,120
2023-05-18,06:00:00,Stage 3,Area 12,120
2023-05-18,08:00:00,Stage 3,Area 13,120
2023-05-18,08:00:00,Stage 3,Area 1,120
2023-05-18,08:00:00,Stage 3,Area 9,120
2023-05-18,10:00:00,Stage 3,Area 14,120
2023-05-18,10:00:00,Stage 3,Area 2,120
2023-05-18,10:00:00,Stage 3,Area 10,120
2023-05-18,12:00:00,Stage 3,Area 15,120
2023-05-18,12:00:00,Stage 3,Area 3,120
2023-05-18,12:00:00,Stage 3,Area 11,120
2023-05-18,14:00:00,Stage 3,Area 16,120
2023-05-18,14:00:00,Stage 3,Area 4,120
2023-05-18,14:00:00,Stage 3,Area 12,120
2023-05-18,16:00:00,Stage 3,Area 5,120
2023-05-18,16:00:00,Stage 3,Area 13,120
2023-05-18,16:00:00,Stage 3,Area 1,120
2023-05-18,18:00:00,Stage 3,Area 6,120
2023-05-18,18:00:00,Stage 3,Area 14,120
2023-05-18,18:00:00,Stage 3,Area 2,120
2023-05-18,20:00:00,Stage 3,Area 7,150
2023-05-18,20:00:00,Stage 3,Area 15,150
2023-05-18,20:00:00,Stage 3,Area 3,120
2023-05-18,22:00:00,Stage 5,Area 8,120
2023-05-18,22:00:00,Stage 5,Area 16,120
2023-05-18,22:00:00,Stage 5,Area 4,120
2023-05-18,22:00:00,Stage 5,Area 9,120
2023-05-18,22:00:00,Stage 5,Area 12,120
2023-05-19,00:00:00,Stage 5,Area 5,150
2023-05-19,00:00:00,Stage 5,Area 13,150
2023-05-19,00:00:00,Stage 5,Area 1,150
2023-05-19,00:00:00,Stage 5,Area 9,150
2023-05-19,00:00:00,Stage 5,Area 10,120
2023-05-19,02:00:00,Stage 5,Area 6,150
2023-05-19,02:00:00,Stage 5,Area 14,150
2023-05-19,02:00:00,Stage 5,Area 2,150
2023-05-19,02:00:00,Stage 5,Area 10,150
2023-05-19,02:00:00,Stage 5,Area 11,120
2023-05-19,04:00:00,Stage 5,Area 7,150
2023-05-19,04:00:00,Stage 5,Area 15,60
2023-05-19,04:00:00,Stage 5,Area 3,150
2023-05-19,04:00:00,Stage 5,Area 11,150
2023-05-19,04:00:00,Stage 5,Area 12,60
2023-05-19,06:00:00,Stage 3,Area 8,120
2023-05-19,06:00:00,Stage 3,Area 4,120
2023-05-19,06:00:00,Stage 3,Area 12,120
2023-05-19,08:00:00,Stage 3,Area 5,150
2023-05-19,08:00:00,Stage 3,Area 13,150
2023-05-19,08:00:00,Stage 3,Area 9,150
2023-05-19,10:00:00,Stage 3,Area 6,150
2023-05-19,10:00:00,Stage 3,Area 14,150
2023-05-19,10:00:00,Stage 3,Area 10,150
2023-05-19,12:00:00,Stage 3,Area 7,150
2023-05-19,12:00:00,Stage 3,Area 15,150
2023-05-19,12:00:00,Stage 3,Area 11,150
2023-05-19,14:00:00,Stage 3,Area 8,135
2023-05-19,14:00:00,Stage 3,Area 16,130
2023-05-19,14:00:00,Stage 3,Area 12,130
2023-05-19,16:00:00,Stage 3,Area 13,150
2023-05-19,16:00:00,Stage 3,Area 1,150
2023-05-19,16:00:00,Stage 3,Area 9,150
2023-05-19,18:00:00,Stage 3,Area 14,120
2023-05-19,18:00:00,Stage 3,Area 2,120
2023-05-19,18:00:00,Stage 3,Area 10,120
2023-05-19,20:00:00,Stage 3,Area 15,120
2023-05-19,20:00:00,Stage 3,Area 3,120
2023-05-19,20:00:00,Stage 3,Area 11,120
2023-05-19,22:00:00,Stage 5,Area 5,120
2023-05-19,22:00:00,Stage 5,Area 8,120
2023-05-19,22:00:00,Stage 5,Area 16,120
2023-05-19,22:00:00,Stage 5,Area 4,120
2023-05-19,22:00:00,Stage 5,Area 12,120
2023-05-20,00:00:00,Stage 5,Area 5,120
2023-05-20,00:00:00,Stage 5,Area 6,120
2023-05-20,00:00:00,Stage 5,Area 13,120
2023-05-20,00:00:00,Stage 5,Area 1,120
2023-05-20,00:00:00,Stage 5,Area 9,120
2023-05-20,02:00:00,Stage 5,Area 6,120
2023-05-20,02:00:00,Stage 5,Area 7,38
2023-05-20,02:00:00,Stage 5,Area 14,120
2023-05-20,02:00:00,Stage 5,Area 2,120
2023-05-20,02:00:00,Stage 5,Area 10,38
2023-05-20,04:00:00,Stage 2,Area 15,120
2023-05-20,04:00:00,Stage 2,Area 3,120
2023-05-20,06:00:00,Stage 3,Area 8,150
2023-05-20,06:00:00,Stage 3,Area 16,150
2023-05-20,06:00:00,Stage 3,Area 4,150
2023-05-20,08:00:00,Stage 3,Area 5,150
2023-05-20,08:00:00,Stage 3,Area 1,150
2023-05-20,08:00:00,Stage 3,Area 9,150
2023-05-20,10:00:00,Stage 3,Area 6,150
2023-05-20,10:00:00,Stage 3,Area 2,150
2023-05-20,10:00:00,Stage 3,Area 10,150
2023-05-20,12:00:00,Stage 3,Area 7,150
2023-05-20,12:00:00,Stage 3,Area 3,150
2023-05-20,12:00:00,Stage 3,Area 11,150
2023-05-20,14:00:00,Stage 3,Area 8,150
2023-05-20,14:00:00,Stage 3,Area 4,150
2023-05-20,14:00:00,Stage 3,Area 12,150
2023-05-20,16:00:00,Stage 4,Area 5,150
2023-05-20,16:00:00,Stage 4,Area 13,150
2023-05-20,16:00:00,Stage 4,Area 1,150
2023-05-20,16:00:00,Stage 4,Area 9,150
2023-05-20,18:00:00,Stage 4,Area 6,120
2023-05-20,18:00:00,Stage 4,Area 14,150
2023-05-20,18:00:00,Stage 4,Area 2,120
2023-05-20,18:00:00,Stage 4,Area 10,150
2023-05-20,20:00:00,Stage 4,Area 7,120
2023-05-20,20:00:00,Stage 4,Area 15,120
2023-05-20,20:00:00,Stage 4,Area 3,120
2023-05-20,20:00:00,Stage 4,Area 11,120
2023-05-20,22:00:00,Stage 4,Area 8,65
2023-05-20,22:00:00,Stage 4,Area 16,120
2023-05-20,22:00:00,Stage 4,Area 4,65
2023-05-20,22:00:00,Stage 4,Area 12,65
2023-05-21,00:00:00,Stage 1,Area 2,105
2023-05-21,06:00:00,Stage 1,Area 5,150
2023-05-21,08:00:00,Stage 1,Area 6,150
2023-05-21,10:00:00,Stage 1,Area 7,150
2023-05-21,12:00:00,Stage 1,Area 8,150
2023-05-21,14:00:00,Stage 1,Area 9,150
2023-05-21,16:00:00,Stage 4,Area 6,150
2023-05-21,16:00:00,Stage 4,Area 14,150
2023-05-21,16:00:00,Stage 4,Area 2,150
2023-05-21,16:00:00,Stage 4,Area 10,150
2023-05-21,18:00:00,Stage 4,Area 7,150
2023-05-21,18:00:00,Stage 4,Area 15,150
2023-05-21,18:00:00,Stage 4,Area 3,150
2023-05-21,18:00:00,Stage 4,Area 11,150
2023-05-21,20:00:00,Stage 4,Area 8,120
2023-05-21,20:00:00,Stage 4,Area 16,120
2023-05-21,20:00:00,Stage 4,Area 4,120
2023-05-21,20:00:00,Stage 4,Area 12,120
2023-05-21,22:00:00,Stage 4,Area 5,60
2023-05-21,22:00:00,Stage 4,Area 13,60
2023-05-21,22:00:00,Stage 4,Area 1,120
2023-05-21,22:00:00,Stage 4,Area 9,60
2023-05-22,04:00:00,Stage 3,Area 8,120
2023-05-22,04:00:00,Stage 3,Area 16,120
2023-05-22,04:00:00,Stage 3,Area 12,60
2023-05-22,06:00:00,Stage 2,Area 1,150
2023-05-22,06:00:00,Stage 2,Area 9,150
2023-05-22,08:00:00,Stage 2,Area 2,150
2023-05-22,08:00:00,Stage 2,Area 10,150
2023-05-22,10:00:00,Stage 2,Area 3,150
2023-05-22,10:00:00,Stage 2,Area 11,150
2023-05-22,12:00:00,Stage 2,Area 4,150
2023-05-22,12:00:00,Stage 2,Area 12,150
2023-05-22,16:00:00,Stage 3,Area 6,150
2023-05-22,16:00:00,Stage 3,Area 14,150
2023-05-22,16:00:00,Stage 3,Area 2,150
2023-05-22,18:00:00,Stage 3,Area 7,150
2023-05-22,18:00:00,Stage 3,Area 15,150
2023-05-22,18:00:00,Stage 3,Area 3,150
2023-05-22,20:00:00,Stage 5,Area 8,120
2023-05-22,20:00:00,Stage 5,Area 16,120
2023-05-22,20:00:00,Stage 5,Area 4,120
2023-05-22,20:00:00,Stage 5,Area 9,120
2023-05-22,20:00:00,Stage 5,Area 12,120
2023-05-22,22:00:00,Stage 5,Area 5,120
2023-05-22,22:00:00,Stage 5,Area 13,120
2023-05-22,22:00:00,Stage 5,Area 1,120
2023-05-22,22:00:00,Stage 5,Area 9,120
2023-05-22,22:00:00,Stage 5,Area 10,120
2023-05-23,00:00:00,Stage 5,Area 6,120
2023-05-23,00:00:00,Stage 5,Area 14,120
2023-05-23,00:00:00,Stage 5,Area 2,120
2023-05-23,00:00:00,Stage 5,Area 10,120
2023-05-23,00:00:00,Stage 5,Area 11,120
2023-05-23,02:00:00,Stage 5,Area 7,120
2023-05-23,02:00:00,Stage 5,Area 15,120
2023-05-23,02:00:00,Stage 5,Area 3,120
2023-05-23,02:00:00,Stage 5,Area 11,120
2023-05-23,02:00:00,Stage 5,Area 12,240
2023-05-23,04:00:00,Stage 5,Area 8,120
2023-05-23,04:00:00,Stage 5,Area 13,60
2023-05-23,04:00:00,Stage 5,Area 16,60
2023-05-23,04:00:00,Stage 5,Area 4,120
2023-05-23,04:00:00,Stage 5,Area 12,120
2023-05-23,06:00:00,Stage 3,Area 5,150
2023-05-23,06:00:00,Stage 3,Area 13,120
2023-05-23,06:00:00,Stage 3,Area 9,120
2023-05-23,08:00:00,Stage 3,Area 6,120
2023-05-23,08:00:00,Stage 3,Area 14,120
2023-05-23,08:00:00,Stage 3,Area 10,120
2023-05-23,10:00:00,Stage 3,Area 7,120
2023-05-23,10:00:00,Stage 3,Area 15,120
2023-05-23,10:00:00,Stage 3,Area 11,120
2023-05-23,12:00:00,Stage 3,Area 8,120
2023-05-23,12:00:00,Stage 3,Area 16,120
2023-05-23,12:00:00,Stage 3,Area 12,120
2023-05-23,14:00:00,Stage 3,Area 13,120
2023-05-23,14:00:00,Stage 3,Area 1,120
2023-05-23,14:00:00,Stage 3,Area 9,120
2023-05-23,16:00:00,Stage 3,Area 14,150
2023-05-23,16:00:00,Stage 3,Area 2,150
2023-05-23,16:00:00,Stage 3,Area 10,150
2023-05-23,18:00:00,Stage 3,Area 15,150
2023-05-23,18:00:00,Stage 3,Area 3,150
2023-05-23,18:00:00,Stage 3,Area 11,150
2023-05-23,20:00:00,Stage 5,Area 5,150
2023-05-23,20:00:00,Stage 5,Area 8,150
2023-05-23,20:00:00,Stage 5,Area 16,150
2023-05-23,20:00:00,Stage 5,Area 4,150
2023-05-23,20:00:00,Stage 5,Area 12,150
2023-05-23,22:00:00,Stage 5,Area 5,120
2023-05-23,22:00:00,Stage 5,Area 6,150
2023-05-23,22:00:00,Stage 5,Area 13,150
2023-05-23,22:00:00,Stage 5,Area 1,150
2023-05-23,22:00:00,Stage 5,Area 9,150
2023-05-24,00:00:00,Stage 5,Area 6,150
2023-05-24,00:00:00,Stage 5,Area 7,120
2023-05-24,00:00:00,Stage 5,Area 14,150
2023-05-24,00:00:00,Stage 5,Area 2,150
2023-05-24,00:00:00,Stage 5,Area 10,150
2023-05-24,02:00:00,Stage 5,Area 7,150
2023-05-24,02:00:00,Stage 5,Area 8,120
2023-05-24,02:00:00,Stage 5,Area 15,150
2023-05-24,02:00:00,Stage 5,Area 3,150
2023-05-24,02:00:00,Stage 5,Area 11,150
2023-05-24,04:00:00,Stage 5,Area 8,150
2023-05-24,04:00:00,Stage 5,Area 16,150
2023-05-24,04:00:00,Stage 5,Area 4,150
2023-05-24,04:00:00,Stage 5,Area 9,60
2023-05-24,04:00:00,Stage 5,Area 12,60
2023-05-24,06:00:00,Stage 3,Area 5,150
2023-05-24,06:00:00,Stage 3,Area 1,150
2023-05-24,06:00:00,Stage 3,Area 9,150
2023-05-24,08:00:00,Stage 3,Area 6,120
2023-05-24,08:00:00,Stage 3,Area 2,120
2023-05-24,08:00:00,Stage 3,Area 10,120
2023-05-24,10:00:00,Stage 3,Area 7,120
2023-05-24,10:00:00,Stage 3,Area 3,120
2023-05-24,10:00:00,Stage 3,Area 11,120
2023-05-24,12:00:00,Stage 3,Area 8,120
2023-05-24,12:00:00,Stage 3,Area 4,120
2023-05-24,12:00:00,Stage 3,Area 12,120
2023-05-24,14:00:00,Stage 3,Area 5,120
2023-05-24,14:00:00,Stage 3,Area 13,120
2023-05-24,14:00:00,Stage 3,Area 9,120
2023-05-24,16:00:00,Stage 3,Area 6,150
2023-05-24,16:00:00,Stage 3,Area 14,150
2023-05-24,16:00:00,Stage 3,Area 10,150
2023-05-24,18:00:00,Stage 3,Area 7,150
2023-05-24,18:00:00,Stage 3,Area 15,150
2023-05-24,18:00:00,Stage 3,Area 11,150
2023-05-24,20:00:00,Stage 5,Area 8,150
2023-05-24,20:00:00,Stage 5,Area 16,150
2023-05-24,20:00:00,Stage 5,Area 1,120
2023-05-24,20:00:00,Stage 5,Area 4,150
2023-05-24,20:00:00,Stage 5,Area 12,150
2023-05-24,22:00:00,Stage 5,Area 5,150
2023-05-24,22:00:00,Stage 5,Area 13,150
2023-05-24,22:00:00,Stage 5,Area 1,120
2023-05-24,22:00:00,Stage 5,Area 2,150
2023-05-24,22:00:00,Stage 5,Area 9,150
2023-05-25,00:00:00,Stage 4,Area 7,150
2023-05-25,00:00:00,Stage 4,Area 15,150
2023-05-25,00:00:00,Stage 4,Area 3,150
2023-05-25,00:00:00,Stage 4,Area 11,150
2023-05-25,02:00:00,Stage 4,Area 8,150
2023-05-25,02:00:00,Stage 4,Area 16,150
2023-05-25,02:00:00,Stage 4,Area 4,150
2023-05-25,02:00:00,Stage 4,Area 12,150
2023-05-25,04:00:00,Stage 4,Area 5,150
2023-05-25,04:00:00,Stage 4,Area 13,150
2023-05-25,04:00:00,Stage 4,Area 1,150
2023-05-25,04:00:00,Stage 4,Area 9,90
2023-05-25,06:00:00,Stage 3,Area 6,150
2023-05-25,06:00:00,Stage 3,Area 14,150
2023-05-25,06:00:00,Stage 3,Area 2,150
2023-05-25,08:00:00,Stage 3,Area 7,120
2023-05-25,08:00:00,Stage 3,Area 15,120
2023-05-25,08:00:00,Stage 3,Area 3,120
2023-05-25,10:00:00,Stage 3,Area 8,120
2023-05-25,10:00:00,Stage 3,Area 16,120
2023-05-25,10:00:00,Stage 3,Area 4,120
2023-05-25,12:00:00,Stage 3,Area 5,120
2023-05-25,12:00:00,Stage 3,Area 1,120
2023-05-25,12:00:00,Stage 3,Area 9,120
2023-05-25,14:00:00,Stage 2,Area 6,120
2023-05-25,14:00:00,Stage 2,Area 10,120
2023-05-25,16:00:00,Stage 3,Area 7,120
2023-05-25,16:00:00,Stage 3,Area 3,120
2023-05-25,16:00:00,Stage 3,Area 11,120
2023-05-25,18:00:00,Stage 3,Area 8,120
2023-05-25,18:00:00,Stage 3,Area 4,120
2023-05-25,18:00:00,Stage 3,Area 12,120
2023-05-25,20:00:00,Stage 3,Area 5,120
2023-05-25,20:00:00,Stage 3,Area 13,120
2023-05-25,20:00:00,Stage 3,Area 9,120
2023-05-25,22:00:00,Stage 4,Area 6,150
2023-05-25,22:00:00,Stage 4,Area 15,90
2023-05-25,22:00:00,Stage 4,Area 2,150
2023-05-25,22:00:00,Stage 4,Area 10,150
2023-05-25,00:00:00,Stage 4,Area 7,150
2023-05-25,00:00:00,Stage 4,Area 15,150
2023-05-25,00:00:00,Stage 4,Area 3,150
2023-05-25,00:00:00,Stage 4,Area 11,150
2023-05-25,02:00:00,Stage 4,Area 8,150
2023-05-25,02:00:00,Stage 4,Area 16,150
2023-05-25,02:00:00,Stage 4,Area 4,150
2023-05-25,02:00:00,Stage 4,Area 12,150
2023-05-25,04:00:00,Stage 4,Area 5,150
2023-05-25,04:00:00,Stage 4,Area 13,150
2023-05-25,04:00:00,Stage 4,Area 1,150
2023-05-25,04:00:00,Stage 4,Area 9,90
2023-05-25,06:00:00,Stage 3,Area 6,150
2023-05-25,06:00:00,Stage 3,Area 14,150
2023-05-25,06:00:00,Stage 3,Area 2,150
2023-05-25,08:00:00,Stage 3,Area 7,120
2023-05-25,08:00:00,Stage 3,Area 15,120
2023-05-25,08:00:00,Stage 3,Area 3,120
2023-05-25,10:00:00,Stage 3,Area 8,120
2023-05-25,10:00:00,Stage 3,Area 16,120
2023-05-25,10:00:00,Stage 3,Area 4,120
2023-05-25,12:00:00,Stage 3,Area 5,120
2023-05-25,12:00:00,Stage 3,Area 1,120
2023-05-25,12:00:00,Stage 3,Area 9,120
2023-05-25,14:00:00,Stage 2,Area 6,120
2023-05-25,14:00:00,Stage 2,Area 10,120
2023-05-25,16:00:00,Stage 3,Area 7,120
2023-05-25,16:00:00,Stage 3,Area 3,120
2023-05-25,16:00:00,Stage 3,Area 11,120
2023-05-25,18:00:00,Stage 3,Area 8,120
2023-05-25,18:00:00,Stage 3,Area 4,120
2023-05-25,18:00:00,Stage 3,Area 12,120
2023-05-25,20:00:00,Stage 3,Area 5,120
2023-05-25,20:00:00,Stage 3,Area 13,120
2023-05-25,20:00:00,Stage 3,Area 9,120
2023-05-25,22:00:00,Stage 5,Area 6,150
2023-05-25,22:00:00,Stage 5,Area 14,115
2023-05-25,22:00:00,Stage 5,Area 15,90
2023-05-25,22:00:00,Stage 5,Area 2,150
2023-05-25,22:00:00,Stage 5,Area 10,150
2023-05-26,00:00:00,Stage 4,Area 7,150
2023-05-26,00:00:00,Stage 4,Area 15,150
2023-05-26,00:00:00,Stage 4,Area 3,150
2023-05-26,00:00:00,Stage 4,Area 11,150
2023-05-26,02:00:00,Stage 4,Area 8,150
2023-05-26,02:00:00,Stage 4,Area 16,150
2023-05-26,02:00:00,Stage 4,Area 4,150
2023-05-26,02:00:00,Stage 4,Area 12,150
2023-05-26,04:00:00,Stage 4,Area 5,90
2023-05-26,04:00:00,Stage 4,Area 13,150
2023-05-26,04:00:00,Stage 4,Area 1,150
2023-05-26,04:00:00,Stage 4,Area 9,150
2023-05-26,06:00:00,Stage 3,Area 14,150
2023-05-26,06:00:00,Stage 3,Area 2,150
2023-05-26,06:00:00,Stage 3,Area 10,150
2023-05-26,08:00:00,Stage 3,Area 15,150
2023-05-26,08:00:00,Stage 3,Area 3,150
2023-05-26,08:00:00,Stage 3,Area 11,150
2023-05-26,10:00:00,Stage 3,Area 16,150
2023-05-26,10:00:00,Stage 3,Area 4,150
2023-05-26,10:00:00,Stage 3,Area 12,150
2023-05-26,12:00:00,Stage 3,Area 5,150
2023-05-26,12:00:00,Stage 3,Area 13,150
2023-05-26,12:00:00,Stage 3,Area 1,150
2023-05-26,14:00:00,Stage 3,Area 6,150
2023-05-26,14:00:00,Stage 3,Area 14,150
2023-05-26,14:00:00,Stage 3,Area 2,150
2023-05-26,16:00:00,Stage 3,Area 7,150
2023-05-26,16:00:00,Stage 3,Area 15,150
2023-05-26,16:00:00,Stage 3,Area 3,150
2023-05-26,18:00:00,Stage 3,Area 8,150
2023-05-26,18:00:00,Stage 3,Area 16,150
2023-05-26,18:00:00,Stage 3,Area 4,150
2023-05-26,20:00:00,Stage 3,Area 5,150
2023-05-26,20:00:00,Stage 3,Area 1,150
2023-05-26,20:00:00,Stage 3,Area 9,150
2023-05-26,22:00:00,Stage 5,Area 6,150
2023-05-26,22:00:00,Stage 5,Area 14,150
2023-05-26,22:00:00,Stage 5,Area 2,150
2023-05-26,22:00:00,Stage 5,Area 10,150
2023-05-26,22:00:00,Stage 5,Area 11,150
2023-05-27,00:00:00,Stage 5,Area 7,150
2023-05-27,00:00:00,Stage 5,Area 15,150
2023-05-27,00:00:00,Stage 5,Area 3,150
2023-05-27,00:00:00,Stage 5,Area 11,120
2023-05-27,00:00:00,Stage 5,Area 12,150
2023-05-27,02:00:00,Stage 5,Area 8,150
2023-05-27,02:00:00,Stage 5,Area 13,120
2023-05-27,02:00:00,Stage 5,Area 16,150
2023-05-27,02:00:00,Stage 5,Area 4,150
2023-05-27,02:00:00,Stage 5,Area 12,120
2023-05-27,04:00:00,Stage 4,Area 5,150
2023-05-27,04:00:00,Stage 4,Area 13,150
2023-05-27,04:00:00,Stage 4,Area 1,60
2023-05-27,04:00:00,Stage 4,Area 9,150
2023-05-27,06:00:00,Stage 3,Area 6,150
2023-05-27,06:00:00,Stage 3,Area 14,150
2023-05-27,06:00:00,Stage 3,Area 10,150
2023-05-27,08:00:00,Stage 3,Area 7,150
2023-05-27,08:00:00,Stage 3,Area 15,150
2023-05-27,08:00:00,Stage 3,Area 11,150
2023-05-27,10:00:00,Stage 3,Area 8,150
2023-05-27,10:00:00,Stage 3,Area 16,150
2023-05-27,10:00:00,Stage 3,Area 12,150
2023-05-27,12:00:00,Stage 3,Area 13,150
2023-05-27,12:00:00,Stage 3,Area 1,150
2023-05-27,12:00:00,Stage 3,Area 9,150
2023-05-27,14:00:00,Stage 3,Area 14,150
2023-05-27,14:00:00,Stage 3,Area 2,150
2023-05-27,14:00:00,Stage 3,Area 10,150
2023-05-27,16:00:00,Stage 5,Area 7,150
2023-05-27,16:00:00,Stage 5,Area 15,150
2023-05-27,16:00:00,Stage 5,Area 3,150
2023-05-27,16:00:00,Stage 5,Area 4,120
2023-05-27,16:00:00,Stage 5,Area 11,150
2023-05-27,18:00:00,Stage 5,Area 5,120
2023-05-27,18:00:00,Stage 5,Area 8,150
2023-05-27,18:00:00,Stage 5,Area 16,150
2023-05-27,18:00:00,Stage 5,Area 4,150
2023-05-27,18:00:00,Stage 5,Area 12,150
2023-05-27,20:00:00,Stage 5,Area 5,150
2023-05-27,20:00:00,Stage 5,Area 6,120
2023-05-27,20:00:00,Stage 5,Area 13,150
2023-05-27,20:00:00,Stage 5,Area 1,150
2023-05-27,20:00:00,Stage 5,Area 9,150
2023-05-27,22:00:00,Stage 5,Area 6,150
2023-05-27,22:00:00,Stage 5,Area 7,150
2023-05-27,22:00:00,Stage 5,Area 14,150
2023-05-27,22:00:00,Stage 5,Area 2,150
2023-05-27,22:00:00,Stage 5,Area 10,150
2023-05-28,00:00:00,Stage 5,Area 7,120
2023-05-28,00:00:00,Stage 5,Area 8,120
2023-05-28,00:00:00,Stage 5,Area 15,150
2023-05-28,00:00:00,Stage 5,Area 3,150
2023-05-28,00:00:00,Stage 5,Area 11,150
2023-05-28,02:00:00,Stage 5,Area 8,150
2023-05-28,02:00:00,Stage 5,Area 16,150
2023-05-28,02:00:00,Stage 5,Area 4,150
2023-05-28,02:00:00,Stage 5,Area 9,18
2023-05-28,02:00:00,Stage 5,Area 12,150
2023-05-28,04:00:00,Stage 4,Area 5,30
2023-05-28,04:00:00,Stage 4,Area 13,30
2023-05-28,04:00:00,Stage 4,Area 1,150
2023-05-28,04:00:00,Stage 4,Area 9,150
2023-05-28,06:00:00,Stage 2,Area 2,120
2023-05-28,06:00:00,Stage 2,Area 10,120
2023-05-28,08:00:00,Stage 2,Area 3,120
2023-05-28,08:00:00,Stage 2,Area 11,120
2023-05-28,10:00:00,Stage 2,Area 4,120
2023-05-28,10:00:00,Stage 2,Area 12,120
2023-05-28,12:00:00,Stage 2,Area 5,120
2023-05-28,12:00:00,Stage 2,Area 13,120
2023-05-28,14:00:00,Stage 2,Area 6,120
2023-05-28,14:00:00,Stage 2,Area 14,120
2023-05-28,16:00:00,Stage 5,Area 7,150
2023-05-28,16:00:00,Stage 5,Area 15,150
2023-05-28,16:00:00,Stage 5,Area 16,120
2023-05-28,16:00:00,Stage 5,Area 3,150
2023-05-28,16:00:00,Stage 5,Area 11,150
2023-05-28,18:00:00,Stage 5,Area 8,150
2023-05-28,18:00:00,Stage 5,Area 16,150
2023-05-28,18:00:00,Stage 5,Area 1,120
2023-05-28,18:00:00,Stage 5,Area 4,150
2023-05-28,18:00:00,Stage 5,Area 12,150
2023-05-28,20:00:00,Stage 5,Area 5,120
2023-05-28,20:00:00,Stage 5,Area 13,120
2023-05-28,20:00:00,Stage 5,Area 1,150
2023-05-28,20:00:00,Stage 5,Area 2,120
2023-05-28,20:00:00,Stage 5,Area 9,120
2023-05-28,22:00:00,Stage 5,Area 6,120
2023-05-28,22:00:00,Stage 5,Area 14,120
2023-05-28,22:00:00,Stage 5,Area 2,120
2023-05-28,22:00:00,Stage 5,Area 3,120
2023-05-28,22:00:00,Stage 5,Area 10,120
2023-05-29,00:00:00,Stage 5,Area 8,150
2023-05-29,00:00:00,Stage 5,Area 16,150
2023-05-29,00:00:00,Stage 5,Area 1,120
2023-05-29,00:00:00,Stage 5,Area 4,150
2023-05-29,00:00:00,Stage 5,Area 12,150
2023-05-29,02:00:00,Stage 4,Area 5,150
2023-05-29,02:00:00,Stage 4,Area 13,150
2023-05-29,02:00:00,Stage 4,Area 1,150
2023-05-29,02:00:00,Stage 4,Area 9,150
2023-05-29,04:00:00,Stage 4,Area 6,150
2023-05-29,04:00:00,Stage 4,Area 14,150
2023-05-29,04:00:00,Stage 4,Area 2,150
2023-05-29,04:00:00,Stage 4,Area 10,90
2023-05-29,06:00:00,Stage 3,Area 7,120
2023-05-29,06:00:00,Stage 3,Area 15,120
2023-05-29,06:00:00,Stage 3,Area 3,120
2023-05-29,08:00:00,Stage 3,Area 8,120
2023-05-29,08:00:00,Stage 3,Area 16,120
2023-05-29,08:00:00,Stage 3,Area 4,120
2023-05-29,10:00:00,Stage 3,Area 5,120
2023-05-29,10:00:00,Stage 3,Area 1,120
2023-05-29,10:00:00,Stage 3,Area 9,120
2023-05-29,12:00:00,Stage 3,Area 6,150
2023-05-29,12:00:00,Stage 3,Area 2,150
2023-05-29,12:00:00,Stage 3,Area 10,150
2023-05-29,14:00:00,Stage 3,Area 7,150
2023-05-29,14:00:00,Stage 3,Area 3,150
2023-05-29,14:00:00,Stage 3,Area 11,150
2023-05-29,16:00:00,Stage 4,Area 8,150
2023-05-29,16:00:00,Stage 4,Area 16,150
2023-05-29,16:00:00,Stage 4,Area 4,150
2023-05-29,16:00:00,Stage 4,Area 12,150
2023-05-29,18:00:00,Stage 4,Area 5,150
2023-05-29,18:00:00,Stage 4,Area 13,150
2023-05-29,18:00:00,Stage 4,Area 1,150
2023-05-29,18:00:00,Stage 4,Area 9,150
2023-05-29,20:00:00,Stage 6,Area 6,150
2023-05-29,20:00:00,Stage 6,Area 14,150
2023-05-29,20:00:00,Stage 6,Area 2,150
2023-05-29,20:00:00,Stage 6,Area 3,120
2023-05-29,20:00:00,Stage 6,Area 10,150
2023-05-29,20:00:00,Stage 6,Area 11,120
2023-05-29,22:00:00,Stage 6,Area 7,150
2023-05-29,22:00:00,Stage 6,Area 15,150
2023-05-29,22:00:00,Stage 6,Area 3,150
2023-05-29,22:00:00,Stage 6,Area 4,120
2023-05-29,22:00:00,Stage 6,Area 11,150
2023-05-29,22:00:00,Stage 6,Area 12,120
2023-05-30,00:00:00,Stage 6,Area 5,60
2023-05-30,00:00:00,Stage 6,Area 8,150
2023-05-30,00:00:00,Stage 6,Area 13,60
2023-05-30,00:00:00,Stage 6,Area 16,150
2023-05-30,00:00:00,Stage 6,Area 4,120
2023-05-30,00:00:00,Stage 6,Area 12,120
2023-05-30,02:00:00,Stage 4,Area 5,150
2023-05-30,02:00:00,Stage 4,Area 13,150
2023-05-30,02:00:00,Stage 4,Area 1,150
2023-05-30,02:00:00,Stage 4,Area 9,150
2023-05-30,04:00:00,Stage 4,Area 6,90
2023-05-30,04:00:00,Stage 4,Area 14,150
2023-05-30,04:00:00,Stage 4,Area 2,150
2023-05-30,04:00:00,Stage 4,Area 10,150
2023-05-30,06:00:00,Stage 3,Area 15,120
2023-05-30,06:00:00,Stage 3,Area 3,120
2023-05-30,06:00:00,Stage 3,Area 11,120
2023-05-30,08:00:00,Stage 3,Area 16,120
2023-05-30,08:00:00,Stage 3,Area 4,120
2023-05-30,08:00:00,Stage 3,Area 12,120
2023-05-30,10:00:00,Stage 3,Area 5,120
2023-05-30,10:00:00,Stage 3,Area 13,120
2023-05-30,10:00:00,Stage 3,Area 1,120
2023-05-30,12:00:00,Stage 3,Area 6,120
2023-05-30,12:00:00,Stage 3,Area 14,120
2023-05-30,12:00:00,Stage 3,Area 2,120
2023-05-30,14:00:00,Stage 3,Area 7,120
2023-05-30,14:00:00,Stage 3,Area 15,120
2023-05-30,14:00:00,Stage 3,Area 3,120
2023-05-30,16:00:00,Stage 4,Area 8,120
2023-05-30,16:00:00,Stage 4,Area 16,120
2023-05-30,16:00:00,Stage 4,Area 4,120
2023-05-30,16:00:00,Stage 4,Area 12,120
2023-05-30,18:00:00,Stage 4,Area 5,120
2023-05-30,18:00:00,Stage 4,Area 13,120
2023-05-30,18:00:00,Stage 4,Area 1,120
2023-05-30,18:00:00,Stage 4,Area 9,120
2023-05-30,20:00:00,Stage 6,Area 6,120
2023-05-30,20:00:00,Stage 6,Area 7,120
2023-05-30,20:00:00,Stage 6,Area 14,120
2023-05-30,20:00:00,Stage 6,Area 15,120
2023-05-30,20:00:00,Stage 6,Area 2,120
2023-05-30,20:00:00,Stage 6,Area 10,120
2023-05-30,22:00:00,Stage 6,Area 7,120
2023-05-30,22:00:00,Stage 6,Area 8,120
2023-05-30,22:00:00,Stage 6,Area 15,120
2023-05-30,22:00:00,Stage 6,Area 16,120
2023-05-30,22:00:00,Stage 6,Area 3,120
2023-05-30,22:00:00,Stage 6,Area 11,120
2023-05-31,00:00:00,Stage 6,Area 8,120
2023-05-31,00:00:00,Stage 6,Area 16,120
2023-05-31,00:00:00,Stage 6,Area 1,62
2023-05-31,00:00:00,Stage 6,Area 4,120
2023-05-31,00:00:00,Stage 6,Area 9,62
2023-05-31,00:00:00,Stage 6,Area 12,120
2023-05-31,02:00:00,Stage 4,Area 5,120
2023-05-31,02:00:00,Stage 4,Area 13,150
2023-05-31,02:00:00,Stage 4,Area 1,120
2023-05-31,02:00:00,Stage 4,Area 9,120
2023-05-31,04:00:00,Stage 4,Area 6,120
2023-05-31,04:00:00,Stage 4,Area 14,120
2023-05-31,04:00:00,Stage 4,Area 2,60
2023-05-31,04:00:00,Stage 4,Area 10,120
2023-05-31,06:00:00,Stage 3,Area 7,150
2023-05-31,06:00:00,Stage 3,Area 15,150
2023-05-31,06:00:00,Stage 3,Area 11,150
2023-05-31,08:00:00,Stage 3,Area 8,150
2023-05-31,08:00:00,Stage 3,Area 16,150
2023-05-31,08:00:00,Stage 3,Area 12,150
2023-05-31,10:00:00,Stage 3,Area 13,150
2023-05-31,10:00:00,Stage 3,Area 1,150
2023-05-31,10:00:00,Stage 3,Area 9,150
2023-05-31,12:00:00,Stage 3,Area 14,150
2023-05-31,12:00:00,Stage 3,Area 2,150
2023-05-31,12:00:00,Stage 3,Area 10,150
2023-05-31,14:00:00,Stage 3,Area 15,150
2023-05-31,14:00:00,Stage 3,Area 3,150
2023-05-31,14:00:00,Stage 3,Area 11,150
2023-05-31,16:00:00,Stage 4,Area 8,150
2023-05-31,16:00:00,Stage 4,Area 16,150
2023-05-31,16:00:00,Stage 4,Area 4,150
2023-05-31,16:00:00,Stage 4,Area 12,150
2023-05-31,18:00:00,Stage 4,Area 5,150
2023-05-31,18:00:00,Stage 4,Area 13,150
2023-05-31,18:00:00,Stage 4,Area 1,150
2023-05-31,18:00:00,Stage 4,Area 9,150
2023-05-31,20:00:00,Stage 6,Area 6,120
2023-05-31,20:00:00,Stage 6,Area 14,120
2023-05-31,20:00:00,Stage 6,Area 2,120
2023-05-31,20:00:00,Stage 6,Area 3,120
2023-05-31,20:00:00,Stage 6,Area 10,120
2023-05-31,20:00:00,Stage 6,Area 11,120
2023-05-31,22:00:00,Stage 6,Area 7,120
2023-05-31,22:00:00,Stage 6,Area 15,120
2023-05-31,22:00:00,Stage 6,Area 3,120
2023-05-31,22:00:00,Stage 6,Area 4,120
2023-05-31,22:00:00,Stage 6,Area 11,120
2023-05-31,22:00:00,Stage 6,Area 12,120
2023-06-01,00:00:00,Stage 6,Area 5,120
2023-06-01,00:00:00,Stage 6,Area 13,120
2023-06-01,00:00:00,Stage 6,Area 1,120
2023-06-01,00:00:00,Stage 6,Area 2,120
2023-06-01,00:00:00,Stage 6,Area 9,120
2023-06-01,00:00:00,Stage 6,Area 10,120
2023-06-01,02:00:00,Stage 6,Area 6,120
2023-06-01,02:00:00,Stage 6,Area 14,120
2023-06-01,02:00:00,Stage 6,Area 2,120
2023-06-01,02:00:00,Stage 6,Area 3,120
2023-06-01,02:00:00,Stage 6,Area 10,120
2023-06-01,02:00:00,Stage 6,Area 11,120
2023-06-01,04:00:00,Stage 6,Area 7,60
2023-06-01,04:00:00,Stage 6,Area 15,120
2023-06-01,04:00:00,Stage 6,Area 3,120
2023-06-01,04:00:00,Stage 6,Area 4,60
2023-06-01,04:00:00,Stage 6,Area 11,120
2023-06-01,04:00:00,Stage 6,Area 12,60
2023-06-01,06:00:00,Stage 3,Area 16,150
2023-06-01,06:00:00,Stage 3,Area 4,150
2023-06-01,06:00:00,Stage 3,Area 12,150
2023-06-01,08:00:00,Stage 3,Area 5,150
2023-06-01,08:00:00,Stage 3,Area 13,150
2023-06-01,08:00:00,Stage 3,Area 1,150
2023-06-01,10:00:00,Stage 3,Area 6,150
2023-06-01,10:00:00,Stage 3,Area 14,150
2023-06-01,10:00:00,Stage 3,Area 2,150
2023-06-01,12:00:00,Stage 3,Area 7,150
2023-06-01,12:00:00,Stage 3,Area 15,150
2023-06-01,12:00:00,Stage 3,Area 3,150
2023-06-01,14:00:00,Stage 3,Area 8,150
2023-06-01,14:00:00,Stage 3,Area 16,150
2023-06-01,14:00:00,Stage 3,Area 4,150
2023-06-01,16:00:00,Stage 4,Area 5,150
2023-06-01,16:00:00,Stage 4,Area 1,150
2023-06-01,16:00:00,Stage 4,Area 9,150
2023-06-01,16:00:00,Stage 4,Area 10,120
2023-06-01,18:00:00,Stage 5,Area 6,120
2023-06-01,18:00:00,Stage 5,Area 14,120
2023-06-01,18:00:00,Stage 5,Area 2,120
2023-06-01,18:00:00,Stage 5,Area 10,120
2023-06-01,18:00:00,Stage 5,Area 11,120
2023-06-01,20:00:00,Stage 5,Area 7,120
2023-06-01,20:00:00,Stage 5,Area 15,120
2023-06-01,20:00:00,Stage 5,Area 3,120
2023-06-01,20:00:00,Stage 5,Area 11,120
2023-06-01,20:00:00,Stage 5,Area 12,120
2023-06-01,22:00:00,Stage 6,Area 5,60
2023-06-01,22:00:00,Stage 6,Area 8,120
2023-06-01,22:00:00,Stage 6,Area 13,60
2023-06-01,22:00:00,Stage 6,Area 16,120
2023-06-01,22:00:00,Stage 6,Area 4,120
2023-06-01,22:00:00,Stage 6,Area 12,120
2023-06-02,04:00:00,Stage 4,Area 7,120
2023-06-02,04:00:00,Stage 4,Area 15,120
2023-06-02,04:00:00,Stage 4,Area 3,60
2023-06-02,04:00:00,Stage 4,Area 11,120
2023-06-02,06:00:00,Stage 3,Area 8,120
2023-06-02,06:00:00,Stage 3,Area 16,150
2023-06-02,06:00:00,Stage 3,Area 12,120
2023-06-02,08:00:00,Stage 3,Area 13,150
2023-06-02,08:00:00,Stage 3,Area 1,150
2023-06-02,08:00:00,Stage 3,Area 9,150
2023-06-02,10:00:00,Stage 3,Area 14,150
2023-06-02,10:00:00,Stage 3,Area 2,150
2023-06-02,10:00:00,Stage 3,Area 10,150
2023-06-02,12:00:00,Stage 3,Area 15,150
2023-06-02,12:00:00,Stage 3,Area 3,150
2023-06-02,12:00:00,Stage 3,Area 11,150
2023-06-02,14:00:00,Stage 3,Area 16,120
2023-06-02,14:00:00,Stage 3,Area 4,150
2023-06-02,14:00:00,Stage 3,Area 12,120
2023-06-02,16:00:00,Stage 3,Area 5,120
2023-06-02,16:00:00,Stage 3,Area 13,120
2023-06-02,16:00:00,Stage 3,Area 1,120
2023-06-02,18:00:00,Stage 3,Area 6,120
2023-06-02,18:00:00,Stage 3,Area 14,120
2023-06-02,18:00:00,Stage 3,Area 2,120
2023-06-02,20:00:00,Stage 3,Area 7,120
2023-06-02,20:00:00,Stage 3,Area 15,120
2023-06-02,20:00:00,Stage 3,Area 3,120
2023-06-02,22:00:00,Stage 4,Area 8,150
2023-06-02,22:00:00,Stage 4,Area 16,150
2023-06-02,22:00:00,Stage 4,Area 4,150
2023-06-02,22:00:00,Stage 4,Area 12,150
2023-06-03,00:00:00,Stage 2,Area 1,45
2023-06-03,00:00:00,Stage 2,Area 9,45
2023-06-03,05:00:00,Stage 2,Area 3,90
2023-06-03,05:00:00,Stage 2,Area 11,90
2023-06-03,06:00:00,Stage 2,Area 4,150
2023-06-03,06:00:00,Stage 2,Area 12,150
2023-06-03,08:00:00,Stage 2,Area 5,150
2023-06-03,08:00:00,Stage 2,Area 13,150
2023-06-03,10:00:00,Stage 2,Area 6,150
2023-06-03,10:00:00,Stage 2,Area 14,150
2023-06-03,16:00:00,Stage 4,Area 5,130
2023-06-03,16:00:00,Stage 4,Area 13,150
2023-06-03,16:00:00,Stage 4,Area 1,130
2023-06-03,16:00:00,Stage 4,Area 9,130
2023-06-03,18:00:00,Stage 4,Area 6,150
2023-06-03,18:00:00,Stage 4,Area 14,150
2023-06-03,18:00:00,Stage 4,Area 2,150
2023-06-03,18:00:00,Stage 4,Area 10,150
2023-06-03,20:00:00,Stage 4,Area 7,150
2023-06-03,20:00:00,Stage 4,Area 15,150
2023-06-03,20:00:00,Stage 4,Area 3,150
2023-06-03,20:00:00,Stage 4,Area 11,150
2023-06-04,16:00:00,Stage 2,Area 5,150
2023-06-04,16:00:00,Stage 2,Area 13,150
2023-06-04,18:00:00,Stage 2,Area 6,150
2023-06-04,18:00:00,Stage 2,Area 14,150
2023-06-04,20:00:00,Stage 2,Area 7,38
2023-06-04,20:00:00,Stage 2,Area 15,38
2023-06-05,16:00:00,Stage 3,Area 6,150
2023-06-05,16:00:00,Stage 3,Area 2,150
2023-06-05,16:00:00,Stage 3,Area 10,150
2023-06-05,18:00:00,Stage 3,Area 7,150
2023-06-05,18:00:00,Stage 3,Area 3,150
2023-06-05,18:00:00,Stage 3,Area 11,150
2023-06-05,20:00:00,Stage 3,Area 8,150
2023-06-05,20:00:00,Stage 3,Area 4,120
2023-06-05,20:00:00,Stage 3,Area 12,120
2023-06-05,22:00:00,Stage 4,Area 5,150
2023-06-05,22:00:00,Stage 4,Area 13,150
2023-06-05,22:00:00,Stage 4,Area 1,150
2023-06-05,22:00:00,Stage 4,Area 9,150
2023-06-06,00:00:00,Stage 4,Area 6,50
2023-06-06,00:00:00,Stage 4,Area 14,90
2023-06-06,00:00:00,Stage 4,Area 2,50
2023-06-06,00:00:00,Stage 4,Area 10,50
2023-06-06,16:00:00,Stage 1,Area 6,150
2023-06-06,18:00:00,Stage 1,Area 7,150
2023-06-06,20:00:00,Stage 1,Area 8,120
2023-06-06,22:00:00,Stage 3,Area 5,85
2023-06-06,22:00:00,Stage 3,Area 1,85
2023-06-06,22:00:00,Stage 3,Area 9,85
2023-06-07,16:00:00,Stage 1,Area 2,150
2023-06-07,18:00:00,Stage 1,Area 3,150
2023-06-07,20:00:00,Stage 1,Area 4,120
2023-06-07,22:00:00,Stage 3,Area 5,90
2023-06-07,22:00:00,Stage 3,Area 13,90
2023-06-07,22:00:00,Stage 3,Area 1,90
2023-06-08,16:00:00,Stage 1,Area 14,150
2023-06-08,18:00:00,Stage 1,Area 15,150
2023-06-08,20:00:00,Stage 1,Area 16,105
2023-06-09,16:00:00,Stage 1,Area 11,150
2023-06-09,18:00:00,Stage 1,Area 12,150
2023-06-09,20:00:00,Stage 1,Area 13,120
2023-06-09,22:00:00,Stage 3,Area 6,120
2023-06-09,22:00:00,Stage 3,Area 14,120
2023-06-09,22:00:00,Stage 3,Area 10,120
2023-06-10,16:00:00,Stage 4,Area 7,120
2023-06-10,16:00:00,Stage 4,Area 15,120
2023-06-10,16:00:00,Stage 4,Area 3,120
2023-06-10,16:00:00,Stage 4,Area 11,120
2023-06-10,18:00:00,Stage 4,Area 8,120
2023-06-10,18:00:00,Stage 4,Area 16,120
2023-06-10,18:00:00,Stage 4,Area 4,120
2023-06-10,18:00:00,Stage 4,Area 12,120
2023-06-10,20:00:00,Stage 4,Area 5,120
2023-06-10,20:00:00,Stage 4,Area 13,120
2023-06-10,20:00:00,Stage 4,Area 1,120
2023-06-10,20:00:00,Stage 4,Area 9,120
2023-06-10,22:00:00,Stage 4,Area 6,120
2023-06-10,22:00:00,Stage 4,Area 14,120
2023-06-10,22:00:00,Stage 4,Area 2,120
2023-06-10,22:00:00,Stage 4,Area 10,120
2023-06-11,06:00:00,Stage 1,Area 14,120
2023-06-11,08:00:00,Stage 1,Area 15,150
2023-06-11,10:00:00,Stage 1,Area 16,150
2023-06-11,12:00:00,Stage 1,Area 1,150
2023-06-11,14:00:00,Stage 1,Area 2,150
2023-06-11,16:00:00,Stage 4,Area 7,150
2023-06-11,16:00:00,Stage 4,Area 15,150
2023-06-11,16:00:00,Stage 4,Area 3,120
2023-06-11,16:00:00,Stage 4,Area 11,150
2023-06-11,18:00:00,Stage 4,Area 8,150
2023-06-11,18:00:00,Stage 4,Area 16,150
2023-06-11,18:00:00,Stage 4,Area 4,150
2023-06-11,18:00:00,Stage 4,Area 12,150
2023-06-11,20:00:00,Stage 4,Area 5,120
2023-06-11,20:00:00,Stage 4,Area 13,120
2023-06-11,20:00:00,Stage 4,Area 1,120
2023-06-11,20:00:00,Stage 4,Area 9,120
2023-06-12,16:00:00,Stage 1,Area 15,120
2023-06-12,18:00:00,Stage 1,Area 16,120
2023-06-12,20:00:00,Stage 1,Area 1,120
2023-06-12,22:00:00,Stage 1,Area 2,120
2023-06-13,16:00:00,Stage 1,Area 12,120
2023-06-13,18:00:00,Stage 1,Area 13,150
2023-06-13,20:00:00,Stage 1,Area 14,150
2023-06-14,16:00:00,Stage 1,Area 8,150
2023-06-14,18:00:00,Stage 1,Area 9,150
2023-06-14,20:00:00,Stage 1,Area 10,111
2023-06-15,16:00:00,Stage 1,Area 4,150
2023-06-15,18:00:00,Stage 1,Area 5,150
2023-06-15,20:00:00,Stage 1,Area 6,150
2023-06-15,22:00:00,Stage 1,Area 7,96
2023-06-16,16:00:00,Stage 1,Area 16,120
2023-06-16,18:00:00,Stage 1,Area 1,150
2023-06-16,20:00:00,Stage 1,Area 2,150
2023-06-17,16:00:00,Stage 3,Area 5,120
2023-06-17,16:00:00,Stage 3,Area 1,120
2023-06-17,16:00:00,Stage 3,Area 9,120
2023-06-17,18:00:00,Stage 3,Area 6,150
2023-06-17,18:00:00,Stage 3,Area 2,150
2023-06-17,18:00:00,Stage 3,Area 10,150
2023-06-17,20:00:00,Stage 2,Area 7,150
2023-06-17,20:00:00,Stage 2,Area 11,150
2023-06-17,22:00:00,Stage 2,Area 4,95
2023-06-17,22:00:00,Stage 2,Area 12,95
2023-06-18,16:00:00,Stage 3,Area 5,120
2023-06-18,16:00:00,Stage 3,Area 13,120
2023-06-18,16:00:00,Stage 3,Area 1,120
2023-06-18,18:00:00,Stage 3,Area 6,150
2023-06-18,18:00:00,Stage 3,Area 14,150
2023-06-18,18:00:00,Stage 3,Area 2,150
2023-06-18,20:00:00,Stage 3,Area 7,150
2023-06-18,20:00:00,Stage 3,Area 15,150
2023-06-18,20:00:00,Stage 3,Area 3,150
2023-06-18,22:00:00,Stage 3,Area 8,62
2023-06-18,22:00:00,Stage 3,Area 16,62
2023-06-18,22:00:00,Stage 3,Area 4,62
2023-06-19,16:00:00,Stage 1,Area 1,150
2023-06-19,18:00:00,Stage 1,Area 2,150
2023-06-19,20:00:00,Stage 1,Area 3,150
2023-06-19,22:00:00,Stage 1,Area 4,22
2023-06-20,16:00:00,Stage 1,Area 13,150
2023-06-20,18:00:00,Stage 1,Area 14,150
2023-06-20,20:00:00,Stage 1,Area 15,120
2023-06-21,16:00:00,Stage 1,Area 10,150
2023-06-21,18:00:00,Stage 1,Area 11,150
2023-06-21,20:00:00,Stage 1,Area 12,150
2023-06-21,22:00:00,Stage 1,Area 13,110
2023-06-22,16:00:00,Stage 1,Area 6,150
2023-06-22,18:00:00,Stage 1,Area 7,150
2023-06-22,20:00:00,Stage 1,Area 8,120
2023-06-23,16:00:00,Stage 1,Area 2,150
2023-06-23,18:00:00,Stage 1,Area 3,120
2023-06-23,20:00:00,Stage 1,Area 4,120
2023-06-23,22:00:00,Stage 1,Area 5,120
2023-06-24,06:00:00,Stage 1,Area 9,150
2023-06-24,08:00:00,Stage 1,Area 10,150
2023-06-24,10:00:00,Stage 1,Area 11,150
2023-06-24,12:00:00,Stage 1,Area 12,150
2023-06-24,14:00:00,Stage 1,Area 13,150
2023-06-24,16:00:00,Stage 3,Area 6,120
2023-06-24,16:00:00,Stage 3,Area 14,120
2023-06-24,16:00:00,Stage 3,Area 10,120
2023-06-24,18:00:00,Stage 3,Area 7,120
2023-06-24,18:00:00,Stage 3,Area 15,120
2023-06-24,18:00:00,Stage 3,Area 11,120
2023-06-24,20:00:00,Stage 3,Area 8,120
2023-06-24,20:00:00,Stage 3,Area 16,120
2023-06-24,20:00:00,Stage 3,Area 12,120
2023-06-24,22:00:00,Stage 3,Area 13,120
2023-06-24,22:00:00,Stage 3,Area 1,120
2023-06-24,22:00:00,Stage 3,Area 9,120
2023-06-25,06:00:00,Stage 1,Area 6,120
2023-06-25,08:00:00,Stage 1,Area 7,120
2023-06-25,10:00:00,Stage 1,Area 8,120
2023-06-25,12:00:00,Stage 1,Area 9,120
2023-06-25,14:00:00,Stage 1,Area 10,120
2023-06-25,16:00:00,Stage 3,Area 7,120
2023-06-25,16:00:00,Stage 3,Area 3,120
2023-06-25,16:00:00,Stage 3,Area 11,120
2023-06-25,18:00:00,Stage 3,Area 8,120
2023-06-25,18:00:00,Stage 3,Area 4,120
2023-06-25,18:00:00,Stage 3,Area 12,120
2023-06-25,20:00:00,Stage 3,Area 5,120
2023-06-25,20:00:00,Stage 3,Area 13,120
2023-06-25,20:00:00,Stage 3,Area 9,120
2023-06-25,22:00:00,Stage 3,Area 6,90
2023-06-25,22:00:00,Stage 3,Area 14,90
2023-06-25,22:00:00,Stage 3,Area 10,90
2023-06-26,16:00:00,Stage 1,Area 7,150
2023-06-26,18:00:00,Stage 1,Area 8,150
2023-06-26,20:00:00,Stage 1,Area 9,150
2023-06-26,22:00:00,Stage 1,Area 10,120
2023-06-27,16:00:00,Stage 1,Area 3,150
2023-06-27,18:00:00,Stage 1,Area 4,150
2023-06-27,20:00:00,Stage 1,Area 5,150
2023-06-27,22:00:00,Stage 1,Area 6,117
2023-06-28,07:00:00,Stage 1,Area 10,60
2023-06-28,08:00:00,Stage 1,Area 11,150
2023-06-28,10:00:00,Stage 1,Area 12,150
2023-06-28,12:00:00,Stage 1,Area 13,150
2023-06-28,14:00:00,Stage 1,Area 14,150
2023-06-28,16:00:00,Stage 1,Area 15,150
2023-06-28,18:00:00,Stage 1,Area 16,150
2023-06-28,20:00:00,Stage 1,Area 1,150
2023-06-28,22:00:00,Stage 1,Area 2,79
2023-06-29,05:00:00,Stage 1,Area 6,90
2023-06-29,06:00:00,Stage 1,Area 7,150
2023-06-29,08:00:00,Stage 1,Area 8,150
2023-06-29,10:00:00,Stage 1,Area 9,150
2023-06-29,12:00:00,Stage 1,Area 10,150
2023-06-29,14:00:00,Stage 1,Area 11,150
2023-06-29,16:00:00,Stage 1,Area 12,150
2023-06-29,18:00:00,Stage 1,Area 13,150
2023-06-29,20:00:00,Stage 1,Area 14,150
2023-06-29,22:00:00,Stage 1,Area 15,80
2023-06-30,05:00:00,Stage 1,Area 2,90
2023-06-30,06:00:00,Stage 1,Area 3,150
2023-06-30,08:00:00,Stage 1,Area 4,120
2023-06-30,10:00:00,Stage 1,Area 5,120
2023-06-30,12:00:00,Stage 1,Area 6,150
2023-06-30,14:00:00,Stage 1,Area 7,150
2023-06-30,16:00:00,Stage 1,Area 8,150
2023-06-30,18:00:00,Stage 1,Area 9,150
2023-06-30,20:00:00,Stage 1,Area 10,150
2023-06-30,22:00:00,Stage 1,Area 11,150
2023-07-01,16:00:00,Stage 3,Area 5,150
2023-07-01,16:00:00,Stage 3,Area 1,150
2023-07-01,16:00:00,Stage 3,Area 9,150
2023-07-01,18:00:00,Stage 3,Area 6,150
2023-07-01,18:00:00,Stage 3,Area 2,150
2023-07-01,18:00:00,Stage 3,Area 10,150
2023-07-01,20:00:00,Stage 3,Area 7,150
2023-07-01,20:00:00,Stage 3,Area 3,150
2023-07-01,20:00:00,Stage 3,Area 11,150
2023-07-01,22:00:00,Stage 3,Area 8,120
2023-07-01,22:00:00,Stage 3,Area 4,120
2023-07-01,22:00:00,Stage 3,Area 12,120
2023-07-02,16:00:00,Stage 3,Area 5,150
2023-07-02,16:00:00,Stage 3,Area 13,150
2023-07-02,16:00:00,Stage 3,Area 1,150
2023-07-02,18:00:00,Stage 3,Area 6,150
2023-07-02,18:00:00,Stage 3,Area 14,150
2023-07-02,18:00:00,Stage 3,Area 2,150
2023-07-02,20:00:00,Stage 3,Area 7,146
2023-07-02,20:00:00,Stage 3,Area 15,150
2023-07-02,20:00:00,Stage 3,Area 3,150
2023-07-02,22:00:00,Stage 3,Area 8,90
2023-07-02,22:00:00,Stage 3,Area 16,90
2023-07-02,22:00:00,Stage 3,Area 4,90
2023-07-03,16:00:00,Stage 1,Area 1,120
2023-07-03,18:00:00,Stage 1,Area 2,120
2023-07-03,20:00:00,Stage 1,Area 3,120
2023-07-03,22:00:00,Stage 1,Area 4,90
2023-07-04,16:00:00,Stage 1,Area 13,150
2023-07-04,18:00:00,Stage 1,Area 14,150
2023-07-04,20:00:00,Stage 1,Area 15,120
2023-07-04,22:00:00,Stage 1,Area 16,105
2023-07-05,06:00:00,Stage 1,Area 5,120
2023-07-05,08:00:00,Stage 1,Area 6,120
2023-07-05,10:00:00,Stage 1,Area 7,150
2023-07-05,12:00:00,Stage 1,Area 8,150
2023-07-05,14:00:00,Stage 1,Area 9,150
2023-07-05,16:00:00,Stage 1,Area 10,150
2023-07-05,18:00:00,Stage 1,Area 11,150
2023-07-05,20:00:00,Stage 1,Area 12,120
2023-07-05,22:00:00,Stage 1,Area 13,110
2023-07-06,06:00:00,Stage 1,Area 1,120
2023-07-06,08:00:00,Stage 1,Area 2,120
2023-07-06,10:00:00,Stage 1,Area 3,120
2023-07-06,12:00:00,Stage 1,Area 4,120
2023-07-06,14:00:00,Stage 1,Area 5,120
2023-07-06,16:00:00,Stage 1,Area 6,120
2023-07-06,18:00:00,Stage 1,Area 7,120
2023-07-06,20:00:00,Stage 1,Area 8,135
2023-07-06,22:00:00,Stage 1,Area 9,31
2023-07-07,06:00:00,Stage 1,Area 13,120
2023-07-07,08:00:00,Stage 1,Area 14,150
2023-07-07,10:00:00,Stage 1,Area 15,150
2023-07-07,12:00:00,Stage 1,Area 16,150
2023-07-07,14:00:00,Stage 1,Area 1,150
2023-07-07,16:00:00,Stage 1,Area 2,150
2023-07-07,18:00:00,Stage 1,Area 3,150
2023-07-07,20:00:00,Stage 1,Area 4,150
2023-07-07,22:00:00,Stage 1,Area 5,95
2023-07-08,06:00:00,Stage 1,Area 9,150
2023-07-08,08:00:00,Stage 1,Area 10,150
2023-07-08,10:00:00,Stage 1,Area 11,125
2023-07-08,16:00:00,Stage 3,Area 6,120
2023-07-08,16:00:00,Stage 3,Area 14,120
2023-07-08,16:00:00,Stage 3,Area 10,120
2023-07-08,18:00:00,Stage 3,Area 7,120
2023-07-08,18:00:00,Stage 3,Area 15,120
2023-07-08,18:00:00,Stage 3,Area 11,120
2023-07-08,20:00:00,Stage 3,Area 8,120
2023-07-08,20:00:00,Stage 3,Area 16,120
2023-07-08,20:00:00,Stage 3,Area 12,120
2023-07-08,22:00:00,Stage 3,Area 13,70
2023-07-08,22:00:00,Stage 3,Area 1,70
2023-07-08,22:00:00,Stage 3,Area 9,70
2023-07-09,16:00:00,Stage 3,Area 7,120
2023-07-09,16:00:00,Stage 3,Area 3,120
2023-07-09,16:00:00,Stage 3,Area 11,120
2023-07-09,18:00:00,Stage 3,Area 8,120
2023-07-09,18:00:00,Stage 3,Area 4,120
2023-07-09,18:00:00,Stage 3,Area 12,120
2023-07-09,20:00:00,Stage 3,Area 5,120
2023-07-09,20:00:00,Stage 3,Area 13,120
2023-07-09,20:00:00,Stage 3,Area 9,120
2023-07-09,22:00:00,Stage 3,Area 6,100
2023-07-09,22:00:00,Stage 3,Area 14,100
2023-07-09,22:00:00,Stage 3,Area 10,100
2023-07-10,13:00:00,Stage 3,Area 5,90
2023-07-10,13:00:00,Stage 3,Area 13,90
2023-07-10,13:00:00,Stage 3,Area 1,90
2023-07-10,14:00:00,Stage 3,Area 6,150
2023-07-10,14:00:00,Stage 3,Area 14,150
2023-07-10,14:00:00,Stage 3,Area 2,150
2023-07-10,16:00:00,Stage 2,Area 7,150
2023-07-10,16:00:00,Stage 2,Area 15,150
2023-07-10,18:00:00,Stage 2,Area 8,150
2023-07-10,18:00:00,Stage 2,Area 16,150
2023-07-10,20:00:00,Stage 2,Area 1,150
2023-07-10,20:00:00,Stage 2,Area 9,150
2023-07-10,22:00:00,Stage 4,Area 6,150
2023-07-10,22:00:00,Stage 4,Area 14,150
2023-07-10,22:00:00,Stage 4,Area 2,150
2023-07-10,22:00:00,Stage 4,Area 10,150
2023-07-11,00:00:00,Stage 4,Area 7,150
2023-07-11,00:00:00,Stage 4,Area 15,150
2023-07-11,00:00:00,Stage 4,Area 3,150
2023-07-11,00:00:00,Stage 4,Area 11,150
2023-07-11,02:00:00,Stage 4,Area 8,150
2023-07-11,02:00:00,Stage 4,Area 16,150
2023-07-11,02:00:00,Stage 4,Area 4,150
2023-07-11,02:00:00,Stage 4,Area 12,150
2023-07-11,04:00:00,Stage 4,Area 5,150
2023-07-11,04:00:00,Stage 4,Area 13,150
2023-07-11,04:00:00,Stage 4,Area 1,60
2023-07-11,04:00:00,Stage 4,Area 9,60
2023-07-11,06:00:00,Stage 2,Area 6,150
2023-07-11,06:00:00,Stage 2,Area 14,150
2023-07-11,08:00:00,Stage 2,Area 7,120
2023-07-11,08:00:00,Stage 2,Area 15,120
2023-07-11,10:00:00,Stage 2,Area 8,120
2023-07-11,10:00:00,Stage 2,Area 16,120
2023-07-11,12:00:00,Stage 2,Area 1,120
2023-07-11,12:00:00,Stage 2,Area 9,120
2023-07-11,14:00:00,Stage 2,Area 2,120
2023-07-11,14:00:00,Stage 2,Area 10,120
2023-07-11,16:00:00,Stage 2,Area 3,120
2023-07-11,16:00:00,Stage 2,Area 11,120
2023-07-11,18:00:00,Stage 2,Area 4,150
2023-07-11,18:00:00,Stage 2,Area 12,150
2023-07-11,20:00:00,Stage 2,Area 5,150
2023-07-11,20:00:00,Stage 2,Area 13,150
2023-07-11,22:00:00,Stage 4,Area 6,150
2023-07-11,22:00:00,Stage 4,Area 14,150
2023-07-11,22:00:00,Stage 4,Area 2,150
2023-07-11,22:00:00,Stage 4,Area 10,150
2023-07-12,00:00:00,Stage 4,Area 7,150
2023-07-12,00:00:00,Stage 4,Area 15,150
2023-07-12,00:00:00,Stage 4,Area 3,150
2023-07-12,00:00:00,Stage 4,Area 11,150
2023-07-12,02:00:00,Stage 4,Area 8,150
2023-07-12,02:00:00,Stage 4,Area 16,150
2023-07-12,02:00:00,Stage 4,Area 4,150
2023-07-12,02:00:00,Stage 4,Area 12,150
2023-07-12,04:00:00,Stage 4,Area 5,150
2023-07-12,04:00:00,Stage 4,Area 13,150
2023-07-12,04:00:00,Stage 4,Area 1,150
2023-07-12,04:00:00,Stage 4,Area 9,150
2023-07-12,06:00:00,Stage 3,Area 6,120
2023-07-12,06:00:00,Stage 3,Area 2,150
2023-07-12,06:00:00,Stage 3,Area 10,120
2023-07-12,08:00:00,Stage 4,Area 7,150
2023-07-12,08:00:00,Stage 4,Area 15,150
2023-07-12,08:00:00,Stage 4,Area 3,150
2023-07-12,08:00:00,Stage 4,Area 11,150
2023-07-12,10:00:00,Stage 4,Area 8,150
2023-07-12,10:00:00,Stage 4,Area 16,150
2023-07-12,10:00:00,Stage 4,Area 4,150
2023-07-12,10:00:00,Stage 4,Area 12,150
2023-07-12,12:00:00,Stage 4,Area 5,150
2023-07-12,12:00:00,Stage 4,Area 13,150
2023-07-12,12:00:00,Stage 4,Area 1,150
2023-07-12,12:00:00,Stage 4,Area 9,150
2023-07-12,14:00:00,Stage 4,Area 6,150
2023-07-12,14:00:00,Stage 4,Area 14,150
2023-07-12,14:00:00,Stage 4,Area 2,150
2023-07-12,14:00:00,Stage 4,Area 10,150
2023-07-12,16:00:00,Stage 4,Area 7,150
2023-07-12,16:00:00,Stage 4,Area 15,150
2023-07-12,16:00:00,Stage 4,Area 3,150
2023-07-12,16:00:00,Stage 4,Area 11,120
2023-07-12,18:00:00,Stage 4,Area 8,150
2023-07-12,18:00:00,Stage 4,Area 16,150
2023-07-12,18:00:00,Stage 4,Area 4,150
2023-07-12,18:00:00,Stage 4,Area 12,150
2023-07-12,20:00:00,Stage 6,Area 5,150
2023-07-12,20:00:00,Stage 6,Area 13,150
2023-07-12,20:00:00,Stage 6,Area 1,150
2023-07-12,20:00:00,Stage 6,Area 2,120
2023-07-12,20:00:00,Stage 6,Area 9,150
2023-07-12,20:00:00,Stage 6,Area 11,150
2023-07-12,22:00:00,Stage 6,Area 6,150
2023-07-12,22:00:00,Stage 6,Area 14,150
2023-07-12,22:00:00,Stage 6,Area 2,150
2023-07-12,22:00:00,Stage 6,Area 3,150
2023-07-12,22:00:00,Stage 6,Area 10,150
2023-07-12,22:00:00,Stage 6,Area 11,150
2023-07-13,00:00:00,Stage 6,Area 8,150
2023-07-13,00:00:00,Stage 6,Area 16,150
2023-07-13,00:00:00,Stage 6,Area 1,120
2023-07-13,00:00:00,Stage 6,Area 4,150
2023-07-13,00:00:00,Stage 6,Area 9,120
2023-07-13,00:00:00,Stage 6,Area 12,150
2023-07-13,02:00:00,Stage 6,Area 5,150
2023-07-13,02:00:00,Stage 6,Area 13,150
2023-07-13,02:00:00,Stage 6,Area 1,150
2023-07-13,02:00:00,Stage 6,Area 2,120
2023-07-13,02:00:00,Stage 6,Area 9,150
2023-07-13,02:00:00,Stage 6,Area 10,120
2023-07-13,04:00:00,Stage 6,Area 6,150
2023-07-13,04:00:00,Stage 6,Area 14,150
2023-07-13,04:00:00,Stage 6,Area 2,150
2023-07-13,04:00:00,Stage 6,Area 3,90
2023-07-13,04:00:00,Stage 6,Area 10,150
2023-07-13,04:00:00,Stage 6,Area 11,90
2023-07-13,06:00:00,Stage 4,Area 7,150
2023-07-13,06:00:00,Stage 4,Area 15,150
2023-07-13,06:00:00,Stage 4,Area 3,150
2023-07-13,06:00:00,Stage 4,Area 11,150
2023-07-13,08:00:00,Stage 4,Area 8,150
2023-07-13,08:00:00,Stage 4,Area 16,150
2023-07-13,08:00:00,Stage 4,Area 4,150
2023-07-13,08:00:00,Stage 4,Area 12,150
2023-07-13,10:00:00,Stage 4,Area 5,150
2023-07-13,10:00:00,Stage 4,Area 13,150
2023-07-13,10:00:00,Stage 4,Area 1,150
2023-07-13,10:00:00,Stage 4,Area 9,150
2023-07-13,12:00:00,Stage 4,Area 6,150
2023-07-13,12:00:00,Stage 4,Area 14,150
2023-07-13,12:00:00,Stage 4,Area 2,150
2023-07-13,12:00:00,Stage 4,Area 10,150
2023-07-13,14:00:00,Stage 4,Area 7,150
2023-07-13,14:00:00,Stage 4,Area 15,150
2023-07-13,14:00:00,Stage 4,Area 3,150
2023-07-13,14:00:00,Stage 4,Area 11,150
2023-07-13,16:00:00,Stage 4,Area 8,150
2023-07-13,16:00:00,Stage 4,Area 16,150
2023-07-13,16:00:00,Stage 4,Area 4,150
2023-07-13,16:00:00,Stage 4,Area 12,150
2023-07-13,18:00:00,Stage 4,Area 5,150
2023-07-13,18:00:00,Stage 4,Area 13,150
2023-07-13,18:00:00,Stage 4,Area 1,150
2023-07-13,18:00:00,Stage 4,Area 9,150
2023-07-13,20:00:00,Stage 4,Area 6,150
2023-07-13,20:00:00,Stage 4,Area 14,150
2023-07-13,20:00:00,Stage 4,Area 2,150
2023-07-13,20:00:00,Stage 4,Area 10,150
2023-07-13,22:00:00,Stage 6,Area 7,150
2023-07-13,22:00:00,Stage 6,Area 15,150
2023-07-13,22:00:00,Stage 6,Area 3,150
2023-07-13,22:00:00,Stage 6,Area 4,150
2023-07-13,22:00:00,Stage 6,Area 11,150
2023-07-13,22:00:00,Stage 6,Area 12,150
2023-07-14,00:00:00,Stage 6,Area 5,120
2023-07-14,00:00:00,Stage 6,Area 8,120
2023-07-14,00:00:00,Stage 6,Area 13,120
2023-07-14,00:00:00,Stage 6,Area 16,120
2023-07-14,00:00:00,Stage 6,Area 4,120
2023-07-14,00:00:00,Stage 6,Area 12,120
2023-07-14,02:00:00,Stage 4,Area 6,120
2023-07-14,02:00:00,Stage 4,Area 14,120
2023-07-14,02:00:00,Stage 4,Area 1,150
2023-07-14,02:00:00,Stage 4,Area 9,150
2023-07-14,04:00:00,Stage 6,Area 6,150
2023-07-14,04:00:00,Stage 6,Area 7,120
2023-07-14,04:00:00,Stage 6,Area 14,150
2023-07-14,04:00:00,Stage 6,Area 15,120
2023-07-14,04:00:00,Stage 6,Area 2,150
2023-07-14,04:00:00,Stage 6,Area 10,150
2023-07-14,06:00:00,Stage 4,Area 7,150
2023-07-14,06:00:00,Stage 4,Area 15,150
2023-07-14,06:00:00,Stage 4,Area 3,150
2023-07-14,06:00:00,Stage 4,Area 11,150
2023-07-14,08:00:00,Stage 4,Area 8,150
2023-07-14,08:00:00,Stage 4,Area 16,150
2023-07-14,08:00:00,Stage 4,Area 4,150
2023-07-14,08:00:00,Stage 4,Area 12,150
2023-07-14,10:00:00,Stage 4,Area 5,150
2023-07-14,10:00:00,Stage 4,Area 13,150
2023-07-14,10:00:00,Stage 4,Area 1,150
2023-07-14,10:00:00,Stage 4,Area 9,150
2023-07-14,12:00:00,Stage 4,Area 6,150
2023-07-14,12:00:00,Stage 4,Area 14,150
2023-07-14,12:00:00,Stage 4,Area 2,150
2023-07-14,12:00:00,Stage 4,Area 10,150
2023-07-14,14:00:00,Stage 4,Area 7,150
2023-07-14,14:00:00,Stage 4,Area 15,150
2023-07-14,14:00:00,Stage 4,Area 3,150
2023-07-14,14:00:00,Stage 4,Area 11,150
2023-07-14,16:00:00,Stage 4,Area 8,150
2023-07-14,16:00:00,Stage 4,Area 16,150
2023-07-14,16:00:00,Stage 4,Area 4,150
2023-07-14,16:00:00,Stage 4,Area 12,150
2023-07-14,18:00:00,Stage 4,Area 5,150
2023-07-14,18:00:00,Stage 4,Area 13,150
2023-07-14,18:00:00,Stage 4,Area 1,150
2023-07-14,18:00:00,Stage 4,Area 9,150
2023-07-14,20:00:00,Stage 6,Area 6,150
2023-07-14,20:00:00,Stage 6,Area 7,120
2023-07-14,20:00:00,Stage 6,Area 14,150
2023-07-14,20:00:00,Stage 6,Area 15,120
2023-07-14,20:00:00,Stage 6,Area 2,30
2023-07-14,20:00:00,Stage 6,Area 10,150
2023-07-14,22:00:00,Stage 6,Area 7,150
2023-07-14,22:00:00,Stage 6,Area 8,150
2023-07-14,22:00:00,Stage 6,Area 15,150
2023-07-14,22:00:00,Stage 6,Area 16,150
2023-07-14,22:00:00,Stage 6,Area 3,150
2023-07-14,22:00:00,Stage 6,Area 11,150
2023-07-15,00:00:00,Stage 6,Area 8,120
2023-07-15,00:00:00,Stage 6,Area 1,120
2023-07-15,00:00:00,Stage 6,Area 9,120
2023-07-15,00:00:00,Stage 6,Area 12,150
2023-07-15,00:00:00,Stage 6,Area 4,150
2023-07-15,00:00:00,Stage 6,Area 16,120
2023-07-15,02:00:00,Stage 6,Area 5,150
2023-07-15,02:00:00,Stage 6,Area 13,150
2023-07-15,02:00:00,Stage 6,Area 1,150
2023-07-15,02:00:00,Stage 6,Area 2,120
2023-07-15,02:00:00,Stage 6,Area 9,150
2023-07-15,02:00:00,Stage 6,Area 10,120
2023-07-15,04:00:00,Stage 6,Area 6,150
2023-07-15,04:00:00,Stage 6,Area 14,150
2023-07-15,04:00:00,Stage 6,Area 2,150
2023-07-15,04:00:00,Stage 6,Area 3,120
2023-07-15,04:00:00,Stage 6,Area 10,150
2023-07-15,04:00:00,Stage 6,Area 11,120
2023-07-15,06:00:00,Stage 6,Area 7,150
2023-07-15,06:00:00,Stage 6,Area 15,150
2023-07-15,06:00:00,Stage 6,Area 3,150
2023-07-15,06:00:00,Stage 6,Area 12,120
2023-07-15,06:00:00,Stage 6,Area 4,120
2023-07-15,06:00:00,Stage 6,Area 11,150
2023-07-15,08:00:00,Stage 6,Area 5,120
2023-07-15,08:00:00,Stage 6,Area 8,150
2023-07-15,08:00:00,Stage 6,Area 13,120
2023-07-15,08:00:00,Stage 6,Area 12,150
2023-07-15,08:00:00,Stage 6,Area 4,150
2023-07-15,08:00:00,Stage 6,Area 16,120
2023-07-15,10:00:00,Stage 6,Area 5,210
2023-07-15,10:00:00,Stage 6,Area 6,120
2023-07-15,10:00:00,Stage 6,Area 13,150
2023-07-15,10:00:00,Stage 6,Area 14,120
2023-07-15,10:00:00,Stage 6,Area 1,150
2023-07-15,10:00:00,Stage 6,Area 9,150
2023-07-15,12:00:00,Stage 6,Area 6,150
2023-07-15,12:00:00,Stage 6,Area 7,120
2023-07-15,12:00:00,Stage 6,Area 14,150
2023-07-15,12:00:00,Stage 6,Area 15,120
2023-07-15,12:00:00,Stage 6,Area 2,120
2023-07-15,12:00:00,Stage 6,Area 10,150
2023-07-15,14:00:00,Stage 6,Area 7,150
2023-07-15,14:00:00,Stage 6,Area 8,120
2023-07-15,14:00:00,Stage 6,Area 15,150
2023-07-15,14:00:00,Stage 6,Area 3,150
2023-07-15,14:00:00,Stage 6,Area 11,150
2023-07-15,14:00:00,Stage 6,Area 16,120
2023-07-15,16:00:00,Stage 6,Area 8,150
2023-07-15,16:00:00,Stage 6,Area 1,120
2023-07-15,16:00:00,Stage 6,Area 9,120
2023-07-15,16:00:00,Stage 6,Area 12,150
2023-07-15,16:00:00,Stage 6,Area 4,150
2023-07-15,16:00:00,Stage 6,Area 16,150
2023-07-15,18:00:00,Stage 6,Area 5,150
2023-07-15,18:00:00,Stage 6,Area 13,150
2023-07-15,18:00:00,Stage 6,Area 1,150
2023-07-15,18:00:00,Stage 6,Area 2,120
2023-07-15,18:00:00,Stage 6,Area 9,120
2023-07-15,18:00:00,Stage 6,Area 10,123
2023-07-15,20:00:00,Stage 6,Area 6,120
2023-07-15,20:00:00,Stage 6,Area 14,120
2023-07-15,20:00:00,Stage 6,Area 2,150
2023-07-15,20:00:00,Stage 6,Area 3,120
2023-07-15,20:00:00,Stage 6,Area 10,120
2023-07-15,20:00:00,Stage 6,Area 11,120
2023-07-15,22:00:00,Stage 6,Area 7,120
2023-07-15,22:00:00,Stage 6,Area 15,120
2023-07-15,22:00:00,Stage 6,Area 3,120
2023-07-15,22:00:00,Stage 6,Area 12,100
2023-07-15,22:00:00,Stage 6,Area 4,120
2023-07-15,22:00:00,Stage 6,Area 11,100
2023-07-16,00:00:00,Stage 3,Area 8,56
2023-07-16,00:00:00,Stage 3,Area 4,56
2023-07-16,00:00:00,Stage 3,Area 16,56
2023-07-16,08:00:00,Stage 2,Area 12,150
2023-07-16,08:00:00,Stage 2,Area 4,150
2023-07-16,10:00:00,Stage 2,Area 5,120
2023-07-16,10:00:00,Stage 2,Area 13,150
2023-07-16,12:00:00,Stage 2,Area 6,150
2023-07-16,12:00:00,Stage 2,Area 14,150
2023-07-16,14:00:00,Stage 2,Area 7,150
2023-07-16,14:00:00,Stage 2,Area 15,150
2023-07-16,16:00:00,Stage 4,Area 8,150
2023-07-16,16:00:00,Stage 4,Area 12,150
2023-07-16,16:00:00,Stage 4,Area 4,150
2023-07-16,16:00:00,Stage 4,Area 16,150
2023-07-16,18:00:00,Stage 4,Area 5,150
2023-07-16,18:00:00,Stage 4,Area 13,150
2023-07-16,18:00:00,Stage 4,Area 1,150
2023-07-16,18:00:00,Stage 4,Area 9,150
2023-07-16,20:00:00,Stage 4,Area 6,150
2023-07-16,20:00:00,Stage 4,Area 14,150
2023-07-16,20:00:00,Stage 4,Area 2,150
2023-07-16,20:00:00,Stage 4,Area 10,150
2023-07-16,22:00:00,Stage 4,Area 7,90
2023-07-16,22:00:00,Stage 4,Area 15,90
2023-07-16,22:00:00,Stage 4,Area 3,120
2023-07-16,22:00:00,Stage 4,Area 11,90
2023-07-17,05:00:00,Stage 2,Area 3,60
2023-07-17,05:00:00,Stage 2,Area 11,60
2023-07-17,06:00:00,Stage 2,Area 12,120
2023-07-17,06:00:00,Stage 2,Area 4,150
2023-07-17,08:00:00,Stage 2,Area 5,150
2023-07-17,08:00:00,Stage 2,Area 13,150
2023-07-17,10:00:00,Stage 2,Area 6,150
2023-07-17,10:00:00,Stage 2,Area 14,150
2023-07-17,12:00:00,Stage 2,Area 7,150
2023-07-17,12:00:00,Stage 2,Area 15,150
2023-07-17,14:00:00,Stage 2,Area 8,150
2023-07-17,14:00:00,Stage 2,Area 16,150
2023-07-17,16:00:00,Stage 2,Area 1,150
2023-07-17,16:00:00,Stage 2,Area 9,150
2023-07-17,18:00:00,Stage 2,Area 2,150
2023-07-17,18:00:00,Stage 2,Area 10,150
2023-07-17,20:00:00,Stage 2,Area 3,150
2023-07-17,20:00:00,Stage 2,Area 11,150
2023-07-17,22:00:00,Stage 4,Area 8,90
2023-07-17,22:00:00,Stage 4,Area 12,150
2023-07-17,22:00:00,Stage 4,Area 4,90
2023-07-17,22:00:00,Stage 4,Area 16,90
2023-07-18,06:00:00,Stage 1,Area 16,150
2023-07-18,08:00:00,Stage 1,Area 1,150
2023-07-18,10:00:00,Stage 1,Area 2,150
2023-07-18,12:00:00,Stage 1,Area 3,150
2023-07-18,14:00:00,Stage 1,Area 4,120
2023-07-18,16:00:00,Stage 1,Area 5,120
2023-07-18,18:00:00,Stage 1,Area 6,150
2023-07-18,20:00:00,Stage 1,Area 7,150
2023-07-18,22:00:00,Stage 3,Area 8,105
2023-07-18,22:00:00,Stage 3,Area 4,120
2023-07-18,22:00:00,Stage 3,Area 16,105
2023-07-19,06:00:00,Stage 1,Area 12,150
2023-07-19,08:00:00,Stage 1,Area 13,150
2023-07-19,10:00:00,Stage 1,Area 14,150
2023-07-19,12:00:00,Stage 1,Area 15,150
2023-07-19,14:00:00,Stage 1,Area 16,120
2023-07-19,16:00:00,Stage 2,Area 1,120
2023-07-19,16:00:00,Stage 2,Area 9,120
2023-07-19,18:00:00,Stage 2,Area 2,150
2023-07-19,18:00:00,Stage 2,Area 10,150
2023-07-19,20:00:00,Stage 2,Area 3,150
2023-07-19,20:00:00,Stage 2,Area 11,150
2023-07-19,22:00:00,Stage 4,Area 8,105
2023-07-19,22:00:00,Stage 4,Area 4,105
2023-07-19,22:00:00,Stage 4,Area 16,105
2023-07-19,22:00:00,Stage 4,Area 12,105
2023-07-20,04:00:00,Stage 3,Area 3,150
2023-07-20,04:00:00,Stage 3,Area 15,150
2023-07-20,04:00:00,Stage 3,Area 7,150
2023-07-20,06:00:00,Stage 2,Area 8,150
2023-07-20,06:00:00,Stage 2,Area 16,150
2023-07-20,08:00:00,Stage 2,Area 1,150
2023-07-20,08:00:00,Stage 2,Area 9,150
2023-07-20,09:00:00,Stage 2,Area 5,90
2023-07-20,10:00:00,Stage 3,Area 2,150
2023-07-20,10:00:00,Stage 3,Area 10,150
2023-07-20,10:00:00,Stage 3,Area 6,150
2023-07-20,12:00:00,Stage 3,Area 3,150
2023-07-20,12:00:00,Stage 3,Area 11,150
2023-07-20,12:00:00,Stage 3,Area 7,150
2023-07-20,14:00:00,Stage 3,Area 8,120
2023-07-20,14:00:00,Stage 3,Area 4,120
2023-07-20,14:00:00,Stage 3,Area 12,120
2023-07-20,16:00:00,Stage 3,Area 9,120
2023-07-20,16:00:00,Stage 3,Area 13,120
2023-07-20,16:00:00,Stage 3,Area 5,120
2023-07-20,18:00:00,Stage 2,Area 14,120
2023-07-20,18:00:00,Stage 2,Area 6,120
2023-07-20,20:00:00,Stage 2,Area 15,225
2023-07-20,20:00:00,Stage 2,Area 7,120
2023-07-20,22:00:00,Stage 4,Area 8,107
2023-07-20,22:00:00,Stage 4,Area 4,110
2023-07-20,22:00:00,Stage 4,Area 16,105
2023-07-20,22:00:00,Stage 4,Area 12,105
2023-07-21,03:35:00,Stage 2,Area 3,25
2023-07-21,03:35:00,Stage 2,Area 11,25
2023-07-21,04:00:00,Stage 2,Area 4,150
2023-07-21,04:00:00,Stage 2,Area 12,60
2023-07-21,06:00:00,Stage 1,Area 5,150
2023-07-21,08:00:00,Stage 1,Area 6,120
2023-07-21,10:00:00,Stage 3,Area 3,120
2023-07-21,10:00:00,Stage 3,Area 15,120
2023-07-21,10:00:00,Stage 3,Area 7,120
2023-07-21,12:00:00,Stage 3,Area 8,120
2023-07-21,12:00:00,Stage 3,Area 4,120
2023-07-21,12:00:00,Stage 3,Area 16,120
2023-07-21,14:00:00,Stage 3,Area 1,120
2023-07-21,14:00:00,Stage 3,Area 9,120
2023-07-21,14:00:00,Stage 3,Area 5,120
2023-07-21,16:00:00,Stage 3,Area 2,120
2023-07-21,16:00:00,Stage 3,Area 10,120
2023-07-21,16:00:00,Stage 3,Area 6,120
2023-07-21,18:00:00,Stage 3,Area 3,150
2023-07-21,18:00:00,Stage 3,Area 11,150
2023-07-21,18:00:00,Stage 3,Area 7,150
2023-07-21,20:00:00,Stage 3,Area 8,150
2023-07-21,20:00:00,Stage 3,Area 4,150
2023-07-21,20:00:00,Stage 3,Area 12,150
2023-07-21,22:00:00,Stage 3,Area 9,150
2023-07-21,22:00:00,Stage 3,Area 13,150
2023-07-21,22:00:00,Stage 3,Area 5,150
2023-07-22,00:00:00,Stage 4,Area 2,36
2023-07-22,00:00:00,Stage 4,Area 10,110
2023-07-22,00:00:00,Stage 4,Area 6,110
2023-07-22,00:00:00,Stage 4,Area 14,103
2023-07-22,06:00:00,Stage 4,Area 1,150
2023-07-22,06:00:00,Stage 4,Area 9,150
2023-07-22,06:00:00,Stage 4,Area 13,150
2023-07-22,06:00:00,Stage 4,Area 5,150
2023-07-22,08:00:00,Stage 4,Area 2,150
2023-07-22,08:00:00,Stage 4,Area 10,150
2023-07-22,08:00:00,Stage 4,Area 6,150
2023-07-22,08:00:00,Stage 4,Area 14,150
2023-07-22,10:00:00,Stage 4,Area 3,150
2023-07-22,10:00:00,Stage 4,Area 11,150
2023-07-22,10:00:00,Stage 4,Area 15,150
2023-07-22,10:00:00,Stage 4,Area 7,150
2023-07-22,12:00:00,Stage 4,Area 8,150
2023-07-22,12:00:00,Stage 4,Area 4,150
2023-07-22,12:00:00,Stage 4,Area 16,150
2023-07-22,12:00:00,Stage 4,Area 12,150
2023-07-22,14:00:00,Stage 4,Area 1,120
2023-07-22,14:00:00,Stage 4,Area 9,120
2023-07-22,14:00:00,Stage 4,Area 13,120
2023-07-22,14:00:00,Stage 4,Area 5,120
2023-07-22,16:00:00,Stage 4,Area 2,120
2023-07-22,16:00:00,Stage 4,Area 10,120
2023-07-22,16:00:00,Stage 4,Area 6,120
2023-07-22,16:00:00,Stage 4,Area 14,120
2023-07-22,18:00:00,Stage 4,Area 3,150
2023-07-22,18:00:00,Stage 4,Area 11,150
2023-07-22,18:00:00,Stage 4,Area 15,150
2023-07-22,18:00:00,Stage 4,Area 7,150
2023-07-22,20:00:00,Stage 4,Area 8,150
2023-07-22,20:00:00,Stage 4,Area 4,150
2023-07-22,20:00:00,Stage 4,Area 16,150
2023-07-22,20:00:00,Stage 4,Area 12,150
2023-07-22,22:00:00,Stage 4,Area 1,150
2023-07-22,22:00:00,Stage 4,Area 9,150
2023-07-22,22:00:00,Stage 4,Area 13,150
2023-07-22,22:00:00,Stage 4,Area 5,150
2023-07-23,00:00:00,Stage 4,Area 2,150
2023-07-23,00:00:00,Stage 4,Area 10,150
2023-07-23,00:00:00,Stage 4,Area 6,150
2023-07-23,00:00:00,Stage 4,Area 14,150
2023-07-23,02:00:00,Stage 4,Area 3,150
2023-07-23,02:00:00,Stage 4,Area 11,150
2023-07-23,02:00:00,Stage 4,Area 15,40
2023-07-23,02:00:00,Stage 4,Area 7,40
2023-07-23,04:00:00,Stage 2,Area 4,150
2023-07-23,04:00:00,Stage 2,Area 12,150
2023-07-23,06:00:00,Stage 2,Area 13,120
2023-07-23,06:00:00,Stage 2,Area 5,120
2023-07-23,08:00:00,Stage 2,Area 6,120
2023-07-23,08:00:00,Stage 2,Area 14,120
2023-07-23,10:00:00,Stage 2,Area 15,120
2023-07-23,10:00:00,Stage 2,Area 7,120
2023-07-23,12:00:00,Stage 2,Area 8,120
2023-07-23,12:00:00,Stage 2,Area 16,120
2023-07-23,14:00:00,Stage 4,Area 1,120
2023-07-23,14:00:00,Stage 4,Area 9,120
2023-07-23,14:00:00,Stage 4,Area 13,120
2023-07-23,14:00:00,Stage 4,Area 5,120
2023-07-23,16:00:00,Stage 4,Area 2,120
2023-07-23,16:00:00,Stage 4,Area 10,120
2023-07-23,16:00:00,Stage 4,Area 6,120
2023-07-23,16:00:00,Stage 4,Area 14,120
2023-07-23,18:00:00,Stage 4,Area 3,150
2023-07-23,18:00:00,Stage 4,Area 11,150
2023-07-23,18:00:00,Stage 4,Area 15,150
2023-07-23,18:00:00,Stage 4,Area 7,150
2023-07-23,20:00:00,Stage 4,Area 8,150
2023-07-23,20:00:00,Stage 4,Area 4,150
2023-07-23,20:00:00,Stage 4,Area 16,150
2023-07-23,20:00:00,Stage 4,Area 12,150
2023-07-23,22:00:00,Stage 4,Area 1,150
2023-07-23,22:00:00,Stage 4,Area 9,150
2023-07-23,22:00:00,Stage 4,Area 13,150
2023-07-23,22:00:00,Stage 4,Area 5,150
2023-07-24,00:00:00,Stage 4,Area 2,150
2023-07-24,00:00:00,Stage 4,Area 10,150
2023-07-24,00:00:00,Stage 4,Area 6,150
2023-07-24,00:00:00,Stage 4,Area 14,150
2023-07-24,02:00:00,Stage 4,Area 3,150
2023-07-24,02:00:00,Stage 4,Area 11,150
2023-07-24,02:00:00,Stage 4,Area 15,150
2023-07-24,02:00:00,Stage 4,Area 7,150
2023-07-24,04:00:00,Stage 4,Area 8,150
2023-07-24,04:00:00,Stage 4,Area 4,150
2023-07-24,04:00:00,Stage 4,Area 16,150
2023-07-24,04:00:00,Stage 4,Area 12,90
2023-07-24,06:00:00,Stage 3,Area 1,150
2023-07-24,06:00:00,Stage 3,Area 9,150
2023-07-24,06:00:00,Stage 3,Area 5,150
2023-07-24,08:00:00,Stage 3,Area 2,120
2023-07-24,08:00:00,Stage 3,Area 10,120
2023-07-24,08:00:00,Stage 3,Area 6,120
2023-07-24,10:00:00,Stage 3,Area 3,120
2023-07-24,10:00:00,Stage 3,Area 11,120
2023-07-24,10:00:00,Stage 3,Area 7,120
2023-07-24,12:00:00,Stage 3,Area 8,120
2023-07-24,12:00:00,Stage 3,Area 4,120
2023-07-24,12:00:00,Stage 3,Area 12,120
2023-07-24,14:00:00,Stage 4,Area 1,150
2023-07-24,14:00:00,Stage 4,Area 9,120
2023-07-24,14:00:00,Stage 4,Area 13,120
2023-07-24,14:00:00,Stage 4,Area 5,120
2023-07-24,16:00:00,Stage 3,Area 10,150
2023-07-24,16:00:00,Stage 3,Area 6,150
2023-07-24,16:00:00,Stage 3,Area 14,150
2023-07-24,18:00:00,Stage 3,Area 11,150
2023-07-24,18:00:00,Stage 3,Area 15,150
2023-07-24,18:00:00,Stage 3,Area 7,150
2023-07-24,20:00:00,Stage 3,Area 8,150
2023-07-24,20:00:00,Stage 3,Area 16,150
2023-07-24,20:00:00,Stage 3,Area 12,150
2023-07-24,22:00:00,Stage 5,Area 1,150
2023-07-24,22:00:00,Stage 5,Area 2,60
2023-07-24,22:00:00,Stage 5,Area 9,150
2023-07-24,22:00:00,Stage 5,Area 13,60
2023-07-24,22:00:00,Stage 5,Area 5,60
2023-07-25,00:00:00,Stage 2,Area 3,28
2023-07-25,00:00:00,Stage 2,Area 11,24
2023-07-25,04:30:00,Stage 4,Area 1,120
2023-07-25,04:30:00,Stage 4,Area 9,120
2023-07-25,04:30:00,Stage 4,Area 13,120
2023-07-25,04:30:00,Stage 4,Area 5,120
2023-07-25,06:00:00,Stage 4,Area 2,120
2023-07-25,06:00:00,Stage 4,Area 10,120
2023-07-25,06:00:00,Stage 4,Area 6,120
2023-07-25,06:00:00,Stage 4,Area 14,120
2023-07-25,08:00:00,Stage 4,Area 3,120
2023-07-25,08:00:00,Stage 4,Area 11,120
2023-07-25,08:00:00,Stage 4,Area 15,120
2023-07-25,08:00:00,Stage 4,Area 7,120
2023-07-25,10:00:00,Stage 4,Area 8,120
2023-07-25,10:00:00,Stage 4,Area 4,120
2023-07-25,10:00:00,Stage 4,Area 16,360
2023-07-25,10:00:00,Stage 4,Area 12,120
2023-07-25,12:00:00,Stage 4,Area 1,150
2023-07-25,12:00:00,Stage 4,Area 9,150
2023-07-25,12:00:00,Stage 4,Area 13,150
2023-07-25,12:00:00,Stage 4,Area 5,150
2023-07-25,14:00:00,Stage 4,Area 2,150
2023-07-25,14:00:00,Stage 4,Area 10,150
2023-07-25,14:00:00,Stage 4,Area 6,150
2023-07-25,14:00:00,Stage 4,Area 14,150
2023-07-25,16:00:00,Stage 4,Area 3,150
2023-07-25,16:00:00,Stage 4,Area 11,150
2023-07-25,17:00:00,Stage 4,Area 15,90
2023-07-25,17:00:00,Stage 4,Area 7,90
2023-07-25,18:00:00,Stage 4,Area 8,150
2023-07-25,18:00:00,Stage 4,Area 4,150
2023-07-25,18:00:00,Stage 4,Area 16,150
2023-07-25,18:00:00,Stage 4,Area 12,150
2023-07-25,20:00:00,Stage 4,Area 1,150
2023-07-25,20:00:00,Stage 4,Area 9,150
2023-07-25,20:00:00,Stage 4,Area 13,150
2023-07-25,20:00:00,Stage 4,Area 5,150
2023-07-25,22:00:00,Stage 4,Area 2,40
2023-07-25,22:00:00,Stage 4,Area 10,75
2023-07-25,22:00:00,Stage 4,Area 6,54
2023-07-25,22:00:00,Stage 4,Area 14,88
2023-07-26,04:00:00,Stage 4,Area 1,150
2023-07-26,04:00:00,Stage 4,Area 9,150
2023-07-26,04:00:00,Stage 4,Area 13,150
2023-07-26,04:00:00,Stage 4,Area 5,150
2023-07-26,06:00:00,Stage 4,Area 2,150
2023-07-26,06:00:00,Stage 4,Area 10,150
2023-07-26,06:00:00,Stage 4,Area 6,150
2023-07-26,06:00:00,Stage 4,Area 14,150
2023-07-26,08:00:00,Stage 4,Area 3,120
2023-07-26,08:00:00,Stage 4,Area 11,120
2023-07-26,08:00:00,Stage 4,Area 15,120
2023-07-26,08:00:00,Stage 4,Area 7,120
2023-07-26,10:00:00,Stage 4,Area 8,120
2023-07-26,10:00:00,Stage 4,Area 4,120
2023-07-26,10:00:00,Stage 4,Area 16,120
2023-07-26,10:00:00,Stage 4,Area 12,120
2023-07-26,12:00:00,Stage 4,Area 1,150
2023-07-26,12:00:00,Stage 4,Area 9,120
2023-07-26,12:00:00,Stage 4,Area 13,150
2023-07-26,12:00:00,Stage 4,Area 5,150
2023-07-26,14:00:00,Stage 4,Area 2,150
2023-07-26,14:00:00,Stage 4,Area 10,150
2023-07-26,14:00:00,Stage 4,Area 6,150
2023-07-26,14:00:00,Stage 4,Area 14,150
2023-07-26,16:00:00,Stage 2,Area 15,150
2023-07-26,16:00:00,Stage 2,Area 7,150
2023-07-26,18:00:00,Stage 2,Area 8,150
2023-07-26,18:00:00,Stage 2,Area 16,150
2023-07-26,20:00:00,Stage 2,Area 1,120
2023-07-26,20:00:00,Stage 2,Area 9,120
2023-07-26,22:00:00,Stage 4,Area 2,120
2023-07-26,22:00:00,Stage 4,Area 10,120
2023-07-26,22:00:00,Stage 4,Area 6,120
2023-07-26,22:00:00,Stage 4,Area 14,120
2023-07-27,00:00:00,Stage 2,Area 3,120
2023-07-27,00:00:00,Stage 2,Area 11,120
2023-07-27,02:00:00,Stage 2,Area 4,120
2023-07-27,02:00:00,Stage 2,Area 12,120
2023-07-27,04:00:00,Stage 4,Area 1,120
2023-07-27,04:00:00,Stage 4,Area 9,120
2023-07-27,04:00:00,Stage 4,Area 13,120
2023-07-27,04:00:00,Stage 4,Area 5,120
2023-07-27,06:00:00,Stage 4,Area 2,120
2023-07-27,06:00:00,Stage 4,Area 10,120
2023-07-27,06:00:00,Stage 4,Area 6,120
2023-07-27,06:00:00,Stage 4,Area 14,120
2023-07-27,08:00:00,Stage 4,Area 3,120
2023-07-27,08:00:00,Stage 4,Area 11,120
2023-07-27,08:00:00,Stage 4,Area 15,120
2023-07-27,08:00:00,Stage 4,Area 7,120
2023-07-27,10:00:00,Stage 4,Area 8,120
2023-07-27,10:00:00,Stage 4,Area 4,120
2023-07-27,10:00:00,Stage 4,Area 16,120
2023-07-27,10:00:00,Stage 4,Area 12,120
2023-07-27,12:00:00,Stage 4,Area 1,150
2023-07-27,12:00:00,Stage 4,Area 9,150
2023-07-27,12:00:00,Stage 4,Area 13,150
2023-07-27,12:00:00,Stage 4,Area 5,150
2023-07-27,14:00:00,Stage 4,Area 2,150
2023-07-27,14:00:00,Stage 4,Area 10,150
2023-07-27,14:00:00,Stage 4,Area 6,150
2023-07-27,14:00:00,Stage 4,Area 14,150
2023-07-27,16:00:00,Stage 2,Area 3,150
2023-07-27,16:00:00,Stage 2,Area 11,150
2023-07-27,18:00:00,Stage 2,Area 4,150
2023-07-27,18:00:00,Stage 2,Area 12,150
2023-07-27,20:00:00,Stage 2,Area 13,120
2023-07-27,20:00:00,Stage 2,Area 5,120
2023-07-27,22:00:00,Stage 4,Area 2,120
2023-07-27,22:00:00,Stage 4,Area 10,120
2023-07-27,22:00:00,Stage 4,Area 6,120
2023-07-27,22:00:00,Stage 4,Area 14,120
2023-07-28,00:00:00,Stage 4,Area 3,120
2023-07-28,00:00:00,Stage 4,Area 11,120
2023-07-28,00:00:00,Stage 4,Area 15,120
2023-07-28,00:00:00,Stage 4,Area 7,120
2023-07-28,02:00:00,Stage 4,Area 8,120
2023-07-28,02:00:00,Stage 4,Area 4,120
2023-07-28,02:00:00,Stage 4,Area 16,120
2023-07-28,02:00:00,Stage 4,Area 12,120
2023-07-28,04:00:00,Stage 4,Area 1,120
2023-07-28,04:00:00,Stage 4,Area 9,120
2023-07-28,04:00:00,Stage 4,Area 13,120
2023-07-28,04:00:00,Stage 4,Area 5,120
2023-07-28,06:00:00,Stage 4,Area 2,120
2023-07-28,06:00:00,Stage 4,Area 10,120
2023-07-28,06:00:00,Stage 4,Area 6,120
2023-07-28,06:00:00,Stage 4,Area 14,120
2023-07-28,08:00:00,Stage 3,Area 3,150
2023-07-28,08:00:00,Stage 3,Area 11,150
2023-07-28,08:00:00,Stage 3,Area 7,150
2023-07-28,10:00:00,Stage 3,Area 8,150
2023-07-28,10:00:00,Stage 3,Area 4,150
2023-07-28,10:00:00,Stage 3,Area 12,150
2023-07-28,12:00:00,Stage 3,Area 9,150
2023-07-28,12:00:00,Stage 3,Area 13,150
2023-07-28,12:00:00,Stage 3,Area 5,150
2023-07-28,14:00:00,Stage 3,Area 10,120
2023-07-28,14:00:00,Stage 3,Area 6,150
2023-07-28,14:00:00,Stage 3,Area 14,150
2023-07-28,16:00:00,Stage 2,Area 15,150
2023-07-28,16:00:00,Stage 2,Area 7,150
2023-07-28,18:00:00,Stage 2,Area 8,150
2023-07-28,18:00:00,Stage 2,Area 16,150
2023-07-28,20:00:00,Stage 2,Area 1,120
2023-07-28,20:00:00,Stage 2,Area 9,120
2023-07-28,22:00:00,Stage 4,Area 2,120
2023-07-28,22:00:00,Stage 4,Area 10,120
2023-07-28,22:00:00,Stage 4,Area 6,120
2023-07-28,22:00:00,Stage 4,Area 14,120
2023-07-29,00:00:00,Stage 4,Area 8,35
2023-07-29,00:00:00,Stage 4,Area 4,120
2023-07-29,00:00:00,Stage 4,Area 16,120
2023-07-29,00:00:00,Stage 4,Area 12,120
2023-07-29,02:00:00,Stage 3,Area 1,120
2023-07-29,02:00:00,Stage 3,Area 13,120
2023-07-29,02:00:00,Stage 3,Area 5,120
2023-07-29,04:00:00,Stage 3,Area 2,120
2023-07-29,04:00:00,Stage 3,Area 6,120
2023-07-29,04:00:00,Stage 3,Area 14,120
2023-07-29,06:00:00,Stage 3,Area 3,120
2023-07-29,06:00:00,Stage 3,Area 15,120
2023-07-29,06:00:00,Stage 3,Area 7,120
2023-07-29,08:00:00,Stage 3,Area 8,150
2023-07-29,08:00:00,Stage 3,Area 4,150
2023-07-29,08:00:00,Stage 3,Area 16,150
2023-07-29,10:00:00,Stage 3,Area 1,150
2023-07-29,10:00:00,Stage 3,Area 9,150
2023-07-29,10:00:00,Stage 3,Area 5,150
2023-07-29,12:00:00,Stage 3,Area 2,150
2023-07-29,12:00:00,Stage 3,Area 10,150
2023-07-29,12:00:00,Stage 3,Area 6,150
2023-07-29,14:00:00,Stage 3,Area 3,150
2023-07-29,14:00:00,Stage 3,Area 11,150
2023-07-29,14:00:00,Stage 3,Area 7,150
2023-07-29,16:00:00,Stage 4,Area 8,150
2023-07-29,16:00:00,Stage 4,Area 4,150
2023-07-29,16:00:00,Stage 4,Area 16,150
2023-07-29,16:00:00,Stage 4,Area 12,150
2023-07-29,18:00:00,Stage 4,Area 1,120
2023-07-29,18:00:00,Stage 4,Area 9,120
2023-07-29,18:00:00,Stage 4,Area 13,120
2023-07-29,18:00:00,Stage 4,Area 5,120
2023-07-29,20:00:00,Stage 4,Area 2,120
2023-07-29,20:00:00,Stage 4,Area 10,120
2023-07-29,20:00:00,Stage 4,Area 6,120
2023-07-29,20:00:00,Stage 4,Area 14,120
2023-07-29,22:00:00,Stage 4,Area 3,45
2023-07-29,22:00:00,Stage 4,Area 11,45
2023-07-29,22:00:00,Stage 4,Area 15,120
2023-07-29,22:00:00,Stage 4,Area 7,114
2023-07-30,06:00:00,Stage 2,Area 3,120
2023-07-30,06:00:00,Stage 2,Area 11,120
2023-07-30,08:00:00,Stage 2,Area 4,120
2023-07-30,08:00:00,Stage 2,Area 12,150
2023-07-30,10:00:00,Stage 2,Area 13,150
2023-07-30,10:00:00,Stage 2,Area 5,150
2023-07-30,12:00:00,Stage 2,Area 6,150
2023-07-30,12:00:00,Stage 2,Area 14,150
2023-07-30,14:00:00,Stage 2,Area 15,150
2023-07-30,14:00:00,Stage 2,Area 7,150
2023-07-30,16:00:00,Stage 4,Area 8,150
2023-07-30,16:00:00,Stage 4,Area 4,150
2023-07-30,16:00:00,Stage 4,Area 16,150
2023-07-30,16:00:00,Stage 4,Area 12,150
2023-07-30,18:00:00,Stage 4,Area 1,150
2023-07-30,18:00:00,Stage 4,Area 9,150
2023-07-30,18:00:00,Stage 4,Area 13,150
2023-07-30,18:00:00,Stage 4,Area 5,150
2023-07-30,20:00:00,Stage 4,Area 2,120
2023-07-30,20:00:00,Stage 4,Area 10,120
2023-07-30,20:00:00,Stage 4,Area 6,120
2023-07-30,20:00:00,Stage 4,Area 14,120
2023-07-30,22:00:00,Stage 2,Area 3,60
2023-07-30,22:00:00,Stage 2,Area 11,60
2023-07-31,05:00:00,Stage 2,Area 6,60
2023-07-31,05:00:00,Stage 2,Area 14,60
2023-07-31,06:00:00,Stage 2,Area 15,120
2023-07-31,06:00:00,Stage 2,Area 7,120
2023-07-31,08:00:00,Stage 2,Area 8,120
2023-07-31,08:00:00,Stage 2,Area 16,120
2023-07-31,10:00:00,Stage 2,Area 1,120
2023-07-31,10:00:00,Stage 2,Area 9,120
2023-07-31,12:00:00,Stage 2,Area 2,120
2023-07-31,12:00:00,Stage 2,Area 10,120
2023-07-31,14:00:00,Stage 2,Area 3,120
2023-07-31,14:00:00,Stage 2,Area 11,120
2023-07-31,16:00:00,Stage 2,Area 4,120
2023-07-31,16:00:00,Stage 2,Area 12,120
2023-07-31,18:00:00,Stage 2,Area 13,120
2023-07-31,18:00:00,Stage 2,Area 5,120
2023-07-31,20:00:00,Stage 2,Area 6,120
2023-07-31,20:00:00,Stage 2,Area 14,120
2023-07-31,22:00:00,Stage 4,Area 3,90
2023-07-31,22:00:00,Stage 4,Area 11,90
2023-07-31,22:00:00,Stage 4,Area 15,120
2023-07-31,22:00:00,Stage 4,Area 7,120
2023-08-01,00:00:00,Stage 2,Area 1,80
2023-08-01,00:00:00,Stage 2,Area 9,80
2023-08-01,06:00:00,Stage 2,Area 4,120
2023-08-01,06:00:00,Stage 2,Area 12,120
2023-08-01,08:00:00,Stage 2,Area 5,120
2023-08-01,08:00:00,Stage 2,Area 13,120
2023-08-01,10:00:00,Stage 2,Area 6,120
2023-08-01,10:00:00,Stage 2,Area 14,120
2023-08-01,12:00:00,Stage 2,Area 7,150
2023-08-01,12:00:00,Stage 2,Area 15,150
2023-08-01,14:00:00,Stage 2,Area 8,150
2023-08-01,14:00:00,Stage 2,Area 16,150
2023-08-01,16:00:00,Stage 2,Area 1,150
2023-08-01,16:00:00,Stage 2,Area 9,150
2023-08-01,18:00:00,Stage 2,Area 2,150
2023-08-01,18:00:00,Stage 2,Area 10,150
2023-08-01,20:00:00,Stage 2,Area 3,150
2023-08-01,20:00:00,Stage 2,Area 11,150
2023-08-01,22:00:00,Stage 4,Area 8,120
2023-08-01,22:00:00,Stage 4,Area 16,120
2023-08-01,22:00:00,Stage 4,Area 4,120
2023-08-01,22:00:00,Stage 4,Area 12,120
2023-08-02,00:00:00,Stage 3,Area 5,114
2023-08-02,00:00:00,Stage 3,Area 13,120
2023-08-02,00:00:00,Stage 3,Area 9,50
2023-08-02,02:00:00,Stage 1,Area 14,120
2023-08-02,04:00:00,Stage 1,Area 15,120
2023-08-02,06:00:00,Stage 1,Area 16,120
2023-08-02,08:00:00,Stage 1,Area 1,150
2023-08-02,10:00:00,Stage 1,Area 2,150
2023-08-02,12:00:00,Stage 1,Area 3,150
2023-08-02,14:00:00,Stage 1,Area 4,150
2023-08-02,16:00:00,Stage 2,Area 5,150
2023-08-02,16:00:00,Stage 2,Area 13,150
2023-08-02,18:00:00,Stage 2,Area 6,150
2023-08-02,18:00:00,Stage 2,Area 14,150
2023-08-02,20:00:00,Stage 2,Area 7,120
2023-08-02,20:00:00,Stage 2,Area 15,120
2023-08-02,22:00:00,Stage 4,Area 8,115
2023-08-02,22:00:00,Stage 4,Area 16,115
2023-08-02,22:00:00,Stage 4,Area 4,55
2023-08-02,22:00:00,Stage 4,Area 12,55
2023-08-03,05:00:00,Stage 1,Area 11,90
2023-08-03,06:00:00,Stage 1,Area 12,120
2023-08-03,08:00:00,Stage 1,Area 13,120
2023-08-03,10:00:00,Stage 1,Area 14,150
2023-08-03,12:00:00,Stage 1,Area 15,150
2023-08-03,14:00:00,Stage 1,Area 16,120
2023-08-03,16:00:00,Stage 2,Area 1,150
2023-08-03,16:00:00,Stage 2,Area 9,150
2023-08-03,18:00:00,Stage 2,Area 2,150
2023-08-03,18:00:00,Stage 2,Area 10,150
2023-08-03,20:00:00,Stage 2,Area 3,120
2023-08-03,20:00:00,Stage 2,Area 11,120
2023-08-03,22:00:00,Stage 4,Area 8,60
2023-08-03,22:00:00,Stage 4,Area 16,120
2023-08-03,22:00:00,Stage 4,Area 4,120
2023-08-03,22:00:00,Stage 4,Area 12,120
2023-08-04,00:00:00,Stage 2,Area 5,25
2023-08-04,00:00:00,Stage 2,Area 13,25
2023-08-04,04:00:00,Stage 1,Area 7,120
2023-08-04,06:00:00,Stage 1,Area 8,120
2023-08-04,08:00:00,Stage 1,Area 9,120
2023-08-04,10:00:00,Stage 1,Area 10,120
2023-08-04,12:00:00,Stage 1,Area 11,150
2023-08-04,14:00:00,Stage 1,Area 12,150
2023-08-04,16:00:00,Stage 1,Area 13,150
2023-08-04,18:00:00,Stage 1,Area 14,150
2023-08-04,20:00:00,Stage 1,Area 15,120
2023-08-04,22:00:00,Stage 3,Area 8,120
2023-08-04,22:00:00,Stage 3,Area 16,120
2023-08-04,22:00:00,Stage 3,Area 12,120
2023-08-05,00:00:00,Stage 3,Area 14,120
2023-08-05,00:00:00,Stage 3,Area 2,120
2023-08-05,00:00:00,Stage 3,Area 10,120
2023-08-05,02:00:00,Stage 3,Area 15,120
2023-08-05,02:00:00,Stage 3,Area 3,120
2023-08-05,02:00:00,Stage 3,Area 11,120
2023-08-05,04:00:00,Stage 3,Area 16,60
2023-08-05,04:00:00,Stage 3,Area 4,120
2023-08-05,04:00:00,Stage 3,Area 12,60
2023-08-05,06:00:00,Stage 1,Area 5,120
2023-08-05,08:00:00,Stage 1,Area 6,120
2023-08-05,10:00:00,Stage 1,Area 7,120
2023-08-05,12:00:00,Stage 1,Area 8,120
2023-08-05,14:00:00,Stage 1,Area 9,150
2023-08-05,16:00:00,Stage 3,Area 6,150
2023-08-05,16:00:00,Stage 3,Area 2,150
2023-08-05,16:00:00,Stage 3,Area 10,150
2023-08-05,18:00:00,Stage 3,Area 7,150
2023-08-05,18:00:00,Stage 3,Area 3,150
2023-08-05,18:00:00,Stage 3,Area 11,150
2023-08-05,20:00:00,Stage 3,Area 8,150
2023-08-05,20:00:00,Stage 3,Area 4,150
2023-08-05,20:00:00,Stage 3,Area 12,150
2023-08-05,22:00:00,Stage 3,Area 5,150
2023-08-05,22:00:00,Stage 3,Area 13,150
2023-08-05,22:00:00,Stage 3,Area 9,150
2023-08-06,00:00:00,Stage 3,Area 6,150
2023-08-06,00:00:00,Stage 3,Area 14,150
2023-08-06,00:00:00,Stage 3,Area 10,150
2023-08-06,02:00:00,Stage 2,Area 7,150
2023-08-06,02:00:00,Stage 2,Area 15,150
2023-08-06,04:00:00,Stage 1,Area 16,150
2023-08-06,06:00:00,Stage 1,Area 1,150
2023-08-06,08:00:00,Stage 1,Area 2,120
2023-08-06,10:00:00,Stage 1,Area 3,120
2023-08-06,12:00:00,Stage 1,Area 4,120
2023-08-06,14:00:00,Stage 1,Area 5,150
2023-08-06,16:00:00,Stage 3,Area 6,150
2023-08-06,16:00:00,Stage 3,Area 14,150
2023-08-06,16:00:00,Stage 3,Area 2,150
2023-08-06,18:00:00,Stage 3,Area 7,150
2023-08-06,18:00:00,Stage 3,Area 15,150
2023-08-06,18:00:00,Stage 3,Area 3,150
2023-08-06,20:00:00,Stage 3,Area 8,150
2023-08-06,20:00:00,Stage 3,Area 16,150
2023-08-06,20:00:00,Stage 3,Area 4,150
2023-08-06,22:00:00,Stage 3,Area 5,150
2023-08-06,22:00:00,Stage 3,Area 1,150
2023-08-06,22:00:00,Stage 3,Area 9,150
2023-08-07,00:00:00,Stage 3,Area 6,150
2023-08-07,00:00:00,Stage 3,Area 2,150
2023-08-07,00:00:00,Stage 3,Area 10,150
2023-08-07,02:00:00,Stage 3,Area 7,150
2023-08-07,02:00:00,Stage 3,Area 3,150
2023-08-07,02:00:00,Stage 3,Area 11,150
2023-08-07,04:00:00,Stage 1,Area 12,150
2023-08-07,06:00:00,Stage 1,Area 13,150
2023-08-07,08:00:00,Stage 1,Area 14,150
2023-08-07,10:00:00,Stage 1,Area 15,120
2023-08-07,12:00:00,Stage 1,Area 16,150
2023-08-07,14:00:00,Stage 1,Area 1,120
2023-08-07,16:00:00,Stage 2,Area 2,120
2023-08-07,16:00:00,Stage 2,Area 10,120
2023-08-07,18:00:00,Stage 2,Area 3,120
2023-08-07,18:00:00,Stage 2,Area 11,120
2023-08-07,20:00:00,Stage 2,Area 4,120
2023-08-07,20:00:00,Stage 2,Area 12,120
2023-08-07,22:00:00,Stage 4,Area 5,150
2023-08-07,22:00:00,Stage 4,Area 13,150
2023-08-07,22:00:00,Stage 4,Area 1,150
2023-08-07,22:00:00,Stage 4,Area 9,150
2023-08-08,00:00:00,Stage 4,Area 6,150
2023-08-08,00:00:00,Stage 4,Area 14,150
2023-08-08,00:00:00,Stage 4,Area 2,150
2023-08-08,00:00:00,Stage 4,Area 10,150
2023-08-08,02:00:00,Stage 1,Area 7,150
2023-08-08,04:00:00,Stage 1,Area 8,150
2023-08-08,06:00:00,Stage 1,Area 9,150
2023-08-08,08:00:00,Stage 1,Area 10,150
2023-08-08,10:00:00,Stage 1,Area 11,150
2023-08-08,12:00:00,Stage 1,Area 12,150
2023-08-08,14:00:00,Stage 1,Area 13,150
2023-08-08,16:00:00,Stage 1,Area 14,120
2023-08-08,18:00:00,Stage 1,Area 15,120
2023-08-08,20:00:00,Stage 1,Area 16,120
2023-08-08,22:00:00,Stage 3,Area 13,120
2023-08-08,22:00:00,Stage 3,Area 1,120
2023-08-08,22:00:00,Stage 3,Area 9,120
2023-08-09,00:00:00,Stage 3,Area 15,25
2023-08-09,00:00:00,Stage 3,Area 3,25
2023-08-09,00:00:00,Stage 3,Area 11,25
2023-08-09,16:00:00,Stage 1,Area 11,120
2023-08-09,18:00:00,Stage 1,Area 12,120
2023-08-09,20:00:00,Stage 1,Area 13,120
2023-08-09,22:00:00,Stage 3,Area 6,120
2023-08-09,22:00:00,Stage 3,Area 14,120
2023-08-09,22:00:00,Stage 3,Area 10,120
2023-08-10,16:00:00,Stage 1,Area 7,150
2023-08-10,18:00:00,Stage 1,Area 8,150
2023-08-10,20:00:00,Stage 1,Area 9,120
2023-08-10,22:00:00,Stage 3,Area 6,105
2023-08-10,22:00:00,Stage 3,Area 2,105
2023-08-10,22:00:00,Stage 3,Area 10,105
2023-08-11,16:00:00,Stage 1,Area 3,150
2023-08-11,18:00:00,Stage 1,Area 4,150
2023-08-11,20:00:00,Stage 1,Area 5,150
2023-08-11,22:00:00,Stage 3,Area 6,120
2023-08-11,22:00:00,Stage 3,Area 14,120
2023-08-11,22:00:00,Stage 3,Area 2,120
2023-08-12,08:00:00,Stage 3,Area 7,150
2023-08-12,08:00:00,Stage 3,Area 3,150
2023-08-12,08:00:00,Stage 3,Area 11,150
2023-08-12,10:00:00,Stage 3,Area 8,150
2023-08-12,10:00:00,Stage 3,Area 4,150
2023-08-12,10:00:00,Stage 3,Area 12,150
2023-08-12,12:00:00,Stage 3,Area 5,150
2023-08-12,12:00:00,Stage 3,Area 13,150
2023-08-12,12:00:00,Stage 3,Area 9,150
2023-08-12,14:00:00,Stage 3,Area 6,150
2023-08-12,14:00:00,Stage 3,Area 14,150
2023-08-12,14:00:00,Stage 3,Area 10,150
2023-08-12,16:00:00,Stage 3,Area 7,150
2023-08-12,16:00:00,Stage 3,Area 15,150
2023-08-12,16:00:00,Stage 3,Area 11,150
2023-08-12,18:00:00,Stage 3,Area 8,150
2023-08-12,18:00:00,Stage 3,Area 16,150
2023-08-12,18:00:00,Stage 3,Area 12,150
2023-08-12,20:00:00,Stage 3,Area 13,150
2023-08-12,20:00:00,Stage 3,Area 1,150
2023-08-12,20:00:00,Stage 3,Area 9,150
2023-08-12,22:00:00,Stage 3,Area 14,120
2023-08-12,22:00:00,Stage 3,Area 2,120
2023-08-12,22:00:00,Stage 3,Area 10,120
2023-08-13,00:00:00,Stage 3,Area 16,150
2023-08-13,00:00:00,Stage 3,Area 4,150
2023-08-13,00:00:00,Stage 3,Area 12,150
2023-08-13,02:00:00,Stage 3,Area 5,150
2023-08-13,02:00:00,Stage 3,Area 13,150
2023-08-13,02:00:00,Stage 3,Area 1,150
2023-08-13,04:00:00,Stage 3,Area 6,150
2023-08-13,04:00:00,Stage 3,Area 14,20
2023-08-13,04:00:00,Stage 3,Area 2,20
2023-08-13,06:00:00,Stage 1,Area 7,150
2023-08-13,08:00:00,Stage 1,Area 8,150
2023-08-13,10:00:00,Stage 1,Area 9,150
2023-08-13,12:00:00,Stage 1,Area 10,150
2023-08-13,14:00:00,Stage 1,Area 11,120
2023-08-13,16:00:00,Stage 3,Area 8,150
2023-08-13,16:00:00,Stage 3,Area 4,150
2023-08-13,16:00:00,Stage 3,Area 12,150
2023-08-13,18:00:00,Stage 3,Area 5,150
2023-08-13,18:00:00,Stage 3,Area 13,150
2023-08-13,18:00:00,Stage 3,Area 9,150
2023-08-13,20:00:00,Stage 3,Area 6,150
2023-08-13,20:00:00,Stage 3,Area 14,150
2023-08-13,20:00:00,Stage 3,Area 10,150
2023-08-13,22:00:00,Stage 3,Area 7,120
2023-08-13,22:00:00,Stage 3,Area 15,120
2023-08-13,22:00:00,Stage 3,Area 11,120
2023-08-14,00:00:00,Stage 3,Area 8,150
2023-08-14,00:00:00,Stage 3,Area 16,150
2023-08-14,00:00:00,Stage 3,Area 12,150
2023-08-14,02:00:00,Stage 3,Area 13,150
2023-08-14,02:00:00,Stage 3,Area 1,150
2023-08-14,02:00:00,Stage 3,Area 9,150
2023-08-14,04:00:00,Stage 3,Area 14,60
2023-08-14,04:00:00,Stage 3,Area 2,150
2023-08-14,04:00:00,Stage 3,Area 10,60
2023-08-14,06:00:00,Stage 1,Area 3,120
2023-08-14,08:00:00,Stage 1,Area 4,135
2023-08-14,10:00:00,Stage 1,Area 5,135
2023-08-14,12:00:00,Stage 1,Area 6,135
2023-08-14,14:00:00,Stage 1,Area 7,135
2023-08-14,16:00:00,Stage 1,Area 8,150
2023-08-14,18:00:00,Stage 1,Area 9,150
2023-08-14,20:00:00,Stage 1,Area 10,150
2023-08-14,22:00:00,Stage 3,Area 7,120
2023-08-14,22:00:00,Stage 3,Area 3,120
2023-08-14,22:00:00,Stage 3,Area 11,120
2023-08-15,00:00:00,Stage 3,Area 8,150
2023-08-15,00:00:00,Stage 3,Area 4,150
2023-08-15,00:00:00,Stage 3,Area 12,150
2023-08-15,02:00:00,Stage 3,Area 5,150
2023-08-15,02:00:00,Stage 3,Area 13,150
2023-08-15,02:00:00,Stage 3,Area 9,150
2023-08-15,04:00:00,Stage 3,Area 6,60
2023-08-15,04:00:00,Stage 3,Area 14,120
2023-08-15,04:00:00,Stage 3,Area 10,60
2023-08-15,06:00:00,Stage 1,Area 15,135
2023-08-15,08:00:00,Stage 1,Area 16,135
2023-08-15,10:00:00,Stage 1,Area 1,135
2023-08-15,12:00:00,Stage 1,Area 2,135
2023-08-15,14:00:00,Stage 1,Area 3,135
2023-08-15,16:00:00,Stage 1,Area 4,150
2023-08-15,18:00:00,Stage 1,Area 5,150
2023-08-15,20:00:00,Stage 1,Area 6,150
2023-08-15,22:00:00,Stage 3,Area 7,150
2023-08-15,22:00:00,Stage 3,Area 15,150
2023-08-15,22:00:00,Stage 3,Area 3,150
2023-08-16,00:00:00,Stage 3,Area 8,150
2023-08-16,00:00:00,Stage 3,Area 16,150
2023-08-16,00:00:00,Stage 3,Area 4,150
2023-08-16,02:00:00,Stage 3,Area 5,150
2023-08-16,02:00:00,Stage 3,Area 1,150
2023-08-16,02:00:00,Stage 3,Area 9,150
2023-08-16,04:00:00,Stage 3,Area 6,90
2023-08-16,04:00:00,Stage 3,Area 2,90
2023-08-16,04:00:00,Stage 3,Area 10,150
2023-08-16,06:00:00,Stage 1,Area 11,150
2023-08-16,08:00:00,Stage 1,Area 12,120
2023-08-16,10:00:00,Stage 1,Area 13,120
2023-08-16,12:00:00,Stage 1,Area 14,120
2023-08-16,14:00:00,Stage 1,Area 15,120
2023-08-16,16:00:00,Stage 1,Area 16,150
2023-08-16,18:00:00,Stage 1,Area 1,150
2023-08-16,20:00:00,Stage 1,Area 2,150
2023-08-16,22:00:00,Stage 3,Area 15,150
2023-08-16,22:00:00,Stage 3,Area 3,150
2023-08-16,22:00:00,Stage 3,Area 11,150
2023-08-17,00:00:00,Stage 3,Area 13,150
2023-08-17,00:00:00,Stage 3,Area 1,150
2023-08-17,00:00:00,Stage 3,Area 9,150
2023-08-17,02:00:00,Stage 3,Area 14,150
2023-08-17,02:00:00,Stage 3,Area 2,150
2023-08-17,02:00:00,Stage 3,Area 10,150
2023-08-17,04:00:00,Stage 3,Area 15,90
2023-08-17,04:00:00,Stage 3,Area 3,150
2023-08-17,04:00:00,Stage 3,Area 11,90
2023-08-17,06:00:00,Stage 1,Area 4,120
2023-08-17,08:00:00,Stage 1,Area 5,120
2023-08-17,10:00:00,Stage 1,Area 6,120
2023-08-17,12:00:00,Stage 1,Area 7,150
2023-08-17,14:00:00,Stage 1,Area 8,150
2023-08-17,16:00:00,Stage 1,Area 9,150
2023-08-17,18:00:00,Stage 1,Area 10,150
2023-08-17,20:00:00,Stage 1,Area 11,150
2023-08-17,22:00:00,Stage 3,Area 8,150
2023-08-17,22:00:00,Stage 3,Area 4,150
2023-08-17,22:00:00,Stage 3,Area 12,150
2023-08-18,00:00:00,Stage 3,Area 5,150
2023-08-18,00:00:00,Stage 3,Area 13,150
2023-08-18,00:00:00,Stage 3,Area 9,150
2023-08-18,02:00:00,Stage 3,Area 6,150
2023-08-18,02:00:00,Stage 3,Area 14,150
2023-08-18,02:00:00,Stage 3,Area 10,150
2023-08-18,04:00:00,Stage 3,Area 7,90
2023-08-18,04:00:00,Stage 3,Area 15,150
2023-08-18,04:00:00,Stage 3,Area 11,90
2023-08-18,06:00:00,Stage 1,Area 16,120
2023-08-18,08:00:00,Stage 1,Area 1,150
2023-08-18,10:00:00,Stage 1,Area 2,150
2023-08-18,12:00:00,Stage 1,Area 3,150
2023-08-18,14:00:00,Stage 1,Area 4,150
2023-08-18,16:00:00,Stage 1,Area 5,150
2023-08-18,18:00:00,Stage 1,Area 6,150
2023-08-18,20:00:00,Stage 1,Area 7,150
2023-08-18,22:00:00,Stage 3,Area 8,120
2023-08-18,22:00:00,Stage 3,Area 16,120
2023-08-18,22:00:00,Stage 3,Area 4,120
2023-08-19,00:00:00,Stage 3,Area 5,120
2023-08-19,00:00:00,Stage 3,Area 1,120
2023-08-19,00:00:00,Stage 3,Area 9,120
2023-08-19,02:00:00,Stage 3,Area 6,120
2023-08-19,02:00:00,Stage 3,Area 2,120
2023-08-19,02:00:00,Stage 3,Area 10,120
2023-08-19,04:00:00,Stage 3,Area 7,60
2023-08-19,04:00:00,Stage 3,Area 3,60
2023-08-19,04:00:00,Stage 3,Area 11,120
2023-08-19,06:00:00,Stage 1,Area 12,120
2023-08-19,08:00:00,Stage 1,Area 13,150
2023-08-19,10:00:00,Stage 1,Area 14,150
2023-08-19,12:00:00,Stage 1,Area 15,150
2023-08-19,14:00:00,Stage 1,Area 16,150
2023-08-19,16:00:00,Stage 3,Area 13,150
2023-08-19,16:00:00,Stage 3,Area 1,150
2023-08-19,16:00:00,Stage 3,Area 9,150
2023-08-19,18:00:00,Stage 3,Area 14,150
2023-08-19,18:00:00,Stage 3,Area 2,150
2023-08-19,18:00:00,Stage 3,Area 10,150
2023-08-19,20:00:00,Stage 3,Area 15,150
2023-08-19,20:00:00,Stage 3,Area 3,150
2023-08-19,20:00:00,Stage 3,Area 11,150
2023-08-19,22:00:00,Stage 3,Area 16,150
2023-08-19,22:00:00,Stage 3,Area 4,150
2023-08-19,22:00:00,Stage 3,Area 12,150
2023-08-20,00:00:00,Stage 3,Area 5,150
2023-08-20,00:00:00,Stage 3,Area 13,150
2023-08-20,00:00:00,Stage 3,Area 1,150
2023-08-20,02:00:00,Stage 3,Area 6,150
2023-08-20,02:00:00,Stage 3,Area 14,150
2023-08-20,02:00:00,Stage 3,Area 2,150
2023-08-20,04:00:00,Stage 3,Area 7,150
2023-08-20,04:00:00,Stage 3,Area 15,60
2023-08-20,04:00:00,Stage 3,Area 3,60
2023-08-20,06:00:00,Stage 1,Area 8,150
2023-08-20,08:00:00,Stage 1,Area 9,150
2023-08-20,10:00:00,Stage 1,Area 10,150
2023-08-20,12:00:00,Stage 1,Area 11,150
2023-08-20,14:00:00,Stage 1,Area 12,150
2023-08-20,16:00:00,Stage 3,Area 5,150
2023-08-20,16:00:00,Stage 3,Area 13,150
2023-08-20,16:00:00,Stage 3,Area 9,150
2023-08-20,18:00:00,Stage 3,Area 6,150
2023-08-20,18:00:00,Stage 3,Area 14,150
2023-08-20,18:00:00,Stage 3,Area 10,150
2023-08-20,20:00:00,Stage 3,Area 7,150
2023-08-20,20:00:00,Stage 3,Area 15,150
2023-08-20,20:00:00,Stage 3,Area 11,150
2023-08-20,22:00:00,Stage 3,Area 8,105
2023-08-20,22:00:00,Stage 3,Area 16,150
2023-08-20,22:00:00,Stage 3,Area 12,105
2023-08-21,00:00:00,Stage 1,Area 2,45
2023-08-21,06:00:00,Stage 1,Area 5,150
2023-08-21,08:00:00,Stage 1,Area 6,150
2023-08-21,10:00:00,Stage 1,Area 7,150
2023-08-21,16:00:00,Stage 1,Area 10,150
2023-08-21,18:00:00,Stage 1,Area 11,150
2023-08-21,20:00:00,Stage 1,Area 12,150
2023-08-21,22:00:00,Stage 3,Area 5,150
2023-08-21,22:00:00,Stage 3,Area 13,150
2023-08-21,22:00:00,Stage 3,Area 9,150
2023-08-22,00:00:00,Stage 3,Area 6,100
2023-08-22,00:00:00,Stage 3,Area 14,150
2023-08-22,00:00:00,Stage 3,Area 10,100
2023-08-22,02:00:00,Stage 1,Area 15,150
2023-08-22,04:00:00,Stage 1,Area 16,150
2023-08-22,06:00:00,Stage 1,Area 1,150
2023-08-22,08:00:00,Stage 1,Area 2,150
2023-08-22,10:00:00,Stage 1,Area 3,150
2023-08-22,12:00:00,Stage 1,Area 4,150
2023-08-22,14:00:00,Stage 1,Area 5,150
2023-08-22,16:00:00,Stage 1,Area 6,150
2023-08-22,18:00:00,Stage 1,Area 7,150
2023-08-22,20:00:00,Stage 1,Area 8,150
2023-08-22,22:00:00,Stage 3,Area 5,150
2023-08-22,22:00:00,Stage 3,Area 1,150
2023-08-22,22:00:00,Stage 3,Area 9,150
2023-08-23,05:00:00,Stage 1,Area 12,60
2023-08-23,06:00:00,Stage 1,Area 13,150
2023-08-23,08:00:00,Stage 1,Area 14,150
2023-08-23,10:00:00,Stage 1,Area 15,150
2023-08-23,12:00:00,Stage 1,Area 16,150
2023-08-23,14:00:00,Stage 1,Area 1,150
2023-08-23,16:00:00,Stage 3,Area 14,120
2023-08-23,16:00:00,Stage 3,Area 2,135
2023-08-23,16:00:00,Stage 3,Area 10,150
2023-08-23,18:00:00,Stage 1,Area 3,120
2023-08-23,20:00:00,Stage 1,Area 4,120
2023-08-23,22:00:00,Stage 3,Area 5,120
2023-08-23,22:00:00,Stage 3,Area 13,120
2023-08-23,22:00:00,Stage 3,Area 1,120
2023-08-24,00:00:00,Stage 3,Area 6,150
2023-08-24,00:00:00,Stage 3,Area 14,150
2023-08-24,00:00:00,Stage 3,Area 2,150
2023-08-24,02:00:00,Stage 3,Area 7,150
2023-08-24,02:00:00,Stage 3,Area 15,150
2023-08-24,02:00:00,Stage 3,Area 3,150
2023-08-24,04:00:00,Stage 3,Area 8,60
2023-08-24,04:00:00,Stage 3,Area 16,60
2023-08-24,04:00:00,Stage 3,Area 4,60
2023-08-24,10:00:00,Stage 1,Area 11,150
2023-08-24,12:00:00,Stage 1,Area 12,150
2023-08-24,14:00:00,Stage 1,Area 13,150
2023-08-24,16:00:00,Stage 1,Area 14,135
2023-08-24,18:00:00,Stage 1,Area 15,135
2023-08-24,20:00:00,Stage 1,Area 16,135
2023-08-24,22:00:00,Stage 3,Area 13,120
2023-08-24,22:00:00,Stage 3,Area 1,120
2023-08-24,22:00:00,Stage 3,Area 9,120
2023-08-25,00:00:00,Stage 3,Area 15,150
2023-08-25,00:00:00,Stage 3,Area 3,150
2023-08-25,00:00:00,Stage 3,Area 11,150
2023-08-25,02:00:00,Stage 3,Area 16,38
2023-08-25,02:00:00,Stage 3,Area 4,150
2023-08-25,02:00:00,Stage 3,Area 12,38
2023-08-25,04:00:00,Stage 1,Area 5,60
2023-08-25,10:00:00,Stage 1,Area 8,120
2023-08-25,12:00:00,Stage 1,Area 9,120
2023-08-25,14:00:00,Stage 1,Area 10,120
2023-08-25,16:00:00,Stage 1,Area 11,135
2023-08-25,18:00:00,Stage 1,Area 12,135
2023-08-25,20:00:00,Stage 1,Area 13,135
2023-08-25,22:00:00,Stage 3,Area 6,120
2023-08-25,22:00:00,Stage 3,Area 14,120
2023-08-25,22:00:00,Stage 3,Area 10,120
2023-08-26,00:00:00,Stage 3,Area 7,39
2023-08-26,00:00:00,Stage 3,Area 15,46
2023-08-26,00:00:00,Stage 3,Area 11,30
2023-08-26,06:30:00,Stage 1,Area 2,120
2023-08-26,08:00:00,Stage 1,Area 3,135
2023-08-26,10:00:00,Stage 1,Area 4,106
2023-08-26,16:00:00,Stage 3,Area 7,120
2023-08-26,16:00:00,Stage 3,Area 15,120
2023-08-26,16:00:00,Stage 3,Area 3,120
2023-08-26,18:00:00,Stage 3,Area 8,135
2023-08-26,18:00:00,Stage 3,Area 16,135
2023-08-26,18:00:00,Stage 3,Area 4,135
2023-08-26,20:00:00,Stage 3,Area 5,135
2023-08-26,20:00:00,Stage 3,Area 1,135
2023-08-26,20:00:00,Stage 3,Area 9,135
2023-08-26,22:00:00,Stage 3,Area 6,150
2023-08-26,22:00:00,Stage 3,Area 2,150
2023-08-26,22:00:00,Stage 3,Area 10,150
2023-08-27,00:00:00,Stage 3,Area 7,90
2023-08-27,00:00:00,Stage 3,Area 3,90
2023-08-27,00:00:00,Stage 3,Area 11,90
2023-08-27,16:00:00,Stage 3,Area 15,135
2023-08-27,16:00:00,Stage 3,Area 3,135
2023-08-27,16:00:00,Stage 3,Area 11,135
2023-08-27,18:00:00,Stage 3,Area 16,135
2023-08-27,18:00:00,Stage 3,Area 4,135
2023-08-27,18:00:00,Stage 3,Area 12,135
2023-08-27,20:00:00,Stage 3,Area 5,135
2023-08-27,20:00:00,Stage 3,Area 13,135
2023-08-27,20:00:00,Stage 3,Area 1,135
2023-08-27,22:00:00,Stage 3,Area 6,150
2023-08-27,22:00:00,Stage 3,Area 14,150
2023-08-27,22:00:00,Stage 3,Area 2,150
2023-08-28,00:00:00,Stage 3,Area 7,150
2023-08-28,00:00:00,Stage 3,Area 15,150
2023-08-28,00:00:00,Stage 3,Area 3,150
2023-08-28,02:00:00,Stage 2,Area 8,150
2023-08-28,02:00:00,Stage 2,Area 16,27
2023-08-28,04:00:00,Stage 1,Area 9,150
2023-08-28,06:00:00,Stage 1,Area 10,150
2023-08-28,08:00:00,Stage 1,Area 11,150
2023-08-28,10:00:00,Stage 1,Area 12,150
2023-08-28,12:00:00,Stage 1,Area 13,150
2023-08-28,14:00:00,Stage 1,Area 14,150
2023-08-28,16:00:00,Stage 1,Area 15,150
2023-08-28,18:00:00,Stage 1,Area 16,150
2023-08-28,22:00:00,Stage 3,Area 14,150
2023-08-28,22:00:00,Stage 3,Area 2,150
2023-08-28,22:00:00,Stage 3,Area 10,120
2023-08-29,00:00:00,Stage 3,Area 16,150
2023-08-29,00:00:00,Stage 3,Area 4,150
2023-08-29,00:00:00,Stage 3,Area 12,150
2023-08-29,02:00:00,Stage 3,Area 5,150
2023-08-29,02:00:00,Stage 3,Area 13,150
2023-08-29,02:00:00,Stage 3,Area 1,150
2023-08-29,04:00:00,Stage 3,Area 6,150
2023-08-29,04:00:00,Stage 3,Area 14,120
2023-08-29,04:00:00,Stage 3,Area 2,90
2023-08-29,06:00:00,Stage 1,Area 7,150
2023-08-29,08:00:00,Stage 2,Area 8,150
2023-08-29,08:00:00,Stage 2,Area 16,150
2023-08-29,10:00:00,Stage 2,Area 1,120
2023-08-29,10:00:00,Stage 2,Area 9,120
2023-08-29,12:00:00,Stage 2,Area 2,150
2023-08-29,12:00:00,Stage 2,Area 10,150
2023-08-29,14:00:00,Stage 2,Area 3,150
2023-08-29,14:00:00,Stage 2,Area 11,150
2023-08-29,16:00:00,Stage 2,Area 4,150
2023-08-29,16:00:00,Stage 2,Area 12,150
2023-08-29,18:00:00,Stage 2,Area 5,150
2023-08-29,18:00:00,Stage 2,Area 13,150
2023-08-29,20:00:00,Stage 2,Area 6,150
2023-08-29,20:00:00,Stage 2,Area 14,150
2023-08-29,22:00:00,Stage 4,Area 7,120
2023-08-29,22:00:00,Stage 4,Area 15,120
2023-08-29,22:00:00,Stage 4,Area 3,120
2023-08-29,22:00:00,Stage 4,Area 11,120
2023-08-30,00:00:00,Stage 4,Area 8,120
2023-08-30,00:00:00,Stage 4,Area 16,120
2023-08-30,00:00:00,Stage 4,Area 4,120
2023-08-30,00:00:00,Stage 4,Area 12,120
2023-08-30,02:00:00,Stage 4,Area 5,120
2023-08-30,02:00:00,Stage 4,Area 13,120
2023-08-30,02:00:00,Stage 4,Area 1,120
2023-08-30,02:00:00,Stage 4,Area 9,120
2023-08-30,04:00:00,Stage 4,Area 6,30
2023-08-30,04:00:00,Stage 4,Area 14,30
2023-08-30,04:00:00,Stage 4,Area 2,120
2023-08-30,04:00:00,Stage 4,Area 10,120
2023-08-30,06:00:00,Stage 2,Area 3,120
2023-08-30,06:00:00,Stage 2,Area 11,120
2023-08-30,08:00:00,Stage 2,Area 4,150
2023-08-30,08:00:00,Stage 2,Area 12,150
2023-08-30,10:00:00,Stage 2,Area 5,150
2023-08-30,10:00:00,Stage 2,Area 13,150
2023-08-30,12:00:00,Stage 2,Area 6,150
2023-08-30,12:00:00,Stage 2,Area 14,150
2023-08-30,14:00:00,Stage 2,Area 7,150
2023-08-30,14:00:00,Stage 2,Area 15,150
2023-08-30,16:00:00,Stage 2,Area 8,150
2023-08-30,16:00:00,Stage 2,Area 16,150
2023-08-30,18:00:00,Stage 2,Area 1,150
2023-08-30,18:00:00,Stage 2,Area 9,150
2023-08-30,20:00:00,Stage 2,Area 2,120
2023-08-30,20:00:00,Stage 2,Area 10,120
2023-08-30,22:00:00,Stage 4,Area 7,120
2023-08-30,22:00:00,Stage 4,Area 15,120
2023-08-30,22:00:00,Stage 4,Area 3,120
2023-08-30,22:00:00,Stage 4,Area 11,120
2023-08-31,00:00:00,Stage 4,Area 8,120
2023-08-31,00:00:00,Stage 4,Area 16,120
2023-08-31,00:00:00,Stage 4,Area 4,120
2023-08-31,00:00:00,Stage 4,Area 12,120
2023-08-31,02:00:00,Stage 4,Area 5,120
2023-08-31,02:00:00,Stage 4,Area 13,120
2023-08-31,02:00:00,Stage 4,Area 1,120
2023-08-31,02:00:00,Stage 4,Area 9,120
2023-08-31,04:00:00,Stage 4,Area 6,120
2023-08-31,04:00:00,Stage 4,Area 14,120
2023-08-31,04:00:00,Stage 4,Area 2,120
2023-08-31,04:00:00,Stage 4,Area 10,120
2023-08-31,06:00:00,Stage 3,Area 7,120
2023-08-31,06:00:00,Stage 3,Area 15,120
2023-08-31,06:00:00,Stage 3,Area 11,120
2023-08-31,08:00:00,Stage 3,Area 8,150
2023-08-31,08:00:00,Stage 3,Area 16,150
2023-08-31,08:00:00,Stage 3,Area 12,150
2023-08-31,10:00:00,Stage 4,Area 5,150
2023-08-31,10:00:00,Stage 4,Area 13,150
2023-08-31,10:00:00,Stage 4,Area 1,150
2023-08-31,10:00:00,Stage 4,Area 9,150
2023-08-31,12:00:00,Stage 4,Area 6,150
2023-08-31,12:00:00,Stage 4,Area 14,150
2023-08-31,12:00:00,Stage 4,Area 2,150
2023-08-31,12:00:00,Stage 4,Area 10,150
2023-08-31,14:00:00,Stage 4,Area 7,150
2023-08-31,14:00:00,Stage 4,Area 15,150
2023-08-31,14:00:00,Stage 4,Area 3,150
2023-08-31,14:00:00,Stage 4,Area 11,150
2023-08-31,16:00:00,Stage 2,Area 4,150
2023-08-31,16:00:00,Stage 2,Area 12,150
2023-08-31,18:00:00,Stage 2,Area 5,150
2023-08-31,18:00:00,Stage 2,Area 13,150
2023-08-31,20:00:00,Stage 2,Area 6,120
2023-08-31,20:00:00,Stage 2,Area 14,120
2023-08-31,22:00:00,Stage 4,Area 7,120
2023-08-31,22:00:00,Stage 4,Area 15,120
2023-08-31,22:00:00,Stage 4,Area 3,120
2023-08-31,22:00:00,Stage 4,Area 11,120
2023-09-01,00:00:00,Stage 4,Area 5,120
2023-09-01,00:00:00,Stage 4,Area 13,120
2023-09-01,00:00:00,Stage 4,Area 1,120
2023-09-01,00:00:00,Stage 4,Area 9,120
2023-09-01,02:00:00,Stage 4,Area 6,120
2023-09-01,02:00:00,Stage 4,Area 14,120
2023-09-01,02:00:00,Stage 4,Area 2,120
2023-09-01,02:00:00,Stage 4,Area 10,120
2023-09-01,04:00:00,Stage 4,Area 7,60
2023-09-01,04:00:00,Stage 4,Area 15,60
2023-09-01,04:00:00,Stage 4,Area 3,120
2023-09-01,04:00:00,Stage 4,Area 11,120
2023-09-01,06:00:00,Stage 2,Area 4,150
2023-09-01,06:00:00,Stage 2,Area 12,150
2023-09-01,08:00:00,Stage 2,Area 5,150
2023-09-01,08:00:00,Stage 2,Area 13,150
2023-09-01,10:00:00,Stage 2,Area 6,150
2023-09-01,10:00:00,Stage 2,Area 14,150
2023-09-01,12:00:00,Stage 2,Area 7,150
2023-09-01,12:00:00,Stage 2,Area 15,150
2023-09-01,14:00:00,Stage 2,Area 8,150
2023-09-01,14:00:00,Stage 2,Area 16,150
2023-09-01,16:00:00,Stage 2,Area 1,150
2023-09-01,16:00:00,Stage 2,Area 9,150
2023-09-01,18:00:00,Stage 2,Area 2,150
2023-09-01,18:00:00,Stage 2,Area 10,150
2023-09-01,20:00:00,Stage 4,Area 7,150
2023-09-01,20:00:00,Stage 4,Area 15,150
2023-09-01,20:00:00,Stage 4,Area 3,150
2023-09-01,20:00:00,Stage 4,Area 11,150
2023-09-01,22:00:00,Stage 4,Area 8,150
2023-09-01,22:00:00,Stage 4,Area 16,150
2023-09-01,22:00:00,Stage 4,Area 4,150
2023-09-01,22:00:00,Stage 4,Area 12,150
2023-09-02,00:00:00,Stage 4,Area 5,150
2023-09-02,00:00:00,Stage 4,Area 13,150
2023-09-02,00:00:00,Stage 4,Area 1,150
2023-09-02,00:00:00,Stage 4,Area 9,150
2023-09-02,02:00:00,Stage 4,Area 6,150
2023-09-02,02:00:00,Stage 4,Area 14,150
2023-09-02,02:00:00,Stage 4,Area 2,150
2023-09-02,02:00:00,Stage 4,Area 10,150
2023-09-02,04:00:00,Stage 4,Area 7,150
2023-09-02,04:00:00,Stage 4,Area 15,150
2023-09-02,04:00:00,Stage 4,Area 3,150
2023-09-02,04:00:00,Stage 4,Area 11,150
2023-09-02,06:00:00,Stage 4,Area 8,150
2023-09-02,06:00:00,Stage 4,Area 16,150
2023-09-02,06:00:00,Stage 4,Area 4,150
2023-09-02,06:00:00,Stage 4,Area 12,150
2023-09-02,08:00:00,Stage 4,Area 5,150
2023-09-02,08:00:00,Stage 4,Area 13,150
2023-09-02,08:00:00,Stage 4,Area 1,150
2023-09-02,08:00:00,Stage 4,Area 9,150
2023-09-02,10:00:00,Stage 4,Area 6,150
2023-09-02,10:00:00,Stage 4,Area 14,150
2023-09-02,10:00:00,Stage 4,Area 2,150
2023-09-02,10:00:00,Stage 4,Area 10,150
2023-09-02,12:00:00,Stage 4,Area 7,150
2023-09-02,12:00:00,Stage 4,Area 15,150
2023-09-02,12:00:00,Stage 4,Area 3,150
2023-09-02,12:00:00,Stage 4,Area 11,150
2023-09-02,14:00:00,Stage 4,Area 8,150
2023-09-02,14:00:00,Stage 4,Area 16,150
2023-09-02,14:00:00,Stage 4,Area 4,150
2023-09-02,14:00:00,Stage 4,Area 12,150
2023-09-02,16:00:00,Stage 4,Area 5,150
2023-09-02,16:00:00,Stage 4,Area 13,150
2023-09-02,16:00:00,Stage 4,Area 1,150
2023-09-02,16:00:00,Stage 4,Area 9,150
2023-09-02,18:00:00,Stage 4,Area 6,150
2023-09-02,18:00:00,Stage 4,Area 14,150
2023-09-02,18:00:00,Stage 4,Area 2,150
2023-09-02,18:00:00,Stage 4,Area 10,150
2023-09-02,20:00:00,Stage 4,Area 7,150
2023-09-02,20:00:00,Stage 4,Area 15,150
2023-09-02,20:00:00,Stage 4,Area 3,150
2023-09-02,20:00:00,Stage 4,Area 11,150
2023-09-02,22:00:00,Stage 4,Area 8,150
2023-09-02,22:00:00,Stage 4,Area 16,150
2023-09-02,22:00:00,Stage 4,Area 4,150
2023-09-02,22:00:00,Stage 4,Area 12,150
2023-09-03,00:00:00,Stage 4,Area 5,150
2023-09-03,00:00:00,Stage 4,Area 13,150
2023-09-03,00:00:00,Stage 4,Area 1,150
2023-09-03,00:00:00,Stage 4,Area 9,150
2023-09-03,02:00:00,Stage 4,Area 6,150
2023-09-03,02:00:00,Stage 4,Area 14,150
2023-09-03,02:00:00,Stage 4,Area 2,150
2023-09-03,02:00:00,Stage 4,Area 10,150
2023-09-03,04:00:00,Stage 4,Area 7,150
2023-09-03,04:00:00,Stage 4,Area 15,150
2023-09-03,04:00:00,Stage 4,Area 3,150
2023-09-03,04:00:00,Stage 4,Area 11,150
2023-09-03,06:00:00,Stage 4,Area 8,150
2023-09-03,06:00:00,Stage 4,Area 16,150
2023-09-03,06:00:00,Stage 4,Area 4,150
2023-09-03,06:00:00,Stage 4,Area 12,150
2023-09-03,08:00:00,Stage 4,Area 5,150
2023-09-03,08:00:00,Stage 4,Area 13,150
2023-09-03,08:00:00,Stage 4,Area 1,150
2023-09-03,08:00:00,Stage 4,Area 9,150
2023-09-03,10:00:00,Stage 4,Area 6,150
2023-09-03,10:00:00,Stage 4,Area 14,150
2023-09-03,10:00:00,Stage 4,Area 2,150
2023-09-03,10:00:00,Stage 4,Area 10,150
2023-09-03,12:00:00,Stage 4,Area 7,150
2023-09-03,12:00:00,Stage 4,Area 15,150
2023-09-03,12:00:00,Stage 4,Area 3,150
2023-09-03,12:00:00,Stage 4,Area 11,150
2023-09-03,14:00:00,Stage 4,Area 8,130
2023-09-03,14:00:00,Stage 4,Area 16,135
2023-09-03,14:00:00,Stage 4,Area 4,135
2023-09-03,14:00:00,Stage 4,Area 12,130
2023-09-03,16:00:00,Stage 5,Area 5,150
2023-09-03,16:00:00,Stage 5,Area 13,150
2023-09-03,16:00:00,Stage 5,Area 1,120
2023-09-03,16:00:00,Stage 5,Area 2,120
2023-09-03,16:00:00,Stage 5,Area 9,150
2023-09-03,18:00:00,Stage 5,Area 6,150
2023-09-03,18:00:00,Stage 5,Area 14,150
2023-09-03,18:00:00,Stage 5,Area 2,150
2023-09-03,18:00:00,Stage 5,Area 3,120
2023-09-03,18:00:00,Stage 5,Area 10,150
2023-09-03,20:00:00,Stage 5,Area 7,150
2023-09-03,20:00:00,Stage 5,Area 15,150
2023-09-03,20:00:00,Stage 5,Area 3,150
2023-09-03,20:00:00,Stage 5,Area 4,120
2023-09-03,20:00:00,Stage 5,Area 11,150
2023-09-03,22:00:00,Stage 5,Area 5,150
2023-09-03,22:00:00,Stage 5,Area 8,150
2023-09-03,22:00:00,Stage 5,Area 16,150
2023-09-03,22:00:00,Stage 5,Area 4,150
2023-09-03,22:00:00,Stage 5,Area 12,150
2023-09-04,00:00:00,Stage 5,Area 5,124
2023-09-04,00:00:00,Stage 5,Area 6,120
2023-09-04,00:00:00,Stage 5,Area 13,150
2023-09-04,00:00:00,Stage 5,Area 1,150
2023-09-04,00:00:00,Stage 5,Area 9,150
2023-09-04,02:00:00,Stage 5,Area 6,150
2023-09-04,02:00:00,Stage 5,Area 7,120
2023-09-04,02:00:00,Stage 5,Area 14,150
2023-09-04,02:00:00,Stage 5,Area 2,150
2023-09-04,02:00:00,Stage 5,Area 10,150
2023-09-04,04:00:00,Stage 5,Area 7,150
2023-09-04,04:00:00,Stage 5,Area 8,60
2023-09-04,04:00:00,Stage 5,Area 15,150
2023-09-04,04:00:00,Stage 5,Area 3,60
2023-09-04,04:00:00,Stage 5,Area 11,60
2023-09-04,06:00:00,Stage 2,Area 8,150
2023-09-04,06:00:00,Stage 2,Area 16,150
2023-09-04,08:00:00,Stage 2,Area 1,150
2023-09-04,08:00:00,Stage 2,Area 9,150
2023-09-04,10:00:00,Stage 3,Area 6,150
2023-09-04,10:00:00,Stage 3,Area 2,150
2023-09-04,10:00:00,Stage 3,Area 10,150
2023-09-04,12:00:00,Stage 3,Area 7,150
2023-09-04,12:00:00,Stage 3,Area 3,150
2023-09-04,12:00:00,Stage 3,Area 11,150
2023-09-04,14:00:00,Stage 3,Area 8,150
2023-09-04,14:00:00,Stage 3,Area 4,150
2023-09-04,14:00:00,Stage 3,Area 12,150
2023-09-04,16:00:00,Stage 3,Area 5,150
2023-09-04,16:00:00,Stage 3,Area 13,150
2023-09-04,16:00:00,Stage 3,Area 9,150
2023-09-04,18:00:00,Stage 3,Area 6,150
2023-09-04,18:00:00,Stage 3,Area 14,150
2023-09-04,18:00:00,Stage 3,Area 10,150
2023-09-04,20:00:00,Stage 3,Area 7,150
2023-09-04,20:00:00,Stage 3,Area 15,150
2023-09-04,20:00:00,Stage 3,Area 11,150
2023-09-04,22:00:00,Stage 5,Area 8,150
2023-09-04,22:00:00,Stage 5,Area 16,150
2023-09-04,22:00:00,Stage 5,Area 1,150
2023-09-04,22:00:00,Stage 5,Area 4,150
2023-09-04,22:00:00,Stage 5,Area 12,150
2023-09-05,00:00:00,Stage 5,Area 6,150
2023-09-05,00:00:00,Stage 5,Area 14,150
2023-09-05,00:00:00,Stage 5,Area 2,150
2023-09-05,00:00:00,Stage 5,Area 3,120
2023-09-05,00:00:00,Stage 5,Area 10,150
2023-09-05,02:00:00,Stage 5,Area 7,150
2023-09-05,02:00:00,Stage 5,Area 15,150
2023-09-05,02:00:00,Stage 5,Area 3,150
2023-09-05,02:00:00,Stage 5,Area 4,120
2023-09-05,02:00:00,Stage 5,Area 11,150
2023-09-05,04:00:00,Stage 5,Area 5,60
2023-09-05,04:00:00,Stage 5,Area 8,150
2023-09-05,04:00:00,Stage 5,Area 16,150
2023-09-05,04:00:00,Stage 5,Area 4,150
2023-09-05,04:00:00,Stage 5,Area 12,150
2023-09-05,06:00:00,Stage 4,Area 5,150
2023-09-05,06:00:00,Stage 4,Area 13,150
2023-09-05,06:00:00,Stage 4,Area 1,150
2023-09-05,06:00:00,Stage 4,Area 9,150
2023-09-05,08:00:00,Stage 4,Area 6,150
2023-09-05,08:00:00,Stage 4,Area 14,150
2023-09-05,08:00:00,Stage 4,Area 2,150
2023-09-05,08:00:00,Stage 4,Area 10,150
2023-09-05,10:00:00,Stage 5,Area 7,150
2023-09-05,10:00:00,Stage 5,Area 8,120
2023-09-05,10:00:00,Stage 5,Area 15,150
2023-09-05,10:00:00,Stage 5,Area 3,150
2023-09-05,10:00:00,Stage 5,Area 11,150
2023-09-05,12:00:00,Stage 5,Area 8,150
2023-09-05,12:00:00,Stage 5,Area 16,150
2023-09-05,12:00:00,Stage 5,Area 4,150
2023-09-05,12:00:00,Stage 5,Area 9,120
2023-09-05,12:00:00,Stage 5,Area 12,150
2023-09-05,14:00:00,Stage 5,Area 5,150
2023-09-05,14:00:00,Stage 5,Area 13,150
2023-09-05,14:00:00,Stage 5,Area 1,150
2023-09-05,14:00:00,Stage 5,Area 9,150
2023-09-05,14:00:00,Stage 5,Area 10,150
2023-09-05,16:00:00,Stage 4,Area 6,150
2023-09-05,16:00:00,Stage 4,Area 14,150
2023-09-05,16:00:00,Stage 4,Area 2,150
2023-09-05,16:00:00,Stage 4,Area 10,120
2023-09-05,18:00:00,Stage 4,Area 7,150
2023-09-05,18:00:00,Stage 4,Area 15,150
2023-09-05,18:00:00,Stage 4,Area 3,150
2023-09-05,18:00:00,Stage 4,Area 11,150
2023-09-05,20:00:00,Stage 4,Area 8,150
2023-09-05,20:00:00,Stage 4,Area 16,150
2023-09-05,20:00:00,Stage 4,Area 4,150
2023-09-05,20:00:00,Stage 4,Area 12,150
2023-09-05,22:00:00,Stage 6,Area 5,150
2023-09-05,22:00:00,Stage 6,Area 6,120
2023-09-05,22:00:00,Stage 6,Area 13,150
2023-09-05,22:00:00,Stage 6,Area 14,120
2023-09-05,22:00:00,Stage 6,Area 1,150
2023-09-05,22:00:00,Stage 6,Area 9,150
2023-09-06,00:00:00,Stage 6,Area 6,120
2023-09-06,00:00:00,Stage 6,Area 7,120
2023-09-06,00:00:00,Stage 6,Area 14,120
2023-09-06,00:00:00,Stage 6,Area 15,120
2023-09-06,00:00:00,Stage 6,Area 2,150
2023-09-06,00:00:00,Stage 6,Area 10,150
2023-09-06,02:00:00,Stage 6,Area 7,150
2023-09-06,02:00:00,Stage 6,Area 8,120
2023-09-06,02:00:00,Stage 6,Area 15,150
2023-09-06,02:00:00,Stage 6,Area 16,120
2023-09-06,02:00:00,Stage 6,Area 3,150
2023-09-06,02:00:00,Stage 6,Area 11,150
2023-09-06,04:00:00,Stage 6,Area 8,150
2023-09-06,04:00:00,Stage 6,Area 16,150
2023-09-06,04:00:00,Stage 6,Area 1,90
2023-09-06,04:00:00,Stage 6,Area 4,150
2023-09-06,04:00:00,Stage 6,Area 9,90
2023-09-06,04:00:00,Stage 6,Area 12,150
2023-09-06,06:00:00,Stage 4,Area 5,150
2023-09-06,06:00:00,Stage 4,Area 13,150
2023-09-06,06:00:00,Stage 4,Area 1,150
2023-09-06,06:00:00,Stage 4,Area 9,150
2023-09-06,08:00:00,Stage 4,Area 6,150
2023-09-06,08:00:00,Stage 4,Area 14,150
2023-09-06,08:00:00,Stage 4,Area 2,150
2023-09-06,08:00:00,Stage 4,Area 10,150
2023-09-06,10:00:00,Stage 5,Area 7,150
2023-09-06,10:00:00,Stage 5,Area 15,150
2023-09-06,10:00:00,Stage 5,Area 3,150
2023-09-06,10:00:00,Stage 5,Area 4,120
2023-09-06,10:00:00,Stage 5,Area 11,150
2023-09-06,12:00:00,Stage 5,Area 5,150
2023-09-06,12:00:00,Stage 5,Area 8,150
2023-09-06,12:00:00,Stage 5,Area 16,150
2023-09-06,12:00:00,Stage 5,Area 4,120
2023-09-06,12:00:00,Stage 5,Area 12,150
2023-09-06,14:00:00,Stage 5,Area 5,120
2023-09-06,14:00:00,Stage 5,Area 6,150
2023-09-06,14:00:00,Stage 5,Area 13,150
2023-09-06,14:00:00,Stage 5,Area 1,150
2023-09-06,14:00:00,Stage 5,Area 9,150
2023-09-06,16:00:00,Stage 4,Area 6,120
2023-09-06,16:00:00,Stage 4,Area 14,120
2023-09-06,16:00:00,Stage 4,Area 2,150
2023-09-06,16:00:00,Stage 4,Area 10,150
2023-09-06,18:00:00,Stage 4,Area 7,150
2023-09-06,18:00:00,Stage 4,Area 15,120
2023-09-06,18:00:00,Stage 4,Area 3,150
2023-09-06,18:00:00,Stage 4,Area 11,150
2023-09-06,20:00:00,Stage 4,Area 8,150
2023-09-06,20:00:00,Stage 4,Area 16,150
2023-09-06,20:00:00,Stage 4,Area 4,150
2023-09-06,20:00:00,Stage 4,Area 12,150
2023-09-06,22:00:00,Stage 6,Area 5,150
2023-09-06,22:00:00,Stage 6,Area 13,150
2023-09-06,22:00:00,Stage 6,Area 1,150
2023-09-06,22:00:00,Stage 6,Area 2,150
2023-09-06,22:00:00,Stage 6,Area 9,150
2023-09-06,22:00:00,Stage 6,Area 10,120
2023-09-07,00:00:00,Stage 6,Area 6,150
2023-09-07,00:00:00,Stage 6,Area 14,150
2023-09-07,00:00:00,Stage 6,Area 2,120
2023-09-07,00:00:00,Stage 6,Area 3,120
2023-09-07,00:00:00,Stage 6,Area 10,120
2023-09-07,00:00:00,Stage 6,Area 11,120
2023-09-07,02:00:00,Stage 6,Area 7,150
2023-09-07,02:00:00,Stage 6,Area 15,120
2023-09-07,02:00:00,Stage 6,Area 3,150
2023-09-07,02:00:00,Stage 6,Area 4,120
2023-09-07,02:00:00,Stage 6,Area 11,150
2023-09-07,02:00:00,Stage 6,Area 12,120
2023-09-07,04:00:00,Stage 4,Area 8,150
2023-09-07,04:00:00,Stage 4,Area 16,150
2023-09-07,04:00:00,Stage 4,Area 4,150
2023-09-07,04:00:00,Stage 4,Area 12,150
2023-09-07,06:00:00,Stage 4,Area 5,150
2023-09-07,06:00:00,Stage 4,Area 13,150
2023-09-07,06:00:00,Stage 4,Area 1,150
2023-09-07,06:00:00,Stage 4,Area 9,150
2023-09-07,08:00:00,Stage 4,Area 6,150
2023-09-07,08:00:00,Stage 4,Area 14,150
2023-09-07,08:00:00,Stage 4,Area 2,150
2023-09-07,08:00:00,Stage 4,Area 10,150
2023-09-07,10:00:00,Stage 5,Area 7,150
2023-09-07,10:00:00,Stage 5,Area 15,150
2023-09-07,10:00:00,Stage 5,Area 16,150
2023-09-07,10:00:00,Stage 5,Area 3,150
2023-09-07,10:00:00,Stage 5,Area 11,150
2023-09-07,12:00:00,Stage 5,Area 8,150
2023-09-07,12:00:00,Stage 5,Area 16,120
2023-09-07,12:00:00,Stage 5,Area 1,120
2023-09-07,12:00:00,Stage 5,Area 4,150
2023-09-07,12:00:00,Stage 5,Area 12,150
2023-09-07,14:00:00,Stage 5,Area 5,150
2023-09-07,14:00:00,Stage 5,Area 13,150
2023-09-07,14:00:00,Stage 5,Area 1,150
2023-09-07,14:00:00,Stage 5,Area 2,120
2023-09-07,14:00:00,Stage 5,Area 9,150
2023-09-07,16:00:00,Stage 4,Area 6,150
2023-09-07,16:00:00,Stage 4,Area 14,150
2023-09-07,16:00:00,Stage 4,Area 2,150
2023-09-07,16:00:00,Stage 4,Area 10,120
2023-09-07,18:00:00,Stage 4,Area 7,150
2023-09-07,18:00:00,Stage 4,Area 15,150
2023-09-07,18:00:00,Stage 4,Area 3,150
2023-09-07,18:00:00,Stage 4,Area 11,150
2023-09-07,20:00:00,Stage 4,Area 8,150
2023-09-07,20:00:00,Stage 4,Area 16,150
2023-09-07,20:00:00,Stage 4,Area 4,150
2023-09-07,20:00:00,Stage 4,Area 12,150
2023-09-07,22:00:00,Stage 6,Area 5,150
2023-09-07,22:00:00,Stage 6,Area 6,120
2023-09-07,22:00:00,Stage 6,Area 13,150
2023-09-07,22:00:00,Stage 6,Area 14,120
2023-09-07,22:00:00,Stage 6,Area 1,150
2023-09-07,22:00:00,Stage 6,Area 9,150
2023-09-08,00:00:00,Stage 6,Area 6,120
2023-09-08,00:00:00,Stage 6,Area 7,120
2023-09-08,00:00:00,Stage 6,Area 14,120
2023-09-08,00:00:00,Stage 6,Area 15,120
2023-09-08,00:00:00,Stage 6,Area 2,150
2023-09-08,00:00:00,Stage 6,Area 10,150
2023-09-08,02:00:00,Stage 6,Area 7,150
2023-09-08,02:00:00,Stage 6,Area 8,120
2023-09-08,02:00:00,Stage 6,Area 15,150
2023-09-08,02:00:00,Stage 6,Area 16,120
2023-09-08,02:00:00,Stage 6,Area 3,150
2023-09-08,02:00:00,Stage 6,Area 11,150
2023-09-08,04:00:00,Stage 4,Area 8,150
2023-09-08,04:00:00,Stage 4,Area 16,150
2023-09-08,04:00:00,Stage 4,Area 4,150
2023-09-08,04:00:00,Stage 4,Area 12,150
2023-09-08,06:00:00,Stage 3,Area 5,150
2023-09-08,06:00:00,Stage 3,Area 1,150
2023-09-08,06:00:00,Stage 3,Area 9,150
2023-09-08,08:00:00,Stage 3,Area 6,120
2023-09-08,08:00:00,Stage 3,Area 2,135
2023-09-08,08:00:00,Stage 3,Area 10,120
2023-09-08,10:00:00,Stage 4,Area 7,135
2023-09-08,10:00:00,Stage 4,Area 15,135
2023-09-08,10:00:00,Stage 4,Area 3,135
2023-09-08,10:00:00,Stage 4,Area 11,135
2023-09-08,12:00:00,Stage 4,Area 8,135
2023-09-08,12:00:00,Stage 4,Area 16,135
2023-09-08,12:00:00,Stage 4,Area 4,135
2023-09-08,12:00:00,Stage 4,Area 12,135
2023-09-08,14:00:00,Stage 4,Area 5,135
2023-09-08,14:00:00,Stage 4,Area 13,15
2023-09-08,14:00:00,Stage 4,Area 1,135
2023-09-08,14:00:00,Stage 4,Area 9,135
2023-09-08,20:00:00,Stage 3,Area 8,150
2023-09-08,20:00:00,Stage 3,Area 16,150
2023-09-08,20:00:00,Stage 3,Area 12,150
2023-09-08,22:00:00,Stage 5,Area 5,150
2023-09-08,22:00:00,Stage 5,Area 13,150
2023-09-08,22:00:00,Stage 5,Area 1,150
2023-09-08,22:00:00,Stage 5,Area 2,150
2023-09-08,22:00:00,Stage 5,Area 9,150
2023-09-09,00:00:00,Stage 5,Area 7,150
2023-09-09,00:00:00,Stage 5,Area 15,150
2023-09-09,00:00:00,Stage 5,Area 3,150
2023-09-09,00:00:00,Stage 5,Area 4,120
2023-09-09,00:00:00,Stage 5,Area 11,150
2023-09-09,02:00:00,Stage 5,Area 5,120
2023-09-09,02:00:00,Stage 5,Area 8,150
2023-09-09,02:00:00,Stage 5,Area 16,150
2023-09-09,02:00:00,Stage 5,Area 4,150
2023-09-09,02:00:00,Stage 5,Area 12,150
2023-09-09,04:00:00,Stage 5,Area 5,150
2023-09-09,04:00:00,Stage 5,Area 6,60
2023-09-09,04:00:00,Stage 5,Area 13,150
2023-09-09,04:00:00,Stage 5,Area 1,150
2023-09-09,04:00:00,Stage 5,Area 9,60
2023-09-09,06:00:00,Stage 3,Area 6,150
2023-09-09,06:00:00,Stage 3,Area 14,150
2023-09-09,06:00:00,Stage 3,Area 2,150
2023-09-09,08:00:00,Stage 3,Area 7,135
2023-09-09,08:00:00,Stage 3,Area 15,135
2023-09-09,08:00:00,Stage 3,Area 3,135
2023-09-09,10:00:00,Stage 3,Area 8,135
2023-09-09,10:00:00,Stage 3,Area 16,135
2023-09-09,10:00:00,Stage 3,Area 4,135
2023-09-09,12:00:00,Stage 3,Area 5,135
2023-09-09,12:00:00,Stage 3,Area 1,135
2023-09-09,12:00:00,Stage 3,Area 9,135
2023-09-09,14:00:00,Stage 3,Area 6,135
2023-09-09,14:00:00,Stage 3,Area 2,120
2023-09-09,14:00:00,Stage 3,Area 10,135
2023-09-09,16:00:00,Stage 4,Area 7,150
2023-09-09,16:00:00,Stage 4,Area 15,150
2023-09-09,16:00:00,Stage 4,Area 3,150
2023-09-09,16:00:00,Stage 4,Area 11,150
2023-09-09,20:00:00,Stage 4,Area 5,150
2023-09-09,20:00:00,Stage 4,Area 13,150
2023-09-09,20:00:00,Stage 4,Area 1,150
2023-09-09,20:00:00,Stage 4,Area 9,150
2023-09-09,22:00:00,Stage 4,Area 6,150
2023-09-09,22:00:00,Stage 4,Area 14,150
2023-09-09,22:00:00,Stage 4,Area 2,150
2023-09-09,22:00:00,Stage 4,Area 10,150
2023-09-10,00:00:00,Stage 4,Area 7,150
2023-09-10,00:00:00,Stage 4,Area 15,150
2023-09-10,00:00:00,Stage 4,Area 3,150
2023-09-10,00:00:00,Stage 4,Area 11,150
2023-09-10,02:00:00,Stage 4,Area 8,150
2023-09-10,02:00:00,Stage 4,Area 16,150
2023-09-10,02:00:00,Stage 4,Area 4,150
2023-09-10,02:00:00,Stage 4,Area 12,150
2023-09-10,04:00:00,Stage 4,Area 5,60
2023-09-10,04:00:00,Stage 4,Area 13,60
2023-09-10,04:00:00,Stage 4,Area 1,150
2023-09-10,04:00:00,Stage 4,Area 9,60
2023-09-10,06:00:00,Stage 1,Area 2,135
2023-09-10,08:00:00,Stage 1,Area 3,135
2023-09-10,10:00:00,Stage 1,Area 4,135
2023-09-10,12:00:00,Stage 1,Area 5,135
2023-09-10,14:00:00,Stage 1,Area 6,135
2023-09-10,16:00:00,Stage 4,Area 7,150
2023-09-10,16:00:00,Stage 4,Area 15,150
2023-09-10,16:00:00,Stage 4,Area 3,150
2023-09-10,16:00:00,Stage 4,Area 11,150
2023-09-10,18:00:00,Stage 3,Area 8,150
2023-09-10,18:00:00,Stage 3,Area 16,150
2023-09-10,18:00:00,Stage 3,Area 4,150
2023-09-10,20:00:00,Stage 4,Area 5,150
2023-09-10,20:00:00,Stage 4,Area 13,150
2023-09-10,20:00:00,Stage 4,Area 1,150
2023-09-10,20:00:00,Stage 4,Area 9,150
2023-09-10,22:00:00,Stage 4,Area 6,150
2023-09-10,22:00:00,Stage 4,Area 14,150
2023-09-10,22:00:00,Stage 4,Area 2,150
2023-09-10,22:00:00,Stage 4,Area 10,150
2023-09-11,00:00:00,Stage 4,Area 7,150
2023-09-11,00:00:00,Stage 4,Area 15,150
2023-09-11,00:00:00,Stage 4,Area 3,150
2023-09-11,00:00:00,Stage 4,Area 11,150
2023-09-11,02:00:00,Stage 4,Area 8,150
2023-09-11,02:00:00,Stage 4,Area 16,150
2023-09-11,02:00:00,Stage 4,Area 4,150
2023-09-11,02:00:00,Stage 4,Area 12,150
2023-09-11,04:00:00,Stage 4,Area 5,60
2023-09-11,04:00:00,Stage 4,Area 13,150
2023-09-11,04:00:00,Stage 4,Area 1,60
2023-09-11,04:00:00,Stage 4,Area 9,60
2023-09-11,06:00:00,Stage 1,Area 14,125
2023-09-11,08:00:00,Stage 1,Area 15,125
2023-09-11,10:00:00,Stage 2,Area 8,125
2023-09-11,10:00:00,Stage 2,Area 16,125
2023-09-11,12:00:00,Stage 3,Area 13,125
2023-09-11,12:00:00,Stage 3,Area 1,135
2023-09-11,12:00:00,Stage 3,Area 9,125
2023-09-11,14:00:00,Stage 3,Area 14,120
2023-09-11,14:00:00,Stage 3,Area 2,125
2023-09-11,14:00:00,Stage 3,Area 10,125
2023-09-11,16:00:00,Stage 2,Area 3,120
2023-09-11,16:00:00,Stage 2,Area 11,120
2023-09-11,18:00:00,Stage 2,Area 4,120
2023-09-11,18:00:00,Stage 2,Area 12,150
2023-09-11,22:00:00,Stage 5,Area 6,150
2023-09-11,22:00:00,Stage 5,Area 7,120
2023-09-11,22:00:00,Stage 5,Area 14,150
2023-09-11,22:00:00,Stage 5,Area 2,150
2023-09-11,22:00:00,Stage 5,Area 10,150
2023-09-12,00:00:00,Stage 5,Area 7,120
2023-09-12,00:00:00,Stage 5,Area 8,120
2023-09-12,00:00:00,Stage 5,Area 15,150
2023-09-12,00:00:00,Stage 5,Area 3,150
2023-09-12,00:00:00,Stage 5,Area 11,150
2023-09-12,02:00:00,Stage 5,Area 8,150
2023-09-12,02:00:00,Stage 5,Area 16,150
2023-09-12,02:00:00,Stage 5,Area 4,150
2023-09-12,02:00:00,Stage 5,Area 9,120
2023-09-12,02:00:00,Stage 5,Area 12,150
2023-09-12,04:00:00,Stage 5,Area 5,60
2023-09-12,04:00:00,Stage 5,Area 13,60
2023-09-12,04:00:00,Stage 5,Area 1,150
2023-09-12,04:00:00,Stage 5,Area 9,150
2023-09-12,04:00:00,Stage 5,Area 10,60
2023-09-12,06:00:00,Stage 2,Area 2,150
2023-09-12,06:00:00,Stage 2,Area 10,120
2023-09-12,08:00:00,Stage 2,Area 3,150
2023-09-12,08:00:00,Stage 2,Area 11,150
2023-09-12,10:00:00,Stage 4,Area 8,150
2023-09-12,10:00:00,Stage 4,Area 16,150
2023-09-12,10:00:00,Stage 4,Area 4,150
2023-09-12,10:00:00,Stage 4,Area 12,150
2023-09-12,12:00:00,Stage 4,Area 5,150
2023-09-12,12:00:00,Stage 4,Area 13,150
2023-09-12,12:00:00,Stage 4,Area 1,150
2023-09-12,12:00:00,Stage 4,Area 9,150
2023-09-12,14:00:00,Stage 4,Area 6,150
2023-09-12,14:00:00,Stage 4,Area 14,150
2023-09-12,14:00:00,Stage 4,Area 2,150
2023-09-12,14:00:00,Stage 4,Area 10,150
2023-09-12,16:00:00,Stage 4,Area 7,150
2023-09-12,16:00:00,Stage 4,Area 15,150
2023-09-12,16:00:00,Stage 4,Area 3,150
2023-09-12,16:00:00,Stage 4,Area 11,150
2023-09-12,18:00:00,Stage 4,Area 8,150
2023-09-12,18:00:00,Stage 4,Area 16,150
2023-09-12,18:00:00,Stage 4,Area 4,150
2023-09-12,18:00:00,Stage 4,Area 12,150
2023-09-12,20:00:00,Stage 4,Area 5,150
2023-09-12,20:00:00,Stage 4,Area 13,150
2023-09-12,20:00:00,Stage 4,Area 1,150
2023-09-12,20:00:00,Stage 4,Area 9,150
2023-09-12,22:00:00,Stage 6,Area 6,150
2023-09-12,22:00:00,Stage 6,Area 14,150
2023-09-12,22:00:00,Stage 6,Area 2,150
2023-09-12,22:00:00,Stage 6,Area 3,150
2023-09-12,22:00:00,Stage 6,Area 10,150
2023-09-12,22:00:00,Stage 6,Area 11,150
2023-09-13,00:00:00,Stage 6,Area 8,150
2023-09-13,00:00:00,Stage 6,Area 16,150
2023-09-13,00:00:00,Stage 6,Area 1,120
2023-09-13,00:00:00,Stage 6,Area 4,150
2023-09-13,00:00:00,Stage 6,Area 9,120
2023-09-13,00:00:00,Stage 6,Area 12,150
2023-09-13,02:00:00,Stage 6,Area 5,150
2023-09-13,02:00:00,Stage 6,Area 13,150
2023-09-13,02:00:00,Stage 6,Area 1,150
2023-09-13,02:00:00,Stage 6,Area 2,120
2023-09-13,02:00:00,Stage 6,Area 9,150
2023-09-13,02:00:00,Stage 6,Area 10,120
2023-09-13,04:00:00,Stage 6,Area 6,150
2023-09-13,04:00:00,Stage 6,Area 14,150
2023-09-13,04:00:00,Stage 6,Area 2,150
2023-09-13,04:00:00,Stage 6,Area 3,90
2023-09-13,04:00:00,Stage 6,Area 10,150
2023-09-13,04:00:00,Stage 6,Area 11,90
2023-09-13,06:00:00,Stage 4,Area 7,150
2023-09-13,06:00:00,Stage 4,Area 15,150
2023-09-13,06:00:00,Stage 4,Area 3,150
2023-09-13,06:00:00,Stage 4,Area 11,150
2023-09-13,08:00:00,Stage 4,Area 8,150
2023-09-13,08:00:00,Stage 4,Area 16,150
2023-09-13,08:00:00,Stage 4,Area 4,150
2023-09-13,08:00:00,Stage 4,Area 12,150
2023-09-13,10:00:00,Stage 5,Area 5,150
2023-09-13,10:00:00,Stage 5,Area 6,120
2023-09-13,10:00:00,Stage 5,Area 13,150
2023-09-13,10:00:00,Stage 5,Area 1,150
2023-09-13,10:00:00,Stage 5,Area 9,150
2023-09-13,12:00:00,Stage 5,Area 6,150
2023-09-13,12:00:00,Stage 5,Area 7,120
2023-09-13,12:00:00,Stage 5,Area 14,150
2023-09-13,12:00:00,Stage 5,Area 2,150
2023-09-13,12:00:00,Stage 5,Area 10,150
2023-09-13,14:00:00,Stage 5,Area 7,150
2023-09-13,14:00:00,Stage 5,Area 8,120
2023-09-13,14:00:00,Stage 5,Area 15,150
2023-09-13,14:00:00,Stage 5,Area 3,150
2023-09-13,14:00:00,Stage 5,Area 11,150
2023-09-13,16:00:00,Stage 4,Area 8,150
2023-09-13,16:00:00,Stage 4,Area 16,150
2023-09-13,16:00:00,Stage 4,Area 4,150
2023-09-13,16:00:00,Stage 4,Area 12,150
2023-09-13,18:00:00,Stage 4,Area 5,150
2023-09-13,18:00:00,Stage 4,Area 13,150
2023-09-13,18:00:00,Stage 4,Area 1,150
2023-09-13,18:00:00,Stage 4,Area 9,150
2023-09-13,20:00:00,Stage 4,Area 6,150
2023-09-13,20:00:00,Stage 4,Area 14,150
2023-09-13,20:00:00,Stage 4,Area 2,150
2023-09-13,20:00:00,Stage 4,Area 10,150
2023-09-13,22:00:00,Stage 6,Area 7,150
2023-09-13,22:00:00,Stage 6,Area 15,150
2023-09-13,22:00:00,Stage 6,Area 3,150
2023-09-13,22:00:00,Stage 6,Area 4,120
2023-09-13,22:00:00,Stage 6,Area 11,150
2023-09-13,22:00:00,Stage 6,Area 12,120
2023-09-14,00:00:00,Stage 6,Area 5,120
2023-09-14,00:00:00,Stage 6,Area 8,150
2023-09-14,00:00:00,Stage 6,Area 13,120
2023-09-14,00:00:00,Stage 6,Area 16,150
2023-09-14,00:00:00,Stage 6,Area 4,120
2023-09-14,00:00:00,Stage 6,Area 12,120
2023-09-14,02:00:00,Stage 6,Area 5,150
2023-09-14,02:00:00,Stage 6,Area 6,120
2023-09-14,02:00:00,Stage 6,Area 13,150
2023-09-14,02:00:00,Stage 6,Area 14,120
2023-09-14,02:00:00,Stage 6,Area 1,150
2023-09-14,02:00:00,Stage 6,Area 9,150
2023-09-14,04:00:00,Stage 6,Area 6,150
2023-09-14,04:00:00,Stage 6,Area 7,60
2023-09-14,04:00:00,Stage 6,Area 14,150
2023-09-14,04:00:00,Stage 6,Area 15,60
2023-09-14,04:00:00,Stage 6,Area 2,150
2023-09-14,04:00:00,Stage 6,Area 10,150
2023-09-14,06:00:00,Stage 4,Area 7,150
2023-09-14,06:00:00,Stage 4,Area 15,150
2023-09-14,06:00:00,Stage 4,Area 3,150
2023-09-14,06:00:00,Stage 4,Area 11,150
2023-09-14,08:00:00,Stage 4,Area 8,150
2023-09-14,08:00:00,Stage 4,Area 16,120
2023-09-14,08:00:00,Stage 4,Area 4,150
2023-09-14,08:00:00,Stage 4,Area 12,150
2023-09-14,10:00:00,Stage 5,Area 5,150
2023-09-14,10:00:00,Stage 5,Area 13,150
2023-09-14,10:00:00,Stage 5,Area 16,120
2023-09-14,10:00:00,Stage 5,Area 1,150
2023-09-14,10:00:00,Stage 5,Area 2,150
2023-09-14,14:00:00,Stage 5,Area 7,150
2023-09-14,14:00:00,Stage 5,Area 15,150
2023-09-14,14:00:00,Stage 5,Area 3,120
2023-09-14,14:00:00,Stage 5,Area 4,120
2023-09-14,14:00:00,Stage 5,Area 11,150
2023-09-14,16:00:00,Stage 5,Area 8,120
2023-09-14,16:00:00,Stage 5,Area 16,120
2023-09-14,16:00:00,Stage 5,Area 3,120
2023-09-14,16:00:00,Stage 5,Area 4,120
2023-09-14,16:00:00,Stage 5,Area 12,120
2023-09-14,18:00:00,Stage 4,Area 5,150
2023-09-14,18:00:00,Stage 4,Area 13,150
2023-09-14,18:00:00,Stage 4,Area 1,150
2023-09-14,18:00:00,Stage 4,Area 9,150
2023-09-14,20:00:00,Stage 4,Area 6,135
2023-09-14,20:00:00,Stage 4,Area 14,135
2023-09-14,20:00:00,Stage 4,Area 2,135
2023-09-14,20:00:00,Stage 4,Area 10,135
2023-09-14,22:00:00,Stage 6,Area 7,150
2023-09-14,22:00:00,Stage 6,Area 8,120
2023-09-14,22:00:00,Stage 6,Area 15,150
2023-09-14,22:00:00,Stage 6,Area 16,120
2023-09-14,22:00:00,Stage 6,Area 3,150
2023-09-14,22:00:00,Stage 6,Area 11,150
2023-09-15,00:00:00,Stage 6,Area 8,120
2023-09-15,00:00:00,Stage 6,Area 16,120
2023-09-15,00:00:00,Stage 6,Area 1,120
2023-09-15,00:00:00,Stage 6,Area 4,150
2023-09-15,00:00:00,Stage 6,Area 9,120
2023-09-15,00:00:00,Stage 6,Area 12,150
2023-09-15,02:00:00,Stage 6,Area 5,150
2023-09-15,02:00:00,Stage 6,Area 13,150
2023-09-15,02:00:00,Stage 6,Area 1,150
2023-09-15,02:00:00,Stage 6,Area 2,120
2023-09-15,02:00:00,Stage 6,Area 9,150
2023-09-15,02:00:00,Stage 6,Area 10,120
2023-09-15,04:00:00,Stage 6,Area 6,150
2023-09-15,04:00:00,Stage 6,Area 14,150
2023-09-15,04:00:00,Stage 6,Area 2,106
2023-09-15,04:00:00,Stage 6,Area 3,90
2023-09-15,04:00:00,Stage 6,Area 10,150
2023-09-15,04:00:00,Stage 6,Area 11,90
2023-09-15,06:00:00,Stage 3,Area 7,150
2023-09-15,06:00:00,Stage 3,Area 15,150
2023-09-15,06:00:00,Stage 3,Area 11,150
2023-09-15,08:00:00,Stage 3,Area 8,150
2023-09-15,08:00:00,Stage 3,Area 16,150
2023-09-15,08:00:00,Stage 3,Area 12,150
2023-09-15,10:00:00,Stage 4,Area 5,150
2023-09-15,10:00:00,Stage 4,Area 13,150
2023-09-15,10:00:00,Stage 4,Area 1,150
2023-09-15,10:00:00,Stage 4,Area 9,150
2023-09-15,12:00:00,Stage 4,Area 6,150
2023-09-15,12:00:00,Stage 4,Area 14,120
2023-09-15,12:00:00,Stage 4,Area 2,150
2023-09-15,12:00:00,Stage 4,Area 10,150
2023-09-15,14:00:00,Stage 3,Area 15,150
2023-09-15,14:00:00,Stage 3,Area 3,150
2023-09-15,14:00:00,Stage 3,Area 11,150
2023-09-15,16:00:00,Stage 2,Area 4,120
2023-09-15,16:00:00,Stage 2,Area 12,120
2023-09-15,18:00:00,Stage 2,Area 5,120
2023-09-15,18:00:00,Stage 2,Area 13,120
2023-09-15,22:00:00,Stage 2,Area 7,120
2023-09-15,22:00:00,Stage 2,Area 15,120
2023-09-16,00:00:00,Stage 2,Area 8,110
2023-09-16,00:00:00,Stage 2,Area 16,110
2023-09-16,05:00:00,Stage 2,Area 2,60
2023-09-16,05:00:00,Stage 2,Area 10,60
2023-09-16,06:00:00,Stage 2,Area 3,150
2023-09-16,06:00:00,Stage 2,Area 11,150
2023-09-16,08:00:00,Stage 2,Area 4,120
2023-09-16,08:00:00,Stage 2,Area 12,120
2023-09-17,16:00:00,Stage 2,Area 1,120
2023-09-17,16:00:00,Stage 2,Area 9,120
2023-09-17,18:00:00,Stage 2,Area 2,120
2023-09-17,18:00:00,Stage 2,Area 10,130
2023-09-17,20:00:00,Stage 2,Area 3,150
2023-09-17,20:00:00,Stage 2,Area 11,150
2023-09-17,22:00:00,Stage 2,Area 4,120
2023-09-17,22:00:00,Stage 2,Area 12,120
2023-09-18,00:00:00,Stage 2,Area 5,150
2023-09-18,00:00:00,Stage 2,Area 13,150
2023-09-18,02:00:00,Stage 2,Area 6,150
2023-09-18,02:00:00,Stage 2,Area 14,150
2023-09-18,04:00:00,Stage 2,Area 7,60
2023-09-18,04:00:00,Stage 2,Area 15,60
2023-09-18,10:00:00,Stage 1,Area 2,125
2023-09-18,16:00:00,Stage 1,Area 5,150
2023-09-18,18:00:00,Stage 1,Area 6,150
2023-09-18,20:00:00,Stage 1,Area 7,150
2023-09-18,22:00:00,Stage 3,Area 8,120
2023-09-18,22:00:00,Stage 3,Area 16,120
2023-09-18,22:00:00,Stage 3,Area 4,120
2023-09-19,16:00:00,Stage 1,Area 1,150
2023-09-19,18:00:00,Stage 1,Area 2,150
2023-09-19,20:00:00,Stage 1,Area 3,150
2023-09-19,22:00:00,Stage 1,Area 4,150
2023-09-20,16:00:00,Stage 1,Area 13,150
2023-09-20,18:00:00,Stage 1,Area 14,150
2023-09-20,20:00:00,Stage 1,Area 15,150
2023-09-20,22:00:00,Stage 3,Area 8,150
2023-09-20,22:00:00,Stage 3,Area 16,150
2023-09-20,22:00:00,Stage 3,Area 12,150
2023-09-21,00:00:00,Stage 3,Area 14,150
2023-09-21,00:00:00,Stage 3,Area 2,150
2023-09-21,00:00:00,Stage 3,Area 10,150
2023-09-21,02:00:00,Stage 1,Area 3,150
2023-09-21,04:00:00,Stage 1,Area 4,90
2023-09-21,18:00:00,Stage 1,Area 11,150
2023-09-21,22:00:00,Stage 3,Area 5,150
2023-09-21,22:00:00,Stage 3,Area 13,150
2023-09-21,22:00:00,Stage 3,Area 9,150
2023-09-22,00:00:00,Stage 3,Area 6,150
2023-09-22,00:00:00,Stage 3,Area 14,150
2023-09-22,00:00:00,Stage 3,Area 10,150
2023-09-22,02:00:00,Stage 3,Area 7,150
2023-09-22,02:00:00,Stage 3,Area 15,150
2023-09-22,02:00:00,Stage 3,Area 11,150
2023-09-22,04:00:00,Stage 3,Area 8,90
2023-09-22,04:00:00,Stage 3,Area 16,90
2023-09-22,04:00:00,Stage 3,Area 12,90
2023-09-22,22:00:00,Stage 2,Area 1,150
2023-09-22,22:00:00,Stage 2,Area 9,150
2023-09-23,00:00:00,Stage 2,Area 2,150
2023-09-23,00:00:00,Stage 2,Area 10,150
2023-09-23,02:00:00,Stage 2,Area 3,150
2023-09-23,02:00:00,Stage 2,Area 11,150
2023-09-23,04:00:00,Stage 2,Area 4,150
2023-09-23,04:00:00,Stage 2,Area 12,150
2023-09-24,20:00:00,Stage 3,Area 8,150
2023-09-24,20:00:00,Stage 3,Area 16,150
2023-09-24,20:00:00,Stage 3,Area 12,150
2023-09-24,22:00:00,Stage 3,Area 13,120
2023-09-24,22:00:00,Stage 3,Area 1,120
2023-09-24,22:00:00,Stage 3,Area 9,120
2023-09-25,00:00:00,Stage 3,Area 15,120
2023-09-25,00:00:00,Stage 3,Area 3,120
2023-09-25,00:00:00,Stage 3,Area 11,120
2023-09-25,02:00:00,Stage 3,Area 16,120
2023-09-25,02:00:00,Stage 3,Area 4,120
2023-09-25,02:00:00,Stage 3,Area 12,120
2023-09-25,04:00:00,Stage 3,Area 5,120
2023-09-25,04:00:00,Stage 3,Area 13,60
2023-09-25,04:00:00,Stage 3,Area 1,60
2023-09-25,06:00:00,Stage 1,Area 6,120
2023-09-27,14:00:00,Stage 1,Area 2,125
2023-09-27,16:00:00,Stage 1,Area 3,120
2023-09-27,18:00:00,Stage 1,Area 4,120
2023-09-27,20:00:00,Stage 1,Area 5,125
2023-09-27,22:00:00,Stage 3,Area 6,120
2023-09-27,22:00:00,Stage 3,Area 14,120
2023-09-27,22:00:00,Stage 3,Area 2,120
2023-09-28,00:00:00,Stage 3,Area 7,130
2023-09-28,00:00:00,Stage 3,Area 16,130
2023-09-28,00:00:00,Stage 3,Area 3,130
2023-09-28,02:00:00,Stage 2,Area 8,130
2023-09-28,02:00:00,Stage 2,Area 4,66
2023-09-28,04:00:00,Stage 2,Area 1,60
2023-09-28,04:00:00,Stage 2,Area 9,60
2023-09-28,16:00:00,Stage 1,Area 15,120
2023-09-28,18:00:00,Stage 1,Area 16,120
2023-09-28,20:00:00,Stage 1,Area 1,120
2023-09-28,22:00:00,Stage 3,Area 14,120
2023-09-28,22:00:00,Stage 3,Area 2,120
2023-09-28,22:00:00,Stage 3,Area 10,120
2023-09-29,00:00:00,Stage 3,Area 16,150
2023-09-29,00:00:00,Stage 3,Area 4,150
2023-09-29,00:00:00,Stage 3,Area 12,150
2023-09-29,02:00:00,Stage 3,Area 5,150
2023-09-29,02:00:00,Stage 3,Area 13,120
2023-09-29,02:00:00,Stage 3,Area 1,150
2023-09-29,04:00:00,Stage 3,Area 6,60
2023-09-29,04:00:00,Stage 3,Area 14,60
2023-09-29,04:00:00,Stage 3,Area 2,60
2023-09-29,16:00:00,Stage 1,Area 12,120
2023-09-29,18:00:00,Stage 1,Area 13,150
2023-09-29,20:00:00,Stage 1,Area 14,150
2023-09-29,22:00:00,Stage 3,Area 7,150
2023-09-29,22:00:00,Stage 3,Area 15,150
2023-09-29,22:00:00,Stage 3,Area 11,150
2023-09-30,00:00:00,Stage 3,Area 8,90
2023-09-30,00:00:00,Stage 3,Area 16,90
2023-09-30,00:00:00,Stage 3,Area 12,90
2023-10-02,22:00:00,Stage 2,Area 8,150
2023-10-02,22:00:00,Stage 2,Area 16,150
2023-10-03,00:00:00,Stage 2,Area 1,90
2023-10-03,00:00:00,Stage 2,Area 9,150
2023-10-03,02:00:00,Stage 1,Area 10,150
2023-10-03,04:00:00,Stage 1,Area 11,90
2023-10-03,22:00:00,Stage 2,Area 4,120
2023-10-03,22:00:00,Stage 2,Area 12,120
2023-10-04,00:00:00,Stage 2,Area 5,120
2023-10-04,00:00:00,Stage 2,Area 13,120
2023-10-04,02:00:00,Stage 2,Area 6,120
2023-10-04,02:00:00,Stage 2,Area 14,120
2023-10-04,04:00:00,Stage 2,Area 7,60
2023-10-04,04:00:00,Stage 2,Area 15,60
2023-10-04,22:00:00,Stage 2,Area 8,120
2023-10-04,22:00:00,Stage 2,Area 16,120
2023-10-05,00:00:00,Stage 2,Area 2,120
2023-10-05,00:00:00,Stage 2,Area 10,120
2023-10-05,02:00:00,Stage 2,Area 3,120
2023-10-05,02:00:00,Stage 2,Area 11,120
2023-10-05,04:00:00,Stage 2,Area 4,60
2023-10-05,04:00:00,Stage 2,Area 12,60
2023-10-05,22:00:00,Stage 2,Area 5,120
2023-10-05,22:00:00,Stage 2,Area 13,120
2023-10-06,00:00:00,Stage 2,Area 6,120
2023-10-06,00:00:00,Stage 2,Area 14,120
2023-10-06,02:00:00,Stage 2,Area 7,120
2023-10-06,02:00:00,Stage 2,Area 15,120
2023-10-06,04:00:00,Stage 2,Area 8,120
2023-10-06,04:00:00,Stage 2,Area 16,120
2023-10-06,22:00:00,Stage 2,Area 1,126
2023-10-06,22:00:00,Stage 2,Area 9,126
2023-10-07,00:00:00,Stage 2,Area 2,120
2023-10-07,00:00:00,Stage 2,Area 10,120
2023-10-07,02:00:00,Stage 2,Area 3,120
2023-10-07,02:00:00,Stage 2,Area 11,120
2023-10-07,04:00:00,Stage 2,Area 4,60
2023-10-07,04:00:00,Stage 2,Area 12,125
2023-10-07,06:00:00,Stage 1,Area 13,150
2023-10-07,08:00:00,Stage 1,Area 14,150
2023-10-07,10:00:00,Stage 1,Area 15,150
2023-10-07,12:00:00,Stage 1,Area 16,150
2023-10-07,14:00:00,Stage 1,Area 1,150
2023-10-07,16:00:00,Stage 1,Area 2,150
2023-10-07,18:00:00,Stage 1,Area 3,150
2023-10-07,20:00:00,Stage 1,Area 4,150
2023-10-07,22:00:00,Stage 1,Area 5,120
2023-10-08,00:00:00,Stage 1,Area 6,120
2023-10-08,02:00:00,Stage 1,Area 7,120
2023-10-08,04:00:00,Stage 1,Area 8,60
2023-10-09,22:00:00,Stage 2,Area 6,120
2023-10-09,22:00:00,Stage 2,Area 14,120
2023-10-10,00:00:00,Stage 2,Area 7,90
2023-10-10,00:00:00,Stage 2,Area 15,125
2023-10-10,02:00:00,Stage 1,Area 16,8
2023-10-10,22:00:00,Stage 2,Area 2,119
2023-10-10,22:00:00,Stage 2,Area 10,119
2023-10-11,22:00:00,Stage 2,Area 6,114
2023-10-11,22:00:00,Stage 2,Area 14,120
2023-10-12,00:00:00,Stage 2,Area 7,150
2023-10-12,00:00:00,Stage 2,Area 15,150
2023-10-12,02:00:00,Stage 2,Area 8,150
2023-10-12,02:00:00,Stage 2,Area 16,150
2023-10-12,04:00:00,Stage 2,Area 1,60
2023-10-12,04:00:00,Stage 2,Area 9,60
2023-10-12,22:00:00,Stage 2,Area 2,120
2023-10-12,22:00:00,Stage 2,Area 10,120
2023-10-13,00:00:00,Stage 2,Area 4,150
2023-10-13,00:00:00,Stage 2,Area 12,150
2023-10-13,02:00:00,Stage 2,Area 5,150
2023-10-13,02:00:00,Stage 2,Area 13,150
2023-10-13,04:00:00,Stage 2,Area 6,60
2023-10-13,04:00:00,Stage 2,Area 14,60
2023-10-13,22:00:00,Stage 2,Area 7,150
2023-10-13,22:00:00,Stage 2,Area 15,150
2023-10-14,00:00:00,Stage 2,Area 8,150
2023-10-14,00:00:00,Stage 2,Area 16,150
2023-10-14,02:00:00,Stage 1,Area 1,150
2023-10-14,04:00:00,Stage 1,Area 2,40
2023-10-16,16:00:00,Stage 1,Area 16,120
2023-10-16,18:00:00,Stage 1,Area 1,120
2023-10-16,20:00:00,Stage 1,Area 2,150
2023-10-16,22:00:00,Stage 2,Area 3,150
2023-10-16,22:00:00,Stage 2,Area 11,150
2023-10-17,00:00:00,Stage 2,Area 1,150
2023-10-17,00:00:00,Stage 2,Area 9,150
2023-10-17,02:00:00,Stage 2,Area 2,150
2023-10-17,02:00:00,Stage 2,Area 10,150
2023-10-17,04:00:00,Stage 2,Area 3,60
2023-10-17,04:00:00,Stage 2,Area 11,60
2023-10-17,16:00:00,Stage 1,Area 9,120
2023-10-17,18:00:00,Stage 1,Area 10,120
2023-10-17,20:00:00,Stage 1,Area 11,120
2023-10-17,22:00:00,Stage 2,Area 4,120
2023-10-17,22:00:00,Stage 2,Area 12,120
2023-10-18,00:00:00,Stage 2,Area 5,120
2023-10-18,00:00:00,Stage 2,Area 13,120
2023-10-18,02:00:00,Stage 2,Area 6,120
2023-10-18,02:00:00,Stage 2,Area 14,120
2023-10-18,04:00:00,Stage 2,Area 7,49
2023-10-18,04:00:00,Stage 2,Area 15,48
2023-10-18,22:00:00,Stage 1,Area 8,120
2023-10-19,00:00:00,Stage 1,Area 9,120
2023-10-19,02:00:00,Stage 1,Area 10,120
2023-10-19,04:00:00,Stage 1,Area 11,60
2023-10-19,16:00:00,Stage 1,Area 1,120
2023-10-29,16:00:00,Stage 2,Area 4,150
2023-10-29,16:00:00,Stage 2,Area 12,150
2023-10-29,18:00:00,Stage 2,Area 5,150
2023-10-29,18:00:00,Stage 2,Area 13,150
2023-10-29,20:00:00,Stage 2,Area 6,150
2023-10-29,20:00:00,Stage 2,Area 14,150
2023-10-29,22:00:00,Stage 2,Area 7,120
2023-10-29,22:00:00,Stage 2,Area 15,120
2023-10-30,00:00:00,Stage 2,Area 8,120
2023-10-30,00:00:00,Stage 2,Area 16,120
2023-10-30,02:00:00,Stage 2,Area 1,120
2023-10-30,02:00:00,Stage 2,Area 9,60
2023-10-30,04:00:00,Stage 1,Area 2,120
2023-10-30,06:00:00,Stage 1,Area 3,150
2023-10-30,08:00:00,Stage 1,Area 4,150
2023-10-30,10:00:00,Stage 1,Area 5,150
2023-10-30,12:00:00,Stage 1,Area 6,120
2023-10-30,14:00:00,Stage 1,Area 7,120
2023-10-30,16:00:00,Stage 1,Area 8,120
2023-10-30,18:00:00,Stage 1,Area 9,120
2023-10-30,20:00:00,Stage 1,Area 10,120
2023-10-30,22:00:00,Stage 3,Area 7,120
2023-10-30,22:00:00,Stage 3,Area 3,120
2023-10-30,22:00:00,Stage 3,Area 11,120
2023-10-31,00:00:00,Stage 3,Area 8,120
2023-10-31,00:00:00,Stage 3,Area 4,120
2023-10-31,00:00:00,Stage 3,Area 12,120
2023-10-31,02:00:00,Stage 3,Area 5,120
2023-10-31,02:00:00,Stage 3,Area 13,120
2023-10-31,02:00:00,Stage 3,Area 9,120
2023-10-31,04:00:00,Stage 3,Area 6,60
2023-10-31,04:00:00,Stage 3,Area 14,120
2023-10-31,04:00:00,Stage 3,Area 10,60
2023-10-31,06:00:00,Stage 1,Area 15,150
2023-10-31,08:00:00,Stage 1,Area 16,150
2023-10-31,10:00:00,Stage 1,Area 1,150
2023-10-31,12:00:00,Stage 1,Area 2,150
2023-10-31,14:00:00,Stage 1,Area 3,105
2023-10-31,16:00:00,Stage 1,Area 4,120
2023-10-31,18:00:00,Stage 1,Area 5,120
2023-10-31,20:00:00,Stage 1,Area 6,150
2023-10-31,22:00:00,Stage 3,Area 7,120
2023-10-31,22:00:00,Stage 3,Area 15,120
2023-10-31,22:00:00,Stage 3,Area 3,120
2023-11-01,00:00:00,Stage 3,Area 13,150
2023-11-01,00:00:00,Stage 3,Area 1,150
2023-11-01,00:00:00,Stage 3,Area 9,150
2023-11-01,02:00:00,Stage 1,Area 2,150
2023-11-01,04:00:00,Stage 1,Area 3,150
2023-11-01,06:00:00,Stage 1,Area 4,150
2023-11-01,08:00:00,Stage 1,Area 5,150
2023-11-01,10:00:00,Stage 1,Area 6,150
2023-11-01,12:00:00,Stage 1,Area 7,150
2023-11-01,14:00:00,Stage 1,Area 8,120
2023-11-01,16:00:00,Stage 1,Area 9,120
2023-11-01,18:00:00,Stage 1,Area 10,120
2023-11-01,20:00:00,Stage 1,Area 11,120
2023-11-01,22:00:00,Stage 3,Area 8,120
2023-11-01,22:00:00,Stage 3,Area 4,120
2023-11-01,22:00:00,Stage 3,Area 12,120
2023-11-02,00:00:00,Stage 3,Area 5,150
2023-11-02,00:00:00,Stage 3,Area 13,150
2023-11-02,00:00:00,Stage 3,Area 9,150
2023-11-02,02:00:00,Stage 3,Area 6,150
2023-11-02,02:00:00,Stage 3,Area 14,150
2023-11-02,02:00:00,Stage 3,Area 10,150
2023-11-02,04:00:00,Stage 3,Area 7,60
2023-11-02,04:00:00,Stage 3,Area 15,150
2023-11-02,04:00:00,Stage 3,Area 11,60
2023-11-02,06:00:00,Stage 1,Area 16,120
2023-11-02,08:00:00,Stage 1,Area 1,150
2023-11-02,10:00:00,Stage 1,Area 2,150
2023-11-02,12:00:00,Stage 1,Area 3,150
2023-11-02,14:00:00,Stage 1,Area 4,135
2023-11-02,16:00:00,Stage 1,Area 5,120
2023-11-02,18:00:00,Stage 1,Area 6,120
2023-11-02,20:00:00,Stage 1,Area 7,120
2023-11-02,22:00:00,Stage 3,Area 8,120
2023-11-02,22:00:00,Stage 3,Area 16,120
2023-11-02,22:00:00,Stage 3,Area 4,120
2023-11-03,00:00:00,Stage 3,Area 5,150
2023-11-03,00:00:00,Stage 3,Area 1,150
2023-11-03,00:00:00,Stage 3,Area 9,150
2023-11-03,02:00:00,Stage 3,Area 6,150
2023-11-03,02:00:00,Stage 3,Area 2,150
2023-11-03,02:00:00,Stage 3,Area 10,150
2023-11-03,04:00:00,Stage 3,Area 7,60
2023-11-03,04:00:00,Stage 3,Area 3,60
2023-11-03,04:00:00,Stage 3,Area 11,150
2023-11-03,06:00:00,Stage 1,Area 12,150
2023-11-03,08:00:00,Stage 1,Area 13,120
2023-11-03,10:00:00,Stage 1,Area 14,120
2023-11-03,12:00:00,Stage 1,Area 15,120
2023-11-03,14:00:00,Stage 1,Area 16,120
2023-11-03,16:00:00,Stage 1,Area 1,120
2023-11-03,18:00:00,Stage 1,Area 2,120
2023-11-03,20:00:00,Stage 3,Area 15,120
2023-11-03,20:00:00,Stage 3,Area 3,120
2023-11-03,20:00:00,Stage 3,Area 11,120
2023-11-03,22:00:00,Stage 3,Area 16,120
2023-11-03,22:00:00,Stage 3,Area 4,120
2023-11-03,22:00:00,Stage 3,Area 12,120
2023-11-04,00:00:00,Stage 3,Area 5,150
2023-11-04,00:00:00,Stage 3,Area 13,150
2023-11-04,00:00:00,Stage 3,Area 1,150
2023-11-04,02:00:00,Stage 3,Area 6,150
2023-11-04,02:00:00,Stage 3,Area 14,150
2023-11-04,02:00:00,Stage 3,Area 2,150
2023-11-04,04:00:00,Stage 3,Area 7,150
2023-11-04,04:00:00,Stage 3,Area 15,90
2023-11-04,04:00:00,Stage 3,Area 3,90
2023-11-04,06:00:00,Stage 1,Area 8,150
2023-11-04,08:00:00,Stage 1,Area 9,120
2023-11-04,10:00:00,Stage 1,Area 10,120
2023-11-04,12:00:00,Stage 1,Area 11,120
2023-11-04,14:00:00,Stage 1,Area 12,120
2023-11-04,16:00:00,Stage 2,Area 5,120
2023-11-04,16:00:00,Stage 2,Area 13,120
2023-11-04,18:00:00,Stage 2,Area 6,120
2023-11-04,18:00:00,Stage 2,Area 14,120
2023-11-04,20:00:00,Stage 2,Area 7,120
2023-11-04,20:00:00,Stage 2,Area 15,120
2023-11-04,22:00:00,Stage 2,Area 8,120
2023-11-04,22:00:00,Stage 2,Area 16,120
2023-11-05,00:00:00,Stage 2,Area 2,150
2023-11-05,00:00:00,Stage 2,Area 10,150
2023-11-05,02:00:00,Stage 2,Area 3,150
2023-11-05,02:00:00,Stage 2,Area 11,150
2023-11-05,04:00:00,Stage 2,Area 4,150
2023-11-05,04:00:00,Stage 2,Area 12,90
2023-11-05,06:00:00,Stage 1,Area 5,150
2023-11-05,08:00:00,Stage 1,Area 6,120
2023-11-05,10:00:00,Stage 1,Area 7,120
2023-11-05,12:00:00,Stage 1,Area 8,120
2023-11-05,14:00:00,Stage 1,Area 9,120
2023-11-05,16:00:00,Stage 1,Area 10,120
2023-11-05,18:00:00,Stage 2,Area 3,120
2023-11-05,18:00:00,Stage 2,Area 11,120
2023-11-05,20:00:00,Stage 2,Area 4,120
2023-11-05,20:00:00,Stage 2,Area 12,120
2023-11-05,22:00:00,Stage 2,Area 5,150
2023-11-05,22:00:00,Stage 2,Area 13,150
2023-11-06,00:00:00,Stage 2,Area 6,150
2023-11-06,00:00:00,Stage 2,Area 14,150
2023-11-06,02:00:00,Stage 2,Area 7,150
2023-11-06,02:00:00,Stage 2,Area 15,150
2023-11-06,04:00:00,Stage 2,Area 8,90
2023-11-06,04:00:00,Stage 2,Area 16,90
2023-11-06,22:00:00,Stage 2,Area 1,150
2023-11-06,22:00:00,Stage 2,Area 9,150
2023-11-07,00:00:00,Stage 2,Area 2,150
2023-11-07,00:00:00,Stage 2,Area 10,150
2023-11-07,02:00:00,Stage 2,Area 3,150
2023-11-07,02:00:00,Stage 2,Area 11,150
2023-11-07,04:00:00,Stage 2,Area 4,90
2023-11-07,04:00:00,Stage 2,Area 12,90
2023-11-07,22:00:00,Stage 2,Area 5,120
2023-11-07,22:00:00,Stage 2,Area 13,120
2023-11-08,00:00:00,Stage 2,Area 6,120
2023-11-08,00:00:00,Stage 2,Area 14,120
2023-11-08,02:00:00,Stage 2,Area 7,120
2023-11-08,02:00:00,Stage 2,Area 15,120
2023-11-08,04:00:00,Stage 2,Area 8,60
2023-11-08,04:00:00,Stage 2,Area 16,60
2023-11-08,22:00:00,Stage 2,Area 1,120
2023-11-08,22:00:00,Stage 2,Area 9,120
2023-11-09,00:00:00,Stage 2,Area 3,120
2023-11-09,00:00:00,Stage 2,Area 11,120
2023-11-09,02:00:00,Stage 2,Area 4,120
2023-11-09,02:00:00,Stage 2,Area 12,120
2023-11-09,04:00:00,Stage 2,Area 5,60
2023-11-09,04:00:00,Stage 2,Area 13,60
2023-11-09,22:00:00,Stage 2,Area 6,120
2023-11-09,22:00:00,Stage 2,Area 14,120
2023-11-10,00:00:00,Stage 2,Area 7,120
2023-11-10,00:00:00,Stage 2,Area 15,120
2023-11-10,02:00:00,Stage 2,Area 8,120
2023-11-10,02:00:00,Stage 2,Area 16,120
2023-11-10,04:00:00,Stage 2,Area 1,55
2023-11-10,04:00:00,Stage 2,Area 9,55
2023-11-10,22:00:00,Stage 2,Area 2,120
2023-11-10,22:00:00,Stage 2,Area 10,120
2023-11-11,00:00:00,Stage 2,Area 3,120
2023-11-11,00:00:00,Stage 2,Area 11,120
2023-11-11,02:00:00,Stage 2,Area 4,120
2023-11-11,02:00:00,Stage 2,Area 12,120
2023-11-12,16:00:00,Stage 1,Area 15,150
2023-11-12,18:00:00,Stage 1,Area 16,150
2023-11-12,20:00:00,Stage 1,Area 1,120
2023-11-12,22:00:00,Stage 1,Area 2,120
2023-11-13,00:00:00,Stage 1,Area 4,120
2023-11-13,02:00:00,Stage 1,Area 5,130
2023-11-13,04:00:00,Stage 1,Area 6,120
2023-11-13,06:00:00,Stage 1,Area 7,125
2023-11-13,08:00:00,Stage 1,Area 8,150
2023-11-13,10:00:00,Stage 1,Area 9,150
2023-11-13,12:00:00,Stage 1,Area 10,150
2023-11-13,14:00:00,Stage 1,Area 11,150
2023-11-13,16:00:00,Stage 1,Area 12,150
2023-11-13,18:00:00,Stage 1,Area 13,150
2023-11-13,20:00:00,Stage 1,Area 14,150
2023-11-13,22:00:00,Stage 3,Area 7,150
2023-11-13,22:00:00,Stage 3,Area 15,150
2023-11-13,22:00:00,Stage 3,Area 11,150
2023-11-14,00:00:00,Stage 3,Area 8,135
2023-11-14,00:00:00,Stage 3,Area 16,135
2023-11-14,00:00:00,Stage 3,Area 12,135
2023-11-14,02:00:00,Stage 2,Area 1,135
2023-11-14,02:00:00,Stage 2,Area 9,135
2023-11-14,04:00:00,Stage 2,Area 2,70
2023-11-14,04:00:00,Stage 2,Area 10,70
2023-11-14,16:00:00,Stage 1,Area 8,150
2023-11-14,18:00:00,Stage 1,Area 9,150
2023-11-14,20:00:00,Stage 1,Area 10,150
2023-11-14,22:00:00,Stage 3,Area 7,150
2023-11-14,22:00:00,Stage 3,Area 3,150
2023-11-14,22:00:00,Stage 3,Area 11,150
2023-11-15,00:00:00,Stage 3,Area 8,150
2023-11-15,00:00:00,Stage 3,Area 4,150
2023-11-15,00:00:00,Stage 3,Area 12,150
2023-11-15,02:00:00,Stage 2,Area 5,150
2023-11-15,02:00:00,Stage 2,Area 13,150
2023-11-15,04:00:00,Stage 2,Area 6,90
2023-11-15,04:00:00,Stage 2,Area 14,150
2023-11-15,06:00:00,Stage 1,Area 15,150
2023-11-15,08:00:00,Stage 1,Area 16,150
2023-11-15,10:00:00,Stage 1,Area 1,150
2023-11-15,12:00:00,Stage 1,Area 2,150
2023-11-15,14:00:00,Stage 1,Area 3,150
2023-11-15,16:00:00,Stage 1,Area 4,150
2023-11-15,18:00:00,Stage 1,Area 5,150
2023-11-15,20:00:00,Stage 1,Area 6,150
2023-11-15,22:00:00,Stage 3,Area 7,150
2023-11-15,22:00:00,Stage 3,Area 15,150
2023-11-15,22:00:00,Stage 3,Area 3,150
2023-11-16,00:00:00,Stage 3,Area 8,150
2023-11-16,00:00:00,Stage 3,Area 16,150
2023-11-16,00:00:00,Stage 3,Area 4,150
2023-11-16,02:00:00,Stage 3,Area 5,40
2023-11-16,02:00:00,Stage 3,Area 1,150
2023-11-16,02:00:00,Stage 3,Area 9,150
2023-11-16,04:00:00,Stage 2,Area 2,90
2023-11-16,04:00:00,Stage 2,Area 10,150
2023-11-16,06:00:00,Stage 1,Area 11,150
2023-11-16,08:00:00,Stage 1,Area 12,150
2023-11-16,10:00:00,Stage 1,Area 13,120
2023-11-16,12:00:00,Stage 1,Area 14,150
2023-11-16,14:00:00,Stage 1,Area 15,150
2023-11-16,16:00:00,Stage 1,Area 16,150
2023-11-16,18:00:00,Stage 1,Area 1,150
2023-11-16,20:00:00,Stage 1,Area 2,150
2023-11-16,22:00:00,Stage 3,Area 15,150
2023-11-16,22:00:00,Stage 3,Area 3,150
2023-11-16,22:00:00,Stage 3,Area 11,150
2023-11-17,00:00:00,Stage 3,Area 13,150
2023-11-17,00:00:00,Stage 3,Area 1,150
2023-11-17,00:00:00,Stage 3,Area 9,150
2023-11-17,02:00:00,Stage 3,Area 14,150
2023-11-17,02:00:00,Stage 3,Area 2,150
2023-11-17,02:00:00,Stage 3,Area 10,150
2023-11-17,04:00:00,Stage 3,Area 15,150
2023-11-17,04:00:00,Stage 3,Area 3,150
2023-11-17,04:00:00,Stage 3,Area 11,150
2023-11-17,06:00:00,Stage 2,Area 4,150
2023-11-17,06:00:00,Stage 2,Area 12,150
2023-11-17,08:00:00,Stage 2,Area 5,135
2023-11-17,08:00:00,Stage 2,Area 13,135
2023-11-17,10:00:00,Stage 2,Area 6,150
2023-11-17,10:00:00,Stage 2,Area 14,150
2023-11-17,12:00:00,Stage 2,Area 7,150
2023-11-17,12:00:00,Stage 2,Area 15,150
2023-11-17,14:00:00,Stage 2,Area 8,150
2023-11-17,14:00:00,Stage 2,Area 16,150
2023-11-17,16:00:00,Stage 1,Area 9,150
2023-11-17,18:00:00,Stage 1,Area 10,150
2023-11-17,20:00:00,Stage 3,Area 7,150
2023-11-17,20:00:00,Stage 3,Area 3,150
2023-11-17,20:00:00,Stage 3,Area 11,150
2023-11-17,22:00:00,Stage 3,Area 8,150
2023-11-17,22:00:00,Stage 3,Area 4,150
2023-11-17,22:00:00,Stage 3,Area 12,150
2023-11-18,00:00:00,Stage 3,Area 5,150
2023-11-18,00:00:00,Stage 3,Area 13,150
2023-11-18,00:00:00,Stage 3,Area 9,150
2023-11-18,02:00:00,Stage 3,Area 6,150
2023-11-18,02:00:00,Stage 3,Area 14,150
2023-11-18,02:00:00,Stage 3,Area 10,150
2023-11-18,04:00:00,Stage 3,Area 7,150
2023-11-18,04:00:00,Stage 3,Area 15,150
2023-11-18,04:00:00,Stage 3,Area 11,90
2023-11-18,06:00:00,Stage 2,Area 8,120
2023-11-18,06:00:00,Stage 2,Area 16,120
2023-11-18,08:00:00,Stage 2,Area 1,120
2023-11-18,08:00:00,Stage 2,Area 9,120
2023-11-18,10:00:00,Stage 2,Area 2,120
2023-11-18,10:00:00,Stage 2,Area 10,120
2023-11-18,12:00:00,Stage 2,Area 3,120
2023-11-18,12:00:00,Stage 2,Area 11,120
2023-11-18,14:00:00,Stage 2,Area 4,120
2023-11-18,14:00:00,Stage 2,Area 12,120
2023-11-18,20:00:00,Stage 2,Area 7,150
2023-11-18,20:00:00,Stage 2,Area 15,150
2023-11-18,22:00:00,Stage 2,Area 8,150
2023-11-18,22:00:00,Stage 2,Area 16,150
2023-11-19,00:00:00,Stage 2,Area 1,150
2023-11-19,00:00:00,Stage 2,Area 9,150
2023-11-19,02:00:00,Stage 2,Area 2,150
2023-11-19,02:00:00,Stage 2,Area 10,150
2023-11-19,04:00:00,Stage 2,Area 3,90
2023-11-19,04:00:00,Stage 2,Area 11,150
2023-11-19,06:00:00,Stage 1,Area 12,150
2023-11-19,08:00:00,Stage 1,Area 13,150
2023-11-19,09:00:00,Stage 2,Area 5,90
2023-11-19,09:00:00,Stage 2,Area 9,90
2023-11-19,10:00:00,Stage 3,Area 6,150
2023-11-19,10:00:00,Stage 3,Area 14,150
2023-11-19,10:00:00,Stage 3,Area 10,150
2023-11-19,12:00:00,Stage 3,Area 7,150
2023-11-19,12:00:00,Stage 3,Area 15,150
2023-11-19,12:00:00,Stage 3,Area 11,150
2023-11-19,14:00:00,Stage 3,Area 8,150
2023-11-19,14:00:00,Stage 3,Area 16,150
2023-11-19,14:00:00,Stage 3,Area 12,150
2023-11-19,16:00:00,Stage 3,Area 13,150
2023-11-19,16:00:00,Stage 3,Area 1,150
2023-11-19,16:00:00,Stage 3,Area 9,150
2023-11-19,18:00:00,Stage 3,Area 14,150
2023-11-19,18:00:00,Stage 3,Area 2,150
2023-11-19,18:00:00,Stage 3,Area 10,150
2023-11-19,20:00:00,Stage 3,Area 15,150
2023-11-19,20:00:00,Stage 3,Area 3,120
2023-11-19,20:00:00,Stage 3,Area 11,150
2023-11-19,22:00:00,Stage 3,Area 16,150
2023-11-19,22:00:00,Stage 3,Area 4,150
2023-11-19,22:00:00,Stage 3,Area 12,150
2023-11-20,00:00:00,Stage 3,Area 5,150
2023-11-20,00:00:00,Stage 3,Area 13,150
2023-11-20,00:00:00,Stage 3,Area 1,150
2023-11-20,02:00:00,Stage 3,Area 6,150
2023-11-20,02:00:00,Stage 3,Area 14,150
2023-11-20,02:00:00,Stage 3,Area 2,150
2023-11-20,04:00:00,Stage 3,Area 7,150
2023-11-20,04:00:00,Stage 3,Area 15,90
2023-11-20,04:00:00,Stage 3,Area 3,90
2023-11-20,06:00:00,Stage 1,Area 8,130
2023-11-20,08:00:00,Stage 1,Area 9,135
2023-11-20,10:00:00,Stage 1,Area 10,125
2023-11-20,12:00:00,Stage 1,Area 11,125
2023-11-20,14:00:00,Stage 1,Area 12,120
2023-11-20,16:00:00,Stage 1,Area 13,120
2023-11-20,18:00:00,Stage 1,Area 14,150
2023-11-20,20:00:00,Stage 1,Area 15,150
2023-11-20,22:00:00,Stage 3,Area 8,150
2023-11-20,22:00:00,Stage 3,Area 16,150
2023-11-20,22:00:00,Stage 3,Area 12,150
2023-11-21,00:00:00,Stage 3,Area 14,150
2023-11-21,00:00:00,Stage 3,Area 2,150
2023-11-21,00:00:00,Stage 3,Area 10,150
2023-11-21,02:00:00,Stage 3,Area 15,150
2023-11-21,02:00:00,Stage 3,Area 3,150
2023-11-21,02:00:00,Stage 3,Area 11,150
2023-11-21,04:00:00,Stage 3,Area 16,90
2023-11-21,04:00:00,Stage 3,Area 4,90
2023-11-21,04:00:00,Stage 3,Area 12,90
2023-11-21,10:00:00,Stage 1,Area 7,150
2023-11-21,12:00:00,Stage 1,Area 8,120
2023-11-21,14:00:00,Stage 1,Area 9,120
2023-11-21,16:00:00,Stage 1,Area 10,120
2023-11-21,18:00:00,Stage 1,Area 11,120
2023-11-21,20:00:00,Stage 1,Area 12,120
2023-11-21,22:00:00,Stage 3,Area 5,120
2023-11-21,22:00:00,Stage 3,Area 13,120
2023-11-21,22:00:00,Stage 3,Area 9,120
2023-11-22,00:00:00,Stage 3,Area 6,120
2023-11-22,00:00:00,Stage 3,Area 14,120
2023-11-22,00:00:00,Stage 3,Area 10,120
2023-11-22,02:00:00,Stage 4,Area 7,120
2023-11-22,02:00:00,Stage 4,Area 15,120
2023-11-22,02:00:00,Stage 4,Area 3,120
2023-11-22,02:00:00,Stage 4,Area 11,131
2023-11-22,04:00:00,Stage 4,Area 8,120
2023-11-22,04:00:00,Stage 4,Area 16,120
2023-11-22,04:00:00,Stage 4,Area 4,60
2023-11-22,04:00:00,Stage 4,Area 12,120
2023-11-22,06:00:00,Stage 3,Area 13,120
2023-11-22,06:00:00,Stage 3,Area 1,120
2023-11-22,06:00:00,Stage 3,Area 9,120
2023-11-22,08:00:00,Stage 3,Area 14,150
2023-11-22,08:00:00,Stage 3,Area 2,150
2023-11-22,08:00:00,Stage 3,Area 10,150
2023-11-22,10:00:00,Stage 3,Area 15,150
2023-11-22,10:00:00,Stage 3,Area 3,150
2023-11-22,10:00:00,Stage 3,Area 11,150
2023-11-22,12:00:00,Stage 3,Area 16,150
2023-11-22,12:00:00,Stage 3,Area 4,150
2023-11-22,12:00:00,Stage 3,Area 12,150
2023-11-22,14:00:00,Stage 3,Area 5,150
2023-11-22,14:00:00,Stage 3,Area 13,150
2023-11-22,14:00:00,Stage 3,Area 1,150
2023-11-22,16:00:00,Stage 2,Area 6,120
2023-11-22,16:00:00,Stage 2,Area 14,120
2023-11-22,18:00:00,Stage 2,Area 7,120
2023-11-22,18:00:00,Stage 2,Area 15,120
2023-11-22,22:00:00,Stage 4,Area 5,119
2023-11-22,22:00:00,Stage 4,Area 13,119
2023-11-22,22:00:00,Stage 4,Area 1,119
2023-11-22,22:00:00,Stage 4,Area 9,119
2023-11-23,00:00:00,Stage 4,Area 6,150
2023-11-23,00:00:00,Stage 4,Area 14,150
2023-11-23,00:00:00,Stage 4,Area 2,150
2023-11-23,00:00:00,Stage 4,Area 10,150
2023-11-23,02:00:00,Stage 4,Area 7,150
2023-11-23,02:00:00,Stage 4,Area 15,150
2023-11-23,02:00:00,Stage 4,Area 3,150
2023-11-23,02:00:00,Stage 4,Area 11,150
2023-11-23,04:00:00,Stage 4,Area 8,150
2023-11-23,04:00:00,Stage 4,Area 16,90
2023-11-23,04:00:00,Stage 4,Area 4,150
2023-11-23,04:00:00,Stage 4,Area 12,150
2023-11-23,06:00:00,Stage 3,Area 5,150
2023-11-23,06:00:00,Stage 3,Area 13,150
2023-11-23,06:00:00,Stage 3,Area 9,150
2023-11-23,08:00:00,Stage 3,Area 6,150
2023-11-23,08:00:00,Stage 3,Area 14,150
2023-11-23,08:00:00,Stage 3,Area 10,150
2023-11-23,10:00:00,Stage 3,Area 7,150
2023-11-23,10:00:00,Stage 3,Area 15,150
2023-11-23,10:00:00,Stage 3,Area 11,150
2023-11-23,12:00:00,Stage 3,Area 8,150
2023-11-23,12:00:00,Stage 3,Area 16,150
2023-11-23,12:00:00,Stage 3,Area 12,150
2023-11-23,14:00:00,Stage 3,Area 13,120
2023-11-23,14:00:00,Stage 3,Area 1,120
2023-11-23,14:00:00,Stage 3,Area 9,120
2023-11-23,16:00:00,Stage 2,Area 2,120
2023-11-23,16:00:00,Stage 2,Area 10,120
2023-11-23,18:00:00,Stage 2,Area 3,120
2023-11-23,18:00:00,Stage 2,Area 11,120
2023-11-23,20:00:00,Stage 2,Area 4,120
2023-11-23,20:00:00,Stage 2,Area 12,120
2023-11-23,22:00:00,Stage 4,Area 5,119
2023-11-23,22:00:00,Stage 4,Area 13,119
2023-11-23,22:00:00,Stage 4,Area 1,119
2023-11-23,22:00:00,Stage 4,Area 9,119
2023-11-24,00:00:00,Stage 4,Area 6,150
2023-11-24,00:00:00,Stage 4,Area 14,150
2023-11-24,00:00:00,Stage 4,Area 2,150
2023-11-24,00:00:00,Stage 4,Area 10,150
2023-11-24,02:00:00,Stage 4,Area 7,150
2023-11-24,02:00:00,Stage 4,Area 15,150
2023-11-24,02:00:00,Stage 4,Area 3,150
2023-11-24,02:00:00,Stage 4,Area 11,150
2023-11-24,04:00:00,Stage 4,Area 8,150
2023-11-24,04:00:00,Stage 4,Area 16,150
2023-11-24,04:00:00,Stage 4,Area 4,150
2023-11-24,04:00:00,Stage 4,Area 12,90
2023-11-24,06:00:00,Stage 3,Area 5,150
2023-11-24,06:00:00,Stage 3,Area 1,150
2023-11-24,06:00:00,Stage 3,Area 9,150
2023-11-24,08:00:00,Stage 3,Area 6,150
2023-11-24,08:00:00,Stage 3,Area 2,150
2023-11-24,08:00:00,Stage 3,Area 10,150
2023-11-24,10:00:00,Stage 3,Area 7,150
2023-11-24,10:00:00,Stage 3,Area 3,150
2023-11-24,10:00:00,Stage 3,Area 11,150
2023-11-24,12:00:00,Stage 5,Area 8,150
2023-11-24,12:00:00,Stage 5,Area 13,120
2023-11-24,12:00:00,Stage 5,Area 16,150
2023-11-24,12:00:00,Stage 5,Area 4,150
2023-11-24,12:00:00,Stage 5,Area 12,150
2023-11-24,14:00:00,Stage 5,Area 5,150
2023-11-24,14:00:00,Stage 5,Area 13,150
2023-11-24,14:00:00,Stage 5,Area 14,120
2023-11-24,14:00:00,Stage 5,Area 1,150
2023-11-24,14:00:00,Stage 5,Area 9,150
2023-11-24,16:00:00,Stage 4,Area 6,150
2023-11-24,16:00:00,Stage 4,Area 14,150
2023-11-24,16:00:00,Stage 4,Area 2,150
2023-11-24,16:00:00,Stage 4,Area 10,150
2023-11-24,18:00:00,Stage 4,Area 7,150
2023-11-24,18:00:00,Stage 4,Area 15,150
2023-11-24,18:00:00,Stage 4,Area 3,150
2023-11-24,18:00:00,Stage 4,Area 11,150
2023-11-24,20:00:00,Stage 4,Area 8,150
2023-11-24,20:00:00,Stage 4,Area 16,150
2023-11-24,20:00:00,Stage 4,Area 4,150
2023-11-24,20:00:00,Stage 4,Area 12,150
2023-11-24,22:00:00,Stage 6,Area 5,120
2023-11-24,22:00:00,Stage 6,Area 13,120
2023-11-24,22:00:00,Stage 6,Area 1,120
2023-11-24,22:00:00,Stage 6,Area 2,120
2023-11-24,22:00:00,Stage 6,Area 9,120
2023-11-24,22:00:00,Stage 6,Area 10,120
2023-11-25,00:00:00,Stage 6,Area 7,150
2023-11-25,00:00:00,Stage 6,Area 15,150
2023-11-25,00:00:00,Stage 6,Area 3,150
2023-11-25,00:00:00,Stage 6,Area 4,120
2023-11-25,00:00:00,Stage 6,Area 11,150
2023-11-25,00:00:00,Stage 6,Area 12,120
2023-11-25,02:00:00,Stage 6,Area 5,120
2023-11-25,02:00:00,Stage 6,Area 8,150
2023-11-25,02:00:00,Stage 6,Area 13,120
2023-11-25,02:00:00,Stage 6,Area 16,150
2023-11-25,02:00:00,Stage 6,Area 4,150
2023-11-25,02:00:00,Stage 6,Area 12,150
2023-11-25,04:00:00,Stage 6,Area 5,133
2023-11-25,04:00:00,Stage 6,Area 6,120
2023-11-25,04:00:00,Stage 6,Area 13,150
2023-11-25,04:00:00,Stage 6,Area 14,120
2023-11-25,04:00:00,Stage 6,Area 1,150
2023-11-25,04:00:00,Stage 6,Area 9,150
2023-11-25,06:00:00,Stage 6,Area 6,120
2023-11-25,06:00:00,Stage 6,Area 7,120
2023-11-25,06:00:00,Stage 6,Area 14,150
2023-11-25,06:00:00,Stage 6,Area 15,120
2023-11-25,06:00:00,Stage 6,Area 2,150
2023-11-25,06:00:00,Stage 6,Area 10,150
2023-11-25,08:00:00,Stage 6,Area 7,120
2023-11-25,08:00:00,Stage 6,Area 8,120
2023-11-25,08:00:00,Stage 6,Area 15,120
2023-11-25,08:00:00,Stage 6,Area 16,120
2023-11-25,08:00:00,Stage 6,Area 3,150
2023-11-25,08:00:00,Stage 6,Area 11,150
2023-11-25,10:00:00,Stage 6,Area 8,150
2023-11-25,10:00:00,Stage 6,Area 16,150
2023-11-25,10:00:00,Stage 6,Area 1,120
2023-11-25,10:00:00,Stage 6,Area 4,150
2023-11-25,10:00:00,Stage 6,Area 9,120
2023-11-25,10:00:00,Stage 6,Area 12,150
2023-11-25,12:00:00,Stage 6,Area 5,150
2023-11-25,12:00:00,Stage 6,Area 13,150
2023-11-25,12:00:00,Stage 6,Area 1,150
2023-11-25,12:00:00,Stage 6,Area 2,120
2023-11-25,12:00:00,Stage 6,Area 9,150
2023-11-25,12:00:00,Stage 6,Area 10,120
2023-11-25,14:00:00,Stage 6,Area 6,150
2023-11-25,14:00:00,Stage 6,Area 14,150
2023-11-25,14:00:00,Stage 6,Area 2,150
2023-11-25,14:00:00,Stage 6,Area 3,120
2023-11-25,14:00:00,Stage 6,Area 10,150
2023-11-25,14:00:00,Stage 6,Area 11,120
2023-11-25,16:00:00,Stage 6,Area 7,120
2023-11-25,16:00:00,Stage 6,Area 15,120
2023-11-25,16:00:00,Stage 6,Area 3,150
2023-11-25,16:00:00,Stage 6,Area 4,120
2023-11-25,16:00:00,Stage 6,Area 11,150
2023-11-25,16:00:00,Stage 6,Area 12,120
2023-11-25,18:00:00,Stage 6,Area 5,120
2023-11-25,18:00:00,Stage 6,Area 8,150
2023-11-25,18:00:00,Stage 6,Area 13,120
2023-11-25,18:00:00,Stage 6,Area 16,150
2023-11-25,18:00:00,Stage 6,Area 4,120
2023-11-25,18:00:00,Stage 6,Area 12,120
2023-11-25,20:00:00,Stage 6,Area 5,150
2023-11-25,20:00:00,Stage 6,Area 6,150
2023-11-25,20:00:00,Stage 6,Area 13,150
2023-11-25,20:00:00,Stage 6,Area 14,120
2023-11-25,20:00:00,Stage 6,Area 1,120
2023-11-25,20:00:00,Stage 6,Area 9,120
2023-11-25,22:00:00,Stage 6,Area 6,120
2023-11-25,22:00:00,Stage 6,Area 7,120
2023-11-25,22:00:00,Stage 6,Area 14,120
2023-11-25,22:00:00,Stage 6,Area 15,120
2023-11-25,22:00:00,Stage 6,Area 2,120
2023-11-25,22:00:00,Stage 6,Area 10,120
2023-11-26,00:00:00,Stage 4,Area 8,120
2023-11-26,00:00:00,Stage 4,Area 16,120
2023-11-26,00:00:00,Stage 4,Area 3,150
2023-11-26,00:00:00,Stage 4,Area 11,150
2023-11-26,02:00:00,Stage 6,Area 8,150
2023-11-26,02:00:00,Stage 6,Area 16,150
2023-11-26,02:00:00,Stage 6,Area 1,120
2023-11-26,02:00:00,Stage 6,Area 4,150
2023-11-26,02:00:00,Stage 6,Area 9,120
2023-11-26,02:00:00,Stage 6,Area 12,150
2023-11-26,04:00:00,Stage 6,Area 5,150
2023-11-26,04:00:00,Stage 6,Area 13,150
2023-11-26,04:00:00,Stage 6,Area 1,150
2023-11-26,04:00:00,Stage 6,Area 2,120
2023-11-26,04:00:00,Stage 6,Area 9,150
2023-11-26,04:00:00,Stage 6,Area 10,120
2023-11-26,06:00:00,Stage 6,Area 6,150
2023-11-26,06:00:00,Stage 6,Area 14,150
2023-11-26,06:00:00,Stage 6,Area 2,150
2023-11-26,06:00:00,Stage 6,Area 3,120
2023-11-26,06:00:00,Stage 6,Area 10,150
2023-11-26,06:00:00,Stage 6,Area 11,120
2023-11-26,08:00:00,Stage 6,Area 7,150
2023-11-26,08:00:00,Stage 6,Area 15,150
2023-11-26,08:00:00,Stage 6,Area 3,150
2023-11-26,08:00:00,Stage 6,Area 4,120
2023-11-26,08:00:00,Stage 6,Area 11,150
2023-11-26,08:00:00,Stage 6,Area 12,120
2023-11-26,10:00:00,Stage 4,Area 8,150
2023-11-26,10:00:00,Stage 4,Area 16,150
2023-11-26,10:00:00,Stage 4,Area 4,150
2023-11-26,10:00:00,Stage 4,Area 12,150
2023-11-26,12:00:00,Stage 4,Area 5,150
2023-11-26,12:00:00,Stage 4,Area 13,150
2023-11-26,12:00:00,Stage 4,Area 1,150
2023-11-26,12:00:00,Stage 4,Area 9,150
2023-11-26,14:00:00,Stage 4,Area 6,150
2023-11-26,14:00:00,Stage 4,Area 14,150
2023-11-26,14:00:00,Stage 4,Area 2,150
2023-11-26,14:00:00,Stage 4,Area 10,150
2023-11-26,16:00:00,Stage 4,Area 7,150
2023-11-26,16:00:00,Stage 4,Area 15,150
2023-11-26,16:00:00,Stage 4,Area 3,150
2023-11-26,16:00:00,Stage 4,Area 11,150
2023-11-26,18:00:00,Stage 4,Area 8,150
2023-11-26,18:00:00,Stage 4,Area 16,150
2023-11-26,18:00:00,Stage 4,Area 4,150
2023-11-26,18:00:00,Stage 4,Area 12,150
2023-11-26,20:00:00,Stage 4,Area 5,120
2023-11-26,20:00:00,Stage 4,Area 13,150
2023-11-26,20:00:00,Stage 4,Area 1,120
2023-11-26,20:00:00,Stage 4,Area 9,120
2023-11-26,22:00:00,Stage 4,Area 6,120
2023-11-26,22:00:00,Stage 4,Area 14,120
2023-11-26,22:00:00,Stage 4,Area 2,120
2023-11-26,22:00:00,Stage 4,Area 10,120
2023-11-27,00:00:00,Stage 4,Area 7,150
2023-11-27,00:00:00,Stage 4,Area 15,150
2023-11-27,00:00:00,Stage 4,Area 3,150
2023-11-27,00:00:00,Stage 4,Area 11,150
2023-11-27,02:00:00,Stage 4,Area 8,150
2023-11-27,02:00:00,Stage 4,Area 16,150
2023-11-27,02:00:00,Stage 4,Area 4,150
2023-11-27,02:00:00,Stage 4,Area 12,150
2023-11-27,04:00:00,Stage 4,Area 5,60
2023-11-27,04:00:00,Stage 4,Area 13,60
2023-11-27,04:00:00,Stage 4,Area 1,150
2023-11-27,04:00:00,Stage 4,Area 9,150
2023-11-27,06:00:00,Stage 2,Area 6,150
2023-11-27,06:00:00,Stage 2,Area 14,150
2023-11-27,08:00:00,Stage 2,Area 7,150
2023-11-27,08:00:00,Stage 2,Area 15,150
2023-11-27,10:00:00,Stage 2,Area 8,150
2023-11-27,10:00:00,Stage 2,Area 16,150
2023-11-27,12:00:00,Stage 2,Area 1,150
2023-11-27,12:00:00,Stage 2,Area 9,150
2023-11-27,14:00:00,Stage 2,Area 2,150
2023-11-27,14:00:00,Stage 2,Area 10,150
2023-11-27,16:00:00,Stage 2,Area 3,150
2023-11-27,16:00:00,Stage 2,Area 11,150
2023-11-27,18:00:00,Stage 2,Area 4,150
2023-11-27,18:00:00,Stage 2,Area 12,150
2023-11-27,20:00:00,Stage 2,Area 5,150
2023-11-27,20:00:00,Stage 2,Area 13,150
2023-11-27,22:00:00,Stage 4,Area 6,120
2023-11-27,22:00:00,Stage 4,Area 14,120
2023-11-27,22:00:00,Stage 4,Area 2,120
2023-11-27,22:00:00,Stage 4,Area 10,120
2023-11-28,00:00:00,Stage 4,Area 7,150
2023-11-28,00:00:00,Stage 4,Area 15,150
2023-11-28,00:00:00,Stage 4,Area 3,150
2023-11-28,00:00:00,Stage 4,Area 11,150
2023-11-28,02:00:00,Stage 4,Area 8,150
2023-11-28,02:00:00,Stage 4,Area 16,150
2023-11-28,02:00:00,Stage 4,Area 4,150
2023-11-28,02:00:00,Stage 4,Area 12,150
2023-11-28,04:00:00,Stage 4,Area 5,150
2023-11-28,04:00:00,Stage 4,Area 13,150
2023-11-28,04:00:00,Stage 4,Area 1,150
2023-11-28,04:00:00,Stage 4,Area 9,150
2023-11-28,06:00:00,Stage 3,Area 6,150
2023-11-28,06:00:00,Stage 3,Area 2,150
2023-11-28,06:00:00,Stage 3,Area 10,150
2023-11-28,08:00:00,Stage 3,Area 7,120
2023-11-28,08:00:00,Stage 3,Area 3,120
2023-11-28,08:00:00,Stage 3,Area 11,120
2023-11-28,10:00:00,Stage 3,Area 8,120
2023-11-28,10:00:00,Stage 3,Area 4,120
2023-11-28,10:00:00,Stage 3,Area 12,120
2023-11-28,12:00:00,Stage 3,Area 5,150
2023-11-28,12:00:00,Stage 3,Area 13,150
2023-11-28,12:00:00,Stage 3,Area 9,150
2023-11-28,14:00:00,Stage 3,Area 6,150
2023-11-28,14:00:00,Stage 3,Area 14,150
2023-11-28,14:00:00,Stage 3,Area 10,150
2023-11-28,16:00:00,Stage 2,Area 7,150
2023-11-28,16:00:00,Stage 2,Area 15,150
2023-11-28,18:00:00,Stage 2,Area 8,150
2023-11-28,18:00:00,Stage 2,Area 16,150
2023-11-28,20:00:00,Stage 4,Area 5,150
2023-11-28,20:00:00,Stage 4,Area 13,150
2023-11-28,20:00:00,Stage 4,Area 1,150
2023-11-28,20:00:00,Stage 4,Area 9,150
2023-11-28,22:00:00,Stage 6,Area 6,150
2023-11-28,22:00:00,Stage 6,Area 14,150
2023-11-28,22:00:00,Stage 6,Area 2,150
2023-11-28,22:00:00,Stage 6,Area 3,150
2023-11-28,22:00:00,Stage 6,Area 10,150
2023-11-28,22:00:00,Stage 6,Area 11,150
2023-11-29,00:00:00,Stage 6,Area 8,150
2023-11-29,00:00:00,Stage 6,Area 16,150
2023-11-29,00:00:00,Stage 6,Area 1,120
2023-11-29,00:00:00,Stage 6,Area 4,150
2023-11-29,00:00:00,Stage 6,Area 9,120
2023-11-29,00:00:00,Stage 6,Area 12,150
2023-11-29,02:00:00,Stage 6,Area 5,150
2023-11-29,02:00:00,Stage 6,Area 13,150
2023-11-29,02:00:00,Stage 6,Area 1,150
2023-11-29,02:00:00,Stage 6,Area 2,120
2023-11-29,02:00:00,Stage 6,Area 9,150
2023-11-29,02:00:00,Stage 6,Area 10,120
2023-11-29,04:00:00,Stage 6,Area 6,150
2023-11-29,04:00:00,Stage 6,Area 14,150
2023-11-29,04:00:00,Stage 6,Area 2,150
2023-11-29,04:00:00,Stage 6,Area 3,90
2023-11-29,04:00:00,Stage 6,Area 10,150
2023-11-29,04:00:00,Stage 6,Area 11,90
2023-11-29,06:00:00,Stage 4,Area 7,120
2023-11-29,06:00:00,Stage 4,Area 15,120
2023-11-29,06:00:00,Stage 4,Area 3,120
2023-11-29,06:00:00,Stage 4,Area 11,120
2023-11-29,08:00:00,Stage 4,Area 8,120
2023-11-29,08:00:00,Stage 4,Area 16,120
2023-11-29,08:00:00,Stage 4,Area 4,120
2023-11-29,08:00:00,Stage 4,Area 12,120
2023-11-29,10:00:00,Stage 4,Area 5,120
2023-11-29,10:00:00,Stage 4,Area 13,120
2023-11-29,10:00:00,Stage 4,Area 1,120
2023-11-29,10:00:00,Stage 4,Area 9,120
2023-11-29,12:00:00,Stage 4,Area 6,150
2023-11-29,12:00:00,Stage 4,Area 14,150
2023-11-29,12:00:00,Stage 4,Area 2,150
2023-11-29,12:00:00,Stage 4,Area 10,150
2023-11-29,14:00:00,Stage 4,Area 7,150
2023-11-29,14:00:00,Stage 4,Area 15,150
2023-11-29,14:00:00,Stage 4,Area 3,150
2023-11-29,14:00:00,Stage 4,Area 11,150
2023-11-29,16:00:00,Stage 3,Area 8,150
2023-11-29,16:00:00,Stage 3,Area 4,150
2023-11-29,16:00:00,Stage 3,Area 12,150
2023-11-29,18:00:00,Stage 3,Area 5,150
2023-11-29,18:00:00,Stage 3,Area 13,150
2023-11-29,18:00:00,Stage 3,Area 9,150
2023-11-29,20:00:00,Stage 4,Area 6,150
2023-11-29,20:00:00,Stage 4,Area 14,150
2023-11-29,20:00:00,Stage 4,Area 2,150
2023-11-29,20:00:00,Stage 4,Area 10,150
2023-11-29,22:00:00,Stage 6,Area 7,150
2023-11-29,22:00:00,Stage 6,Area 15,150
2023-11-29,22:00:00,Stage 6,Area 3,150
2023-11-29,22:00:00,Stage 6,Area 4,120
2023-11-29,22:00:00,Stage 6,Area 11,150
2023-11-29,22:00:00,Stage 6,Area 12,120
2023-11-30,00:00:00,Stage 6,Area 5,120
2023-11-30,00:00:00,Stage 6,Area 8,150
2023-11-30,00:00:00,Stage 6,Area 13,120
2023-11-30,00:00:00,Stage 6,Area 16,150
2023-11-30,00:00:00,Stage 6,Area 4,120
2023-11-30,00:00:00,Stage 6,Area 12,120
2023-11-30,02:00:00,Stage 6,Area 5,150
2023-11-30,02:00:00,Stage 6,Area 6,120
2023-11-30,02:00:00,Stage 6,Area 13,150
2023-11-30,02:00:00,Stage 6,Area 14,120
2023-11-30,02:00:00,Stage 6,Area 1,150
2023-11-30,02:00:00,Stage 6,Area 9,150
2023-11-30,04:00:00,Stage 6,Area 6,150
2023-11-30,04:00:00,Stage 6,Area 7,90
2023-11-30,04:00:00,Stage 6,Area 14,150
2023-11-30,04:00:00,Stage 6,Area 15,90
2023-11-30,04:00:00,Stage 6,Area 2,150
2023-11-30,04:00:00,Stage 6,Area 10,150
2023-11-30,06:00:00,Stage 4,Area 7,120
2023-11-30,06:00:00,Stage 4,Area 15,120
2023-11-30,06:00:00,Stage 4,Area 3,120
2023-11-30,06:00:00,Stage 4,Area 11,120
2023-11-30,08:00:00,Stage 4,Area 8,120
2023-11-30,08:00:00,Stage 4,Area 16,120
2023-11-30,08:00:00,Stage 4,Area 4,120
2023-11-30,08:00:00,Stage 4,Area 12,120
2023-11-30,10:00:00,Stage 4,Area 5,120
2023-11-30,10:00:00,Stage 4,Area 13,120
2023-11-30,10:00:00,Stage 4,Area 1,10
2023-11-30,10:00:00,Stage 4,Area 9,7
2023-11-30,12:00:00,Stage 2,Area 6,150
2023-11-30,12:00:00,Stage 2,Area 14,150
2023-11-30,14:00:00,Stage 2,Area 7,150
2023-11-30,14:00:00,Stage 2,Area 15,150
2023-11-30,16:00:00,Stage 2,Area 8,150
2023-11-30,16:00:00,Stage 2,Area 16,150
2023-11-30,18:00:00,Stage 2,Area 1,150
2023-11-30,18:00:00,Stage 2,Area 9,150
2023-11-30,20:00:00,Stage 2,Area 2,150
2023-11-30,20:00:00,Stage 2,Area 10,150
2023-11-30,22:00:00,Stage 4,Area 7,150
2023-11-30,22:00:00,Stage 4,Area 15,150
2023-11-30,22:00:00,Stage 4,Area 3,150
2023-11-30,22:00:00,Stage 4,Area 11,150
2023-12-01,00:00:00,Stage 4,Area 5,150
2023-12-01,00:00:00,Stage 4,Area 13,150
2023-12-01,00:00:00,Stage 4,Area 1,150
2023-12-01,00:00:00,Stage 4,Area 9,150
2023-12-01,02:00:00,Stage 4,Area 6,150
2023-12-01,02:00:00,Stage 4,Area 14,150
2023-12-01,02:00:00,Stage 4,Area 2,150
2023-12-01,02:00:00,Stage 4,Area 10,150
2023-12-01,04:00:00,Stage 4,Area 7,90
2023-12-01,04:00:00,Stage 4,Area 15,90
2023-12-01,04:00:00,Stage 4,Area 3,150
2023-12-01,04:00:00,Stage 4,Area 11,150
2023-12-01,06:00:00,Stage 2,Area 4,120
2023-12-01,06:00:00,Stage 2,Area 12,120
2023-12-01,08:00:00,Stage 2,Area 5,150
2023-12-01,08:00:00,Stage 2,Area 13,150
2023-12-01,10:00:00,Stage 1,Area 6,150
2023-12-01,12:00:00,Stage 1,Area 7,150
2023-12-01,14:00:00,Stage 1,Area 8,150
2023-12-01,16:00:00,Stage 1,Area 9,150
2023-12-01,18:00:00,Stage 1,Area 10,150
2023-12-01,20:00:00,Stage 1,Area 11,120
2023-12-01,22:00:00,Stage 3,Area 8,120
2023-12-01,22:00:00,Stage 3,Area 4,120
2023-12-01,22:00:00,Stage 3,Area 12,120
2023-12-02,00:00:00,Stage 3,Area 5,120
2023-12-02,00:00:00,Stage 3,Area 13,120
2023-12-02,00:00:00,Stage 3,Area 9,120
2023-12-02,02:00:00,Stage 3,Area 6,120
2023-12-02,02:00:00,Stage 3,Area 14,120
2023-12-02,02:00:00,Stage 3,Area 10,120
2023-12-02,04:00:00,Stage 3,Area 7,120
2023-12-02,04:00:00,Stage 3,Area 15,120
2023-12-02,04:00:00,Stage 3,Area 11,120
2023-12-02,06:00:00,Stage 3,Area 8,150
2023-12-02,06:00:00,Stage 3,Area 16,150
2023-12-02,06:00:00,Stage 3,Area 12,150
2023-12-02,08:00:00,Stage 3,Area 13,150
2023-12-02,08:00:00,Stage 3,Area 1,150
2023-12-02,08:00:00,Stage 3,Area 9,150
2023-12-02,10:00:00,Stage 3,Area 14,150
2023-12-02,10:00:00,Stage 3,Area 2,150
2023-12-02,10:00:00,Stage 3,Area 10,150
2023-12-02,12:00:00,Stage 3,Area 15,150
2023-12-02,12:00:00,Stage 3,Area 3,150
2023-12-02,12:00:00,Stage 3,Area 11,150
2023-12-02,14:00:00,Stage 3,Area 16,150
2023-12-02,14:00:00,Stage 3,Area 4,150
2023-12-02,14:00:00,Stage 3,Area 12,150
2023-12-02,16:00:00,Stage 3,Area 5,150
2023-12-02,16:00:00,Stage 3,Area 13,150
2023-12-02,16:00:00,Stage 3,Area 1,150
2023-12-02,18:00:00,Stage 3,Area 6,150
2023-12-02,18:00:00,Stage 3,Area 14,150
2023-12-02,18:00:00,Stage 3,Area 2,150
2023-12-02,20:00:00,Stage 4,Area 7,120
2023-12-02,20:00:00,Stage 4,Area 15,120
2023-12-02,20:00:00,Stage 4,Area 3,120
2023-12-02,20:00:00,Stage 4,Area 11,120
2023-12-02,22:00:00,Stage 4,Area 8,120
2023-12-02,22:00:00,Stage 4,Area 16,120
2023-12-02,22:00:00,Stage 4,Area 4,120
2023-12-02,22:00:00,Stage 4,Area 12,120
2023-12-03,00:00:00,Stage 4,Area 5,120
2023-12-03,00:00:00,Stage 4,Area 13,120
2023-12-03,00:00:00,Stage 4,Area 1,120
2023-12-03,00:00:00,Stage 4,Area 9,120
2023-12-03,02:00:00,Stage 4,Area 6,120
2023-12-03,02:00:00,Stage 4,Area 14,120
2023-12-03,02:00:00,Stage 4,Area 2,120
2023-12-03,02:00:00,Stage 4,Area 10,120
2023-12-03,04:00:00,Stage 4,Area 7,120
2023-12-03,04:00:00,Stage 4,Area 15,120
2023-12-03,04:00:00,Stage 4,Area 3,120
2023-12-03,04:00:00,Stage 4,Area 11,120
2023-12-03,06:00:00,Stage 4,Area 8,150
2023-12-03,06:00:00,Stage 4,Area 16,150
2023-12-03,06:00:00,Stage 4,Area 4,150
2023-12-03,06:00:00,Stage 4,Area 12,150
2023-12-03,08:00:00,Stage 4,Area 5,150
2023-12-03,08:00:00,Stage 4,Area 13,150
2023-12-03,08:00:00,Stage 4,Area 1,150
2023-12-03,08:00:00,Stage 4,Area 9,150
2023-12-03,10:00:00,Stage 4,Area 6,150
2023-12-03,10:00:00,Stage 4,Area 14,150
2023-12-03,10:00:00,Stage 4,Area 2,150
2023-12-03,10:00:00,Stage 4,Area 10,150
2023-12-03,12:00:00,Stage 4,Area 7,150
2023-12-03,12:00:00,Stage 4,Area 15,150
2023-12-03,12:00:00,Stage 4,Area 3,150
2023-12-03,12:00:00,Stage 4,Area 11,150
2023-12-03,14:00:00,Stage 4,Area 8,150
2023-12-03,14:00:00,Stage 4,Area 16,150
2023-12-03,14:00:00,Stage 4,Area 4,150
2023-12-03,14:00:00,Stage 4,Area 12,150
2023-12-03,16:00:00,Stage 4,Area 5,150
2023-12-03,16:00:00,Stage 4,Area 13,150
2023-12-03,16:00:00,Stage 4,Area 1,150
2023-12-03,16:00:00,Stage 4,Area 9,150
2023-12-03,18:00:00,Stage 4,Area 6,150
2023-12-03,18:00:00,Stage 4,Area 14,150
2023-12-03,18:00:00,Stage 4,Area 2,150
2023-12-03,18:00:00,Stage 4,Area 10,150
2023-12-03,20:00:00,Stage 4,Area 7,120
2023-12-03,20:00:00,Stage 4,Area 15,120
2023-12-03,20:00:00,Stage 4,Area 3,120
2023-12-03,20:00:00,Stage 4,Area 11,120
2023-12-03,22:00:00,Stage 4,Area 8,120
2023-12-03,22:00:00,Stage 4,Area 16,120
2023-12-03,22:00:00,Stage 4,Area 4,120
2023-12-03,22:00:00,Stage 4,Area 12,120
2023-12-04,00:00:00,Stage 4,Area 5,120
2023-12-04,00:00:00,Stage 4,Area 13,120
2023-12-04,00:00:00,Stage 4,Area 1,120
2023-12-04,00:00:00,Stage 4,Area 9,120
2023-12-04,02:00:00,Stage 4,Area 6,150
2023-12-04,02:00:00,Stage 4,Area 14,150
2023-12-04,02:00:00,Stage 4,Area 2,150
2023-12-04,02:00:00,Stage 4,Area 10,150
2023-12-04,06:00:00,Stage 2,Area 8,150
2023-12-04,06:00:00,Stage 2,Area 16,150
2023-12-04,08:00:00,Stage 2,Area 1,150
2023-12-04,08:00:00,Stage 2,Area 9,150
2023-12-04,10:00:00,Stage 2,Area 2,30
2023-12-04,10:00:00,Stage 2,Area 10,150
2023-12-04,12:00:00,Stage 2,Area 3,150
2023-12-04,12:00:00,Stage 2,Area 11,150
2023-12-04,14:00:00,Stage 2,Area 4,150
2023-12-04,14:00:00,Stage 2,Area 12,150
2023-12-04,16:00:00,Stage 2,Area 5,120
2023-12-04,16:00:00,Stage 2,Area 13,120
2023-12-04,18:00:00,Stage 2,Area 6,120
2023-12-04,18:00:00,Stage 2,Area 14,120
2023-12-04,20:00:00,Stage 2,Area 7,120
2023-12-04,20:00:00,Stage 2,Area 15,120
2023-12-04,22:00:00,Stage 4,Area 8,120
2023-12-04,22:00:00,Stage 4,Area 16,120
2023-12-04,22:00:00,Stage 4,Area 4,120
2023-12-04,22:00:00,Stage 4,Area 12,120
2023-12-05,00:00:00,Stage 4,Area 6,120
2023-12-05,00:00:00,Stage 4,Area 14,120
2023-12-05,00:00:00,Stage 4,Area 2,120
2023-12-05,00:00:00,Stage 4,Area 10,120
2023-12-05,02:00:00,Stage 4,Area 7,100
2023-12-05,02:00:00,Stage 4,Area 15,120
2023-12-05,02:00:00,Stage 4,Area 3,120
2023-12-05,02:00:00,Stage 4,Area 11,120
2023-12-05,04:00:00,Stage 3,Area 16,60
2023-12-05,04:00:00,Stage 3,Area 4,120
2023-12-05,04:00:00,Stage 3,Area 12,120
2023-12-05,06:00:00,Stage 2,Area 5,150
2023-12-05,06:00:00,Stage 2,Area 13,150
2023-12-05,08:00:00,Stage 2,Area 6,150
2023-12-05,08:00:00,Stage 2,Area 14,90
2023-12-05,10:00:00,Stage 1,Area 7,150
2023-12-05,12:00:00,Stage 1,Area 8,150
2023-12-05,14:00:00,Stage 1,Area 9,120
2023-12-05,16:00:00,Stage 1,Area 10,120
2023-12-05,18:00:00,Stage 1,Area 11,120
2023-12-05,20:00:00,Stage 1,Area 12,150
2023-12-05,22:00:00,Stage 3,Area 5,120
2023-12-05,22:00:00,Stage 3,Area 13,120
2023-12-05,22:00:00,Stage 3,Area 9,120
2023-12-06,00:00:00,Stage 3,Area 6,150
2023-12-06,00:00:00,Stage 3,Area 14,150
2023-12-06,00:00:00,Stage 3,Area 10,150
2023-12-06,02:00:00,Stage 3,Area 7,150
2023-12-06,02:00:00,Stage 3,Area 15,150
2023-12-06,02:00:00,Stage 3,Area 11,150
2023-12-06,04:00:00,Stage 3,Area 8,150
2023-12-06,04:00:00,Stage 3,Area 16,150
2023-12-06,04:00:00,Stage 3,Area 12,60
2023-12-06,06:00:00,Stage 2,Area 1,150
2023-12-06,06:00:00,Stage 2,Area 9,120
2023-12-06,08:00:00,Stage 2,Area 2,150
2023-12-06,08:00:00,Stage 2,Area 10,150
2023-12-06,10:00:00,Stage 2,Area 3,150
2023-12-06,10:00:00,Stage 2,Area 11,150
2023-12-06,12:00:00,Stage 2,Area 4,150
2023-12-06,12:00:00,Stage 2,Area 12,150
2023-12-06,14:00:00,Stage 2,Area 5,150
2023-12-06,14:00:00,Stage 2,Area 13,150
2023-12-06,16:00:00,Stage 2,Area 6,130
2023-12-06,16:00:00,Stage 2,Area 14,130
2023-12-06,18:00:00,Stage 2,Area 7,135
2023-12-06,18:00:00,Stage 2,Area 15,135
2023-12-06,20:00:00,Stage 2,Area 8,135
2023-12-06,20:00:00,Stage 2,Area 16,135
2023-12-06,22:00:00,Stage 4,Area 5,138
2023-12-06,22:00:00,Stage 4,Area 13,138
2023-12-06,22:00:00,Stage 4,Area 1,138
2023-12-06,22:00:00,Stage 4,Area 9,138
2023-12-07,00:00:00,Stage 4,Area 6,135
2023-12-07,00:00:00,Stage 4,Area 14,135
2023-12-07,00:00:00,Stage 4,Area 2,135
2023-12-07,00:00:00,Stage 4,Area 10,135
2023-12-07,02:00:00,Stage 4,Area 7,135
2023-12-07,02:00:00,Stage 4,Area 15,135
2023-12-07,02:00:00,Stage 4,Area 3,135
2023-12-07,02:00:00,Stage 4,Area 11,135
2023-12-07,04:00:00,Stage 4,Area 8,60
2023-12-07,04:00:00,Stage 4,Area 16,60
2023-12-07,04:00:00,Stage 4,Area 4,135
2023-12-07,04:00:00,Stage 4,Area 12,135
2023-12-07,06:00:00,Stage 2,Area 5,135
2023-12-07,06:00:00,Stage 2,Area 13,135
2023-12-07,08:00:00,Stage 2,Area 6,150
2023-12-07,08:00:00,Stage 2,Area 14,150
2023-12-07,10:00:00,Stage 2,Area 7,150
2023-12-07,10:00:00,Stage 2,Area 15,150
2023-12-07,12:00:00,Stage 2,Area 8,150
2023-12-07,12:00:00,Stage 2,Area 16,150
2023-12-07,14:00:00,Stage 2,Area 1,120
2023-12-07,14:00:00,Stage 2,Area 9,120
2023-12-07,16:00:00,Stage 2,Area 2,120
2023-12-07,16:00:00,Stage 2,Area 10,120
2023-12-07,18:00:00,Stage 2,Area 3,120
2023-12-07,18:00:00,Stage 2,Area 11,120
2023-12-07,20:00:00,Stage 2,Area 4,120
2023-12-07,20:00:00,Stage 2,Area 12,120
2023-12-07,22:00:00,Stage 4,Area 5,138
2023-12-07,22:00:00,Stage 4,Area 13,138
2023-12-07,22:00:00,Stage 4,Area 1,138
2023-12-07,22:00:00,Stage 4,Area 9,138
2023-12-08,00:00:00,Stage 4,Area 6,135
2023-12-08,00:00:00,Stage 4,Area 14,135
2023-12-08,00:00:00,Stage 4,Area 2,135
2023-12-08,00:00:00,Stage 4,Area 10,135
2023-12-08,02:00:00,Stage 4,Area 7,135
2023-12-08,02:00:00,Stage 4,Area 15,135
2023-12-08,02:00:00,Stage 4,Area 3,135
2023-12-08,02:00:00,Stage 4,Area 11,150
2023-12-08,04:00:00,Stage 3,Area 8,135
2023-12-08,04:00:00,Stage 3,Area 16,135
2023-12-08,04:00:00,Stage 3,Area 4,60
2023-12-08,06:00:00,Stage 2,Area 1,135
2023-12-08,06:00:00,Stage 2,Area 9,135
2023-12-08,08:00:00,Stage 2,Area 2,120
2023-12-08,08:00:00,Stage 2,Area 10,120
2023-12-08,10:00:00,Stage 2,Area 3,120
2023-12-08,10:00:00,Stage 2,Area 11,120
2023-12-08,12:00:00,Stage 2,Area 4,150
2023-12-08,12:00:00,Stage 2,Area 12,150
2023-12-08,14:00:00,Stage 2,Area 5,120
2023-12-08,14:00:00,Stage 2,Area 13,120
2023-12-08,16:00:00,Stage 1,Area 14,120
2023-12-08,18:00:00,Stage 1,Area 15,120
2023-12-08,20:00:00,Stage 1,Area 16,150
2023-12-08,22:00:00,Stage 3,Area 13,150
2023-12-08,22:00:00,Stage 3,Area 1,150
2023-12-08,22:00:00,Stage 3,Area 9,150
2023-12-09,00:00:00,Stage 3,Area 15,150
2023-12-09,00:00:00,Stage 3,Area 3,150
2023-12-09,00:00:00,Stage 3,Area 11,150
2023-12-09,02:00:00,Stage 3,Area 16,150
2023-12-09,02:00:00,Stage 3,Area 4,150
2023-12-09,02:00:00,Stage 3,Area 12,150
2023-12-09,04:00:00,Stage 3,Area 5,150
2023-12-09,04:00:00,Stage 3,Area 13,150
2023-12-09,04:00:00,Stage 3,Area 1,90
2023-12-09,06:00:00,Stage 2,Area 6,120
2023-12-09,06:00:00,Stage 2,Area 14,120
2023-12-09,08:00:00,Stage 2,Area 7,120
2023-12-09,08:00:00,Stage 2,Area 15,120
2023-12-09,10:00:00,Stage 2,Area 8,120
2023-12-09,10:00:00,Stage 2,Area 16,120
2023-12-09,17:00:00,Stage 2,Area 3,60
2023-12-09,17:00:00,Stage 2,Area 11,60
2023-12-09,18:00:00,Stage 2,Area 4,120
2023-12-09,18:00:00,Stage 2,Area 12,120
2023-12-09,20:00:00,Stage 2,Area 5,60
2023-12-09,20:00:00,Stage 2,Area 13,60
2023-12-11,05:00:00,Stage 2,Area 5,90
2023-12-11,05:00:00,Stage 2,Area 13,90
2023-12-11,06:00:00,Stage 2,Area 6,120
2023-12-11,06:00:00,Stage 2,Area 14,120
2023-12-11,08:00:00,Stage 2,Area 7,120
2023-12-11,08:00:00,Stage 2,Area 15,120
2023-12-11,10:00:00,Stage 2,Area 8,120
2023-12-11,10:00:00,Stage 2,Area 16,120
2023-12-11,12:00:00,Stage 2,Area 1,150
2023-12-11,12:00:00,Stage 2,Area 9,150
2023-12-11,14:00:00,Stage 2,Area 2,150
2023-12-11,14:00:00,Stage 2,Area 10,150
2023-12-11,16:00:00,Stage 1,Area 3,150
2023-12-11,18:00:00,Stage 1,Area 4,150
2023-12-11,20:00:00,Stage 1,Area 5,150
2023-12-11,22:00:00,Stage 3,Area 6,150
2023-12-11,22:00:00,Stage 3,Area 14,150
2023-12-11,22:00:00,Stage 3,Area 2,150
2023-12-12,00:00:00,Stage 3,Area 7,150
2023-12-12,00:00:00,Stage 3,Area 15,150
2023-12-12,00:00:00,Stage 3,Area 3,150
2023-12-12,02:00:00,Stage 3,Area 8,150
2023-12-12,02:00:00,Stage 3,Area 16,150
2023-12-12,02:00:00,Stage 3,Area 4,150
2023-12-12,04:00:00,Stage 3,Area 5,90
2023-12-12,04:00:00,Stage 3,Area 1,150
2023-12-12,04:00:00,Stage 3,Area 9,150
2023-12-12,06:00:00,Stage 2,Area 2,90
2023-12-12,06:00:00,Stage 2,Area 10,150
2023-12-12,08:00:00,Stage 1,Area 11,150
2023-12-12,10:00:00,Stage 1,Area 12,150
2023-12-13,22:00:00,Stage 2,Area 7,123
2023-12-13,22:00:00,Stage 2,Area 15,120
2023-12-14,00:00:00,Stage 2,Area 8,120
2023-12-14,00:00:00,Stage 2,Area 16,120
2023-12-14,02:00:00,Stage 2,Area 1,120
2023-12-14,02:00:00,Stage 2,Area 9,120
2023-12-14,04:00:00,Stage 2,Area 2,60
2023-12-14,04:00:00,Stage 2,Area 10,60
2024-01-02,05:00:00,Stage 1,Area 15,60
2024-01-02,06:00:00,Stage 1,Area 16,120
2024-01-02,08:00:00,Stage 1,Area 1,150
2024-01-02,10:00:00,Stage 1,Area 2,150
2024-01-02,12:00:00,Stage 1,Area 3,150
2024-01-02,14:00:00,Stage 1,Area 4,150
2024-01-02,16:00:00,Stage 1,Area 5,150
2024-01-02,18:00:00,Stage 1,Area 6,150
2024-01-02,20:00:00,Stage 1,Area 7,105
2024-01-02,22:00:00,Stage 3,Area 8,150
2024-01-02,22:00:00,Stage 3,Area 16,150
2024-01-02,22:00:00,Stage 3,Area 4,150
2024-01-03,00:00:00,Stage 3,Area 5,150
2024-01-03,00:00:00,Stage 3,Area 1,150
2024-01-03,00:00:00,Stage 3,Area 9,150
2024-01-03,02:00:00,Stage 3,Area 6,150
2024-01-03,02:00:00,Stage 3,Area 2,150
2024-01-03,02:00:00,Stage 3,Area 10,150
2024-01-03,04:00:00,Stage 3,Area 7,60
2024-01-03,04:00:00,Stage 3,Area 3,60
2024-01-03,04:00:00,Stage 3,Area 11,150
2024-01-03,06:00:00,Stage 1,Area 12,150
2024-01-03,08:00:00,Stage 1,Area 13,150
2024-01-03,10:00:00,Stage 1,Area 14,151
2024-01-03,12:00:00,Stage 1,Area 15,150
2024-01-03,14:00:00,Stage 1,Area 16,270
2024-01-03,16:00:00,Stage 1,Area 1,150
2024-01-03,18:00:00,Stage 1,Area 2,120
2024-01-03,20:00:00,Stage 1,Area 3,150
2024-01-03,22:00:00,Stage 3,Area 16,150
2024-01-03,22:00:00,Stage 3,Area 4,150
2024-01-03,22:00:00,Stage 3,Area 12,150
2024-01-04,00:00:00,Stage 3,Area 5,150
2024-01-04,00:00:00,Stage 3,Area 13,150
2024-01-04,00:00:00,Stage 3,Area 1,150
2024-01-04,02:00:00,Stage 3,Area 6,150
2024-01-04,02:00:00,Stage 3,Area 14,150
2024-01-04,02:00:00,Stage 3,Area 2,150
2024-01-04,04:00:00,Stage 3,Area 7,150
2024-01-04,04:00:00,Stage 3,Area 15,60
2024-01-04,04:00:00,Stage 3,Area 3,60
2024-01-04,06:00:00,Stage 1,Area 8,150
2024-01-04,08:00:00,Stage 1,Area 9,150
2024-01-04,10:00:00,Stage 1,Area 10,150
2024-01-04,12:00:00,Stage 1,Area 11,150
2024-01-04,14:00:00,Stage 1,Area 12,150
2024-01-04,16:00:00,Stage 1,Area 13,150
2024-01-04,18:00:00,Stage 1,Area 14,150
2024-01-04,20:00:00,Stage 1,Area 15,150
2024-01-04,22:00:00,Stage 3,Area 8,150
2024-01-04,22:00:00,Stage 3,Area 16,150
2024-01-04,22:00:00,Stage 3,Area 12,150
2024-01-05,00:00:00,Stage 3,Area 14,150
2024-01-05,00:00:00,Stage 3,Area 2,150
2024-01-05,00:00:00,Stage 3,Area 10,150
2024-01-05,02:00:00,Stage 3,Area 15,150
2024-01-05,02:00:00,Stage 3,Area 3,150
2024-01-05,02:00:00,Stage 3,Area 11,150
2024-01-05,04:00:00,Stage 3,Area 16,60
2024-01-05,04:00:00,Stage 3,Area 4,150
2024-01-05,04:00:00,Stage 3,Area 12,60
2024-01-05,06:00:00,Stage 1,Area 5,150
2024-01-05,08:00:00,Stage 1,Area 6,150
2024-01-05,10:00:00,Stage 1,Area 7,150
2024-01-05,12:00:00,Stage 1,Area 8,150
2024-01-05,14:00:00,Stage 1,Area 9,150
2024-01-05,16:00:00,Stage 1,Area 10,150
2024-01-05,18:00:00,Stage 1,Area 11,150
2024-01-05,20:00:00,Stage 1,Area 12,150
2024-01-05,22:00:00,Stage 3,Area 5,150
2024-01-05,22:00:00,Stage 3,Area 13,120
2024-01-05,22:00:00,Stage 3,Area 9,150
2024-01-06,00:00:00,Stage 3,Area 6,150
2024-01-06,00:00:00,Stage 3,Area 14,150
2024-01-06,00:00:00,Stage 3,Area 10,150
2024-01-06,02:00:00,Stage 3,Area 7,150
2024-01-06,02:00:00,Stage 3,Area 15,150
2024-01-06,02:00:00,Stage 3,Area 11,150
2024-01-06,04:00:00,Stage 3,Area 8,90
2024-01-06,04:00:00,Stage 3,Area 16,150
2024-01-06,04:00:00,Stage 3,Area 12,90
2024-01-06,06:00:00,Stage 1,Area 1,150
2024-01-06,08:00:00,Stage 1,Area 2,150
2024-01-09,22:00:00,Stage 2,Area 6,120
2024-01-09,22:00:00,Stage 2,Area 14,120
2024-01-10,00:00:00,Stage 2,Area 7,150
2024-01-10,00:00:00,Stage 2,Area 15,150
2024-01-10,02:00:00,Stage 2,Area 8,150
2024-01-10,02:00:00,Stage 2,Area 16,150
2024-01-10,04:00:00,Stage 2,Area 1,60
2024-01-10,04:00:00,Stage 2,Area 9,60
2024-01-10,22:00:00,Stage 2,Area 2,120
2024-01-10,22:00:00,Stage 2,Area 10,120
2024-01-11,00:00:00,Stage 2,Area 3,41
2024-01-11,00:00:00,Stage 2,Area 11,150
2024-01-11,02:00:00,Stage 1,Area 12,150
2024-01-11,04:00:00,Stage 1,Area 13,66
2024-01-11,22:00:00,Stage 2,Area 6,120
2024-01-11,22:00:00,Stage 2,Area 14,120
2024-01-12,00:00:00,Stage 2,Area 7,150
2024-01-12,00:00:00,Stage 2,Area 15,150
2024-01-12,02:00:00,Stage 2,Area 8,150
2024-01-12,02:00:00,Stage 2,Area 16,150
2024-01-12,04:00:00,Stage 2,Area 1,60
2024-01-12,04:00:00,Stage 2,Area 9,60
2024-01-12,16:00:00,Stage 1,Area 15,150
2024-01-12,18:00:00,Stage 1,Area 16,150
2024-01-12,20:00:00,Stage 1,Area 1,120
2024-01-12,22:00:00,Stage 3,Area 14,120
2024-01-12,22:00:00,Stage 3,Area 2,120
2024-01-12,22:00:00,Stage 3,Area 10,120
2024-01-13,00:00:00,Stage 3,Area 16,120
2024-01-13,00:00:00,Stage 3,Area 4,120
2024-01-13,00:00:00,Stage 3,Area 12,120
2024-01-13,02:00:00,Stage 3,Area 5,120
2024-01-13,02:00:00,Stage 3,Area 13,120
2024-01-13,02:00:00,Stage 3,Area 1,120
2024-01-13,04:00:00,Stage 3,Area 6,120
2024-01-13,04:00:00,Stage 3,Area 14,120
2024-01-13,04:00:00,Stage 3,Area 2,120
2024-01-13,06:00:00,Stage 3,Area 7,120
2024-01-13,06:00:00,Stage 3,Area 15,120
2024-01-13,06:00:00,Stage 3,Area 3,120
2024-01-13,08:00:00,Stage 3,Area 8,120
2024-01-13,08:00:00,Stage 3,Area 16,120
2024-01-13,08:00:00,Stage 3,Area 4,120
2024-01-13,10:00:00,Stage 3,Area 5,120
2024-01-13,10:00:00,Stage 3,Area 1,120
2024-01-13,10:00:00,Stage 3,Area 9,120
2024-01-13,12:00:00,Stage 3,Area 6,120
2024-01-13,12:00:00,Stage 3,Area 2,120
2024-01-13,12:00:00,Stage 3,Area 10,120
2024-01-13,14:00:00,Stage 3,Area 7,120
2024-01-13,14:00:00,Stage 3,Area 3,120
2024-01-13,14:00:00,Stage 3,Area 11,120
2024-01-13,16:00:00,Stage 3,Area 8,120
2024-01-13,16:00:00,Stage 3,Area 4,120
2024-01-13,16:00:00,Stage 3,Area 12,120
2024-01-13,18:00:00,Stage 3,Area 5,120
2024-01-13,18:00:00,Stage 3,Area 13,120
2024-01-13,18:00:00,Stage 3,Area 9,120
2024-01-13,20:00:00,Stage 3,Area 6,120
2024-01-13,20:00:00,Stage 3,Area 14,120
2024-01-13,20:00:00,Stage 3,Area 10,120
2024-01-13,22:00:00,Stage 3,Area 7,150
2024-01-13,22:00:00,Stage 3,Area 15,30
2024-01-13,22:00:00,Stage 3,Area 11,30
2024-01-14,00:00:00,Stage 3,Area 8,150
2024-01-14,00:00:00,Stage 3,Area 16,150
2024-01-14,00:00:00,Stage 3,Area 12,150
2024-01-14,02:00:00,Stage 3,Area 13,150
2024-01-14,02:00:00,Stage 3,Area 1,150
2024-01-14,02:00:00,Stage 3,Area 9,150
2024-01-14,04:00:00,Stage 3,Area 14,150
2024-01-14,04:00:00,Stage 3,Area 2,150
2024-01-14,04:00:00,Stage 3,Area 10,150
2024-01-14,06:00:00,Stage 3,Area 15,150
2024-01-14,06:00:00,Stage 3,Area 3,150
2024-01-14,06:00:00,Stage 3,Area 11,150
2024-01-14,08:00:00,Stage 3,Area 16,120
2024-01-14,08:00:00,Stage 3,Area 4,120
2024-01-14,08:00:00,Stage 3,Area 12,120
2024-01-14,10:00:00,Stage 3,Area 5,120
2024-01-14,10:00:00,Stage 3,Area 13,120
2024-01-14,10:00:00,Stage 3,Area 1,120
2024-01-14,12:00:00,Stage 3,Area 6,120
2024-01-14,12:00:00,Stage 3,Area 14,120
2024-01-14,12:00:00,Stage 3,Area 2,120
2024-01-14,14:00:00,Stage 3,Area 7,120
2024-01-14,14:00:00,Stage 3,Area 15,120
2024-01-14,14:00:00,Stage 3,Area 3,120
2024-01-14,16:00:00,Stage 2,Area 8,120
2024-01-14,16:00:00,Stage 2,Area 16,120
2024-01-14,18:00:00,Stage 2,Area 1,120
2024-01-14,18:00:00,Stage 2,Area 9,120
2024-01-14,20:00:00,Stage 2,Area 2,45
2024-01-14,20:00:00,Stage 2,Area 10,75
2024-01-15,05:00:00,Stage 2,Area 6,90
2024-01-15,05:00:00,Stage 2,Area 14,90
2024-01-15,06:00:00,Stage 2,Area 7,150
2024-01-15,06:00:00,Stage 2,Area 15,150
2024-01-15,08:00:00,Stage 2,Area 8,120
2024-01-15,08:00:00,Stage 2,Area 16,120
2024-01-15,10:00:00,Stage 2,Area 1,120
2024-01-15,10:00:00,Stage 2,Area 9,120
2024-01-15,12:00:00,Stage 1,Area 2,150
2024-01-15,14:00:00,Stage 1,Area 3,120
2024-01-15,22:00:00,Stage 2,Area 7,150
2024-01-15,22:00:00,Stage 2,Area 15,150
2024-01-16,00:00:00,Stage 2,Area 8,150
2024-01-16,00:00:00,Stage 2,Area 16,150
2024-01-16,02:00:00,Stage 2,Area 1,150
2024-01-16,02:00:00,Stage 2,Area 9,150
2024-01-16,04:00:00,Stage 2,Area 2,150
2024-01-16,04:00:00,Stage 2,Area 10,150
2024-01-16,06:00:00,Stage 1,Area 11,150
2024-01-16,08:00:00,Stage 1,Area 12,120
2024-01-16,10:00:00,Stage 1,Area 13,120
2024-01-16,12:00:00,Stage 1,Area 14,120
2024-01-16,14:00:00,Stage 1,Area 15,120
2024-01-16,22:00:00,Stage 2,Area 3,150
2024-01-16,22:00:00,Stage 2,Area 11,150
2024-01-17,00:00:00,Stage 2,Area 1,150
2024-01-17,00:00:00,Stage 2,Area 9,150
2024-01-17,02:00:00,Stage 2,Area 2,150
2024-01-17,02:00:00,Stage 2,Area 10,150
2024-01-17,04:00:00,Stage 2,Area 3,150
2024-01-17,04:00:00,Stage 2,Area 11,150
2024-01-17,06:00:00,Stage 1,Area 4,120
2024-01-17,08:00:00,Stage 1,Area 5,120
2024-01-17,10:00:00,Stage 1,Area 6,120
2024-01-17,12:00:00,Stage 1,Area 7,120
2024-01-17,14:00:00,Stage 1,Area 8,120
2024-01-17,16:00:00,Stage 1,Area 9,120
2024-01-17,18:00:00,Stage 1,Area 10,120
2024-01-17,20:00:00,Stage 1,Area 11,120
2024-01-17,22:00:00,Stage 3,Area 8,120
2024-01-17,22:00:00,Stage 3,Area 4,120
2024-01-17,22:00:00,Stage 3,Area 12,120
2024-01-18,00:00:00,Stage 3,Area 5,120
2024-01-18,00:00:00,Stage 3,Area 13,120
2024-01-18,00:00:00,Stage 3,Area 9,150
2024-01-18,02:00:00,Stage 3,Area 6,120
2024-01-18,02:00:00,Stage 3,Area 14,120
2024-01-18,02:00:00,Stage 3,Area 10,125
2024-01-18,04:00:00,Stage 3,Area 7,120
2024-01-18,04:00:00,Stage 3,Area 15,120
2024-01-18,04:00:00,Stage 3,Area 11,60
2024-01-18,06:00:00,Stage 1,Area 16,120
2024-01-18,08:00:00,Stage 1,Area 1,120
2024-01-18,10:00:00,Stage 1,Area 2,120
2024-01-18,14:00:00,Stage 1,Area 4,120
2024-01-18,16:00:00,Stage 1,Area 5,120
2024-01-18,18:00:00,Stage 1,Area 6,120
2024-01-18,20:00:00,Stage 1,Area 7,120
2024-01-18,22:00:00,Stage 3,Area 8,120
2024-01-18,22:00:00,Stage 3,Area 16,120
2024-01-18,22:00:00,Stage 3,Area 4,120
2024-01-19,00:00:00,Stage 3,Area 5,120
2024-01-19,00:00:00,Stage 3,Area 1,120
2024-01-19,00:00:00,Stage 3,Area 9,120
2024-01-19,02:00:00,Stage 2,Area 2,120
2024-01-19,02:00:00,Stage 2,Area 10,120
2024-01-19,04:00:00,Stage 2,Area 3,60
2024-01-19,04:00:00,Stage 2,Area 11,120
2024-01-19,06:00:00,Stage 1,Area 12,150
2024-01-19,08:00:00,Stage 1,Area 13,150
2024-01-19,10:00:00,Stage 1,Area 14,150
2024-01-19,12:00:00,Stage 1,Area 15,150
2024-01-19,14:00:00,Stage 1,Area 16,150
2024-01-19,22:00:00,Stage 2,Area 4,120
2024-01-19,22:00:00,Stage 2,Area 12,120
2024-02-01,00:00:00,Stage 3,Area 13,120
2024-02-01,00:00:00,Stage 3,Area 1,120
2024-02-01,00:00:00,Stage 3,Area 9,120
2024-02-01,02:00:00,Stage 3,Area 14,120
2024-02-01,02:00:00,Stage 3,Area 2,120
2024-02-01,02:00:00,Stage 3,Area 10,120
2024-02-01,04:00:00,Stage 3,Area 15,60
2024-02-01,04:00:00,Stage 3,Area 3,120
2024-02-01,04:00:00,Stage 3,Area 11,120
2024-02-01,06:00:00,Stage 2,Area 4,120
2024-02-01,06:00:00,Stage 2,Area 12,120
2024-02-01,08:00:00,Stage 2,Area 5,120
2024-02-01,08:00:00,Stage 2,Area 13,120
2024-02-01,10:00:00,Stage 2,Area 6,120
2024-02-01,10:00:00,Stage 2,Area 14,120
2024-02-01,12:00:00,Stage 2,Area 7,120
2024-02-01,12:00:00,Stage 2,Area 15,120
2024-02-01,14:00:00,Stage 2,Area 8,120
2024-02-01,14:00:00,Stage 2,Area 16,120
2024-02-01,16:00:00,Stage 1,Area 9,120
2024-02-01,18:00:00,Stage 1,Area 10,120
2024-02-01,20:00:00,Stage 1,Area 11,120
2024-02-01,22:00:00,Stage 3,Area 8,120
2024-02-01,22:00:00,Stage 3,Area 4,120
2024-02-01,22:00:00,Stage 3,Area 12,120
2024-02-02,00:00:00,Stage 3,Area 5,120
2024-02-02,00:00:00,Stage 3,Area 13,120
2024-02-02,00:00:00,Stage 3,Area 9,120
2024-02-02,02:00:00,Stage 3,Area 6,120
2024-02-02,02:00:00,Stage 3,Area 14,120
2024-02-02,02:00:00,Stage 3,Area 10,120
2024-02-02,04:00:00,Stage 3,Area 7,120
2024-02-02,04:00:00,Stage 3,Area 15,120
2024-02-02,04:00:00,Stage 3,Area 11,120
2024-02-02,06:00:00,Stage 1,Area 16,120
2024-02-02,08:00:00,Stage 1,Area 1,120
2024-02-02,10:00:00,Stage 1,Area 2,150
2024-02-02,12:00:00,Stage 1,Area 3,150
2024-02-02,14:00:00,Stage 1,Area 4,120
2024-02-02,16:00:00,Stage 1,Area 5,120
2024-02-02,18:00:00,Stage 1,Area 6,150
2024-02-02,20:00:00,Stage 1,Area 7,150
2024-02-02,22:00:00,Stage 3,Area 8,120
2024-02-02,22:00:00,Stage 3,Area 16,120
2024-02-02,22:00:00,Stage 3,Area 4,120
2024-02-03,00:00:00,Stage 3,Area 5,150
2024-02-03,00:00:00,Stage 3,Area 1,150
2024-02-03,00:00:00,Stage 3,Area 9,150
2024-02-03,02:00:00,Stage 3,Area 6,150
2024-02-03,02:00:00,Stage 3,Area 2,150
2024-02-03,02:00:00,Stage 3,Area 10,150
2024-02-03,04:00:00,Stage 3,Area 7,70
2024-02-03,04:00:00,Stage 3,Area 3,70
2024-02-03,04:00:00,Stage 3,Area 11,70
2024-02-03,06:00:00,Stage 2,Area 4,150
2024-02-03,06:00:00,Stage 2,Area 12,150
2024-02-03,08:00:00,Stage 2,Area 5,150
2024-02-03,08:00:00,Stage 2,Area 13,150
2024-02-03,10:00:00,Stage 2,Area 6,150
2024-02-03,10:00:00,Stage 2,Area 14,150
2024-02-03,12:00:00,Stage 2,Area 7,150
2024-02-03,12:00:00,Stage 2,Area 15,150
2024-02-03,14:00:00,Stage 2,Area 8,120
2024-02-03,14:00:00,Stage 2,Area 16,120
2024-02-03,16:00:00,Stage 2,Area 1,120
2024-02-03,16:00:00,Stage 2,Area 9,120
2024-02-03,18:00:00,Stage 2,Area 2,120
2024-02-03,18:00:00,Stage 2,Area 10,120
2024-02-03,20:00:00,Stage 2,Area 3,135
2024-02-03,20:00:00,Stage 2,Area 11,150
2024-02-03,22:00:00,Stage 2,Area 4,120
2024-02-03,22:00:00,Stage 2,Area 12,120
2024-02-04,00:00:00,Stage 2,Area 5,150
2024-02-04,00:00:00,Stage 2,Area 13,150
2024-02-04,02:00:00,Stage 3,Area 6,150
2024-02-04,02:00:00,Stage 3,Area 14,150
2024-02-04,02:00:00,Stage 3,Area 2,150
2024-02-04,04:00:00,Stage 3,Area 7,150
2024-02-04,04:00:00,Stage 3,Area 15,150
2024-02-04,04:00:00,Stage 3,Area 3,150
2024-02-04,06:00:00,Stage 3,Area 8,150
2024-02-04,06:00:00,Stage 3,Area 16,150
2024-02-04,06:00:00,Stage 3,Area 4,150
2024-02-04,08:00:00,Stage 3,Area 5,150
2024-02-04,08:00:00,Stage 3,Area 1,150
2024-02-04,08:00:00,Stage 3,Area 9,150
2024-02-04,10:00:00,Stage 3,Area 6,150
2024-02-04,10:00:00,Stage 3,Area 2,150
2024-02-04,10:00:00,Stage 3,Area 10,150
2024-02-04,12:00:00,Stage 3,Area 7,120
2024-02-04,12:00:00,Stage 3,Area 3,120
2024-02-04,12:00:00,Stage 3,Area 11,120
2024-02-04,14:00:00,Stage 3,Area 8,120
2024-02-04,14:00:00,Stage 3,Area 4,120
2024-02-04,14:00:00,Stage 3,Area 12,120
2024-02-04,16:00:00,Stage 3,Area 5,120
2024-02-04,16:00:00,Stage 3,Area 13,120
2024-02-04,16:00:00,Stage 3,Area 9,60
2024-02-04,18:00:00,Stage 2,Area 6,150
2024-02-04,18:00:00,Stage 2,Area 14,150
2024-02-04,20:00:00,Stage 2,Area 7,166
2024-02-04,20:00:00,Stage 2,Area 15,150
2024-02-04,22:00:00,Stage 2,Area 8,120
2024-02-04,22:00:00,Stage 2,Area 16,120
2024-02-05,10:00:00,Stage 1,Area 7,120
2024-02-05,12:00:00,Stage 1,Area 8,125
2024-02-05,14:00:00,Stage 1,Area 9,150
2024-02-05,16:00:00,Stage 1,Area 10,150
2024-02-05,18:00:00,Stage 1,Area 11,150
2024-02-05,20:00:00,Stage 1,Area 12,150
2024-02-05,22:00:00,Stage 3,Area 5,120
2024-02-05,22:00:00,Stage 3,Area 13,120
2024-02-05,22:00:00,Stage 3,Area 9,120
2024-02-06,00:00:00,Stage 3,Area 6,150
2024-02-06,00:00:00,Stage 3,Area 14,150
2024-02-06,00:00:00,Stage 3,Area 10,150
2024-02-06,02:00:00,Stage 3,Area 7,150
2024-02-06,02:00:00,Stage 3,Area 15,150
2024-02-06,02:00:00,Stage 3,Area 11,150
2024-02-06,04:00:00,Stage 3,Area 8,60
2024-02-06,04:00:00,Stage 3,Area 16,60
2024-02-06,04:00:00,Stage 3,Area 12,60
2024-02-06,10:00:00,Stage 1,Area 3,120
2024-02-06,12:00:00,Stage 1,Area 4,150
2024-02-06,14:00:00,Stage 1,Area 5,150
2024-02-06,16:00:00,Stage 1,Area 6,150
2024-02-06,18:00:00,Stage 1,Area 7,150
2024-02-06,20:00:00,Stage 1,Area 8,150
2024-02-06,22:00:00,Stage 3,Area 5,150
2024-02-06,22:00:00,Stage 3,Area 1,150
2024-02-06,22:00:00,Stage 3,Area 9,150
2024-02-07,00:00:00,Stage 3,Area 6,150
2024-02-07,00:00:00,Stage 3,Area 2,150
2024-02-07,00:00:00,Stage 3,Area 10,150
2024-02-07,02:00:00,Stage 3,Area 7,150
2024-02-07,02:00:00,Stage 3,Area 3,150
2024-02-07,02:00:00,Stage 3,Area 11,150
2024-02-07,04:00:00,Stage 2,Area 4,90
2024-02-07,04:00:00,Stage 2,Area 12,90
2024-02-07,06:00:00,Stage 1,Area 13,120
2024-02-07,08:00:00,Stage 1,Area 14,120
2024-02-07,22:00:00,Stage 2,Area 5,150
2024-02-07,22:00:00,Stage 2,Area 13,150
2024-02-08,00:00:00,Stage 2,Area 6,150
2024-02-08,00:00:00,Stage 2,Area 14,150
2024-02-08,02:00:00,Stage 1,Area 15,150
2024-02-08,04:00:00,Stage 2,Area 8,150
2024-02-08,04:00:00,Stage 2,Area 16,150
2024-02-08,06:00:00,Stage 1,Area 9,120
2024-02-08,08:00:00,Stage 1,Area 10,120
2024-02-08,10:00:00,Stage 1,Area 11,130
2024-02-08,12:00:00,Stage 1,Area 12,150
2024-02-08,14:00:00,Stage 1,Area 13,120
2024-02-08,22:00:00,Stage 3,Area 13,150
2024-02-08,22:00:00,Stage 3,Area 1,120
2024-02-08,22:00:00,Stage 3,Area 9,150
2024-02-09,00:00:00,Stage 3,Area 15,150
2024-02-09,00:00:00,Stage 3,Area 3,150
2024-02-09,00:00:00,Stage 3,Area 11,150
2024-02-09,02:00:00,Stage 4,Area 8,150
2024-02-09,02:00:00,Stage 4,Area 16,150
2024-02-09,02:00:00,Stage 4,Area 4,150
2024-02-09,02:00:00,Stage 4,Area 12,150
2024-02-09,04:00:00,Stage 4,Area 5,150
2024-02-09,04:00:00,Stage 4,Area 13,150
2024-02-09,04:00:00,Stage 4,Area 1,150
2024-02-09,04:00:00,Stage 4,Area 9,150
2024-02-09,06:00:00,Stage 3,Area 6,150
2024-02-09,06:00:00,Stage 3,Area 14,150
2024-02-09,06:00:00,Stage 3,Area 2,150
2024-02-09,08:00:00,Stage 2,Area 15,150
2024-02-09,08:00:00,Stage 2,Area 3,150
2024-02-09,10:00:00,Stage 3,Area 8,150
2024-02-09,10:00:00,Stage 3,Area 16,150
2024-02-09,10:00:00,Stage 3,Area 4,150
2024-02-09,12:00:00,Stage 3,Area 5,150
2024-02-09,12:00:00,Stage 3,Area 1,150
2024-02-09,12:00:00,Stage 3,Area 9,150
2024-02-09,14:00:00,Stage 3,Area 6,150
2024-02-09,14:00:00,Stage 3,Area 2,150
2024-02-09,14:00:00,Stage 3,Area 10,150
2024-02-09,16:00:00,Stage 2,Area 3,150
2024-02-09,16:00:00,Stage 2,Area 11,150
2024-02-09,18:00:00,Stage 3,Area 8,150
2024-02-09,18:00:00,Stage 3,Area 4,150
2024-02-09,18:00:00,Stage 3,Area 12,150
2024-02-09,20:00:00,Stage 4,Area 5,120
2024-02-09,20:00:00,Stage 4,Area 13,120
2024-02-09,20:00:00,Stage 4,Area 1,120
2024-02-09,20:00:00,Stage 4,Area 9,120
2024-02-09,22:00:00,Stage 4,Area 6,120
2024-02-09,22:00:00,Stage 4,Area 14,120
2024-02-09,22:00:00,Stage 4,Area 2,120
2024-02-09,22:00:00,Stage 4,Area 10,120
2024-02-10,00:00:00,Stage 6,Area 7,120
2024-02-10,00:00:00,Stage 6,Area 8,120
2024-02-10,00:00:00,Stage 6,Area 15,120
2024-02-10,00:00:00,Stage 6,Area 16,120
2024-02-10,00:00:00,Stage 6,Area 3,120
2024-02-10,00:00:00,Stage 6,Area 11,120
2024-02-10,02:00:00,Stage 6,Area 8,120
2024-02-10,02:00:00,Stage 6,Area 16,120
2024-02-10,02:00:00,Stage 6,Area 1,120
2024-02-10,02:00:00,Stage 6,Area 4,120
2024-02-10,02:00:00,Stage 6,Area 9,120
2024-02-10,02:00:00,Stage 6,Area 12,120
2024-02-10,04:00:00,Stage 6,Area 5,120
2024-02-10,04:00:00,Stage 6,Area 13,120
2024-02-10,04:00:00,Stage 6,Area 1,120
2024-02-10,04:00:00,Stage 6,Area 2,120
2024-02-10,04:00:00,Stage 6,Area 9,120
2024-02-10,04:00:00,Stage 6,Area 10,120
2024-02-10,06:00:00,Stage 6,Area 6,150
2024-02-10,06:00:00,Stage 6,Area 14,150
2024-02-10,06:00:00,Stage 6,Area 2,120
2024-02-10,06:00:00,Stage 6,Area 3,150
2024-02-10,06:00:00,Stage 6,Area 10,120
2024-02-10,06:00:00,Stage 6,Area 11,120
2024-02-10,08:00:00,Stage 6,Area 7,150
2024-02-10,08:00:00,Stage 6,Area 15,150
2024-02-10,08:00:00,Stage 6,Area 3,120
2024-02-10,08:00:00,Stage 6,Area 4,120
2024-02-10,08:00:00,Stage 6,Area 11,150
2024-02-10,08:00:00,Stage 6,Area 12,120
2024-02-10,10:00:00,Stage 6,Area 5,150
2024-02-10,10:00:00,Stage 6,Area 8,150
2024-02-10,10:00:00,Stage 6,Area 13,150
2024-02-10,10:00:00,Stage 6,Area 16,150
2024-02-10,10:00:00,Stage 6,Area 4,120
2024-02-10,10:00:00,Stage 6,Area 12,120
2024-02-10,12:00:00,Stage 6,Area 5,120
2024-02-10,12:00:00,Stage 6,Area 6,127
2024-02-10,12:00:00,Stage 6,Area 13,120
2024-02-10,12:00:00,Stage 6,Area 14,120
2024-02-10,12:00:00,Stage 6,Area 1,150
2024-02-10,12:00:00,Stage 6,Area 9,150
2024-02-10,14:00:00,Stage 6,Area 6,150
2024-02-10,14:00:00,Stage 6,Area 7,120
2024-02-10,14:00:00,Stage 6,Area 14,150
2024-02-10,14:00:00,Stage 6,Area 15,120
2024-02-10,14:00:00,Stage 6,Area 2,150
2024-02-10,14:00:00,Stage 6,Area 10,150
2024-02-10,16:00:00,Stage 6,Area 7,150
2024-02-10,16:00:00,Stage 6,Area 8,150
2024-02-10,16:00:00,Stage 6,Area 15,150
2024-02-10,16:00:00,Stage 6,Area 16,120
2024-02-10,16:00:00,Stage 6,Area 3,150
2024-02-10,16:00:00,Stage 6,Area 11,150
2024-02-10,18:00:00,Stage 6,Area 8,120
2024-02-10,18:00:00,Stage 6,Area 16,150
2024-02-10,18:00:00,Stage 6,Area 1,120
2024-02-10,18:00:00,Stage 6,Area 4,150
2024-02-10,18:00:00,Stage 6,Area 9,120
2024-02-10,18:00:00,Stage 6,Area 12,150
2024-02-10,20:00:00,Stage 6,Area 5,120
2024-02-10,20:00:00,Stage 6,Area 13,120
2024-02-10,20:00:00,Stage 6,Area 1,120
2024-02-10,20:00:00,Stage 6,Area 2,120
2024-02-10,20:00:00,Stage 6,Area 9,120
2024-02-10,20:00:00,Stage 6,Area 10,120
2024-02-10,22:00:00,Stage 6,Area 6,120
2024-02-10,22:00:00,Stage 6,Area 14,120
2024-02-10,22:00:00,Stage 6,Area 2,120
2024-02-10,22:00:00,Stage 6,Area 3,120
2024-02-10,22:00:00,Stage 6,Area 10,120
2024-02-10,22:00:00,Stage 6,Area 11,120
2024-02-11,00:00:00,Stage 6,Area 7,120
2024-02-11,00:00:00,Stage 6,Area 15,120
2024-02-11,00:00:00,Stage 6,Area 3,120
2024-02-11,00:00:00,Stage 6,Area 4,120
2024-02-11,00:00:00,Stage 6,Area 11,120
2024-02-11,00:00:00,Stage 6,Area 12,120
2024-02-11,02:00:00,Stage 6,Area 5,120
2024-02-11,02:00:00,Stage 6,Area 8,120
2024-02-11,02:00:00,Stage 6,Area 13,120
2024-02-11,02:00:00,Stage 6,Area 16,120
2024-02-11,02:00:00,Stage 6,Area 4,120
2024-02-11,02:00:00,Stage 6,Area 12,120
2024-02-11,04:00:00,Stage 6,Area 5,120
2024-02-11,04:00:00,Stage 6,Area 6,120
2024-02-11,04:00:00,Stage 6,Area 13,120
2024-02-11,04:00:00,Stage 6,Area 14,120
2024-02-11,04:00:00,Stage 6,Area 1,120
2024-02-11,04:00:00,Stage 6,Area 9,120
2024-02-11,06:00:00,Stage 6,Area 6,150
2024-02-11,06:00:00,Stage 6,Area 7,120
2024-02-11,06:00:00,Stage 6,Area 14,150
2024-02-11,06:00:00,Stage 6,Area 15,120
2024-02-11,06:00:00,Stage 6,Area 2,150
2024-02-11,06:00:00,Stage 6,Area 10,150
2024-02-11,08:00:00,Stage 6,Area 7,150
2024-02-11,08:00:00,Stage 6,Area 8,150
2024-02-11,08:00:00,Stage 6,Area 15,150
2024-02-11,08:00:00,Stage 6,Area 16,150
2024-02-11,08:00:00,Stage 6,Area 3,150
2024-02-11,08:00:00,Stage 6,Area 11,150
2024-02-11,10:00:00,Stage 6,Area 8,120
2024-02-11,10:00:00,Stage 6,Area 16,120
2024-02-11,10:00:00,Stage 6,Area 1,120
2024-02-11,10:00:00,Stage 6,Area 4,150
2024-02-11,10:00:00,Stage 6,Area 9,120
2024-02-11,10:00:00,Stage 6,Area 12,150
2024-02-11,12:00:00,Stage 5,Area 5,150
2024-02-11,12:00:00,Stage 5,Area 13,150
2024-02-11,12:00:00,Stage 5,Area 1,150
2024-02-11,12:00:00,Stage 5,Area 2,120
2024-02-11,12:00:00,Stage 5,Area 9,150
2024-02-11,14:00:00,Stage 5,Area 6,150
2024-02-11,14:00:00,Stage 5,Area 14,150
2024-02-11,14:00:00,Stage 5,Area 2,150
2024-02-11,14:00:00,Stage 5,Area 3,120
2024-02-11,14:00:00,Stage 5,Area 10,150
2024-02-11,16:00:00,Stage 5,Area 7,150
2024-02-11,16:00:00,Stage 5,Area 15,150
2024-02-11,16:00:00,Stage 5,Area 3,150
2024-02-11,16:00:00,Stage 5,Area 4,120
2024-02-11,16:00:00,Stage 5,Area 11,150
2024-02-11,18:00:00,Stage 5,Area 5,120
2024-02-11,18:00:00,Stage 5,Area 8,150
2024-02-11,18:00:00,Stage 5,Area 16,150
2024-02-11,18:00:00,Stage 5,Area 4,150
2024-02-11,18:00:00,Stage 5,Area 12,150
2024-02-11,20:00:00,Stage 5,Area 5,150
2024-02-11,20:00:00,Stage 5,Area 6,120
2024-02-11,20:00:00,Stage 5,Area 13,120
2024-02-11,20:00:00,Stage 5,Area 1,120
2024-02-11,20:00:00,Stage 5,Area 9,120
2024-02-11,22:00:00,Stage 5,Area 6,120
2024-02-11,22:00:00,Stage 5,Area 7,120
2024-02-11,22:00:00,Stage 5,Area 14,120
2024-02-11,22:00:00,Stage 5,Area 2,120
2024-02-11,22:00:00,Stage 5,Area 10,120
2024-02-12,00:00:00,Stage 5,Area 7,120
2024-02-12,00:00:00,Stage 5,Area 8,120
2024-02-12,00:00:00,Stage 5,Area 15,120
2024-02-12,00:00:00,Stage 5,Area 3,120
2024-02-12,00:00:00,Stage 5,Area 11,120
2024-02-12,02:00:00,Stage 5,Area 8,120
2024-02-12,02:00:00,Stage 5,Area 16,120
2024-02-12,02:00:00,Stage 5,Area 4,120
2024-02-12,02:00:00,Stage 5,Area 9,120
2024-02-12,02:00:00,Stage 5,Area 12,120
2024-02-12,04:00:00,Stage 5,Area 5,120
2024-02-12,04:00:00,Stage 5,Area 13,120
2024-02-12,04:00:00,Stage 5,Area 1,120
2024-02-12,04:00:00,Stage 5,Area 9,120
2024-02-12,04:00:00,Stage 5,Area 10,60
2024-02-12,06:00:00,Stage 4,Area 6,150
2024-02-12,06:00:00,Stage 4,Area 14,150
2024-02-12,06:00:00,Stage 4,Area 2,150
2024-02-12,06:00:00,Stage 4,Area 10,150
2024-02-12,08:00:00,Stage 4,Area 7,150
2024-02-12,08:00:00,Stage 4,Area 15,150
2024-02-12,08:00:00,Stage 4,Area 3,150
2024-02-12,08:00:00,Stage 4,Area 11,150
2024-02-12,10:00:00,Stage 4,Area 8,150
2024-02-12,10:00:00,Stage 4,Area 16,150
2024-02-12,10:00:00,Stage 4,Area 4,150
2024-02-12,10:00:00,Stage 4,Area 12,150
2024-02-12,12:00:00,Stage 4,Area 5,150
2024-02-12,12:00:00,Stage 4,Area 13,150
2024-02-12,12:00:00,Stage 4,Area 1,150
2024-02-12,12:00:00,Stage 4,Area 9,120
2024-02-12,14:00:00,Stage 4,Area 6,135
2024-02-12,14:00:00,Stage 4,Area 14,135
2024-02-12,14:00:00,Stage 4,Area 2,120
2024-02-12,14:00:00,Stage 4,Area 10,120
2024-02-12,16:00:00,Stage 3,Area 7,135
2024-02-12,16:00:00,Stage 3,Area 15,135
2024-02-12,16:00:00,Stage 3,Area 11,135
2024-02-12,18:00:00,Stage 3,Area 8,120
2024-02-12,18:00:00,Stage 3,Area 16,120
2024-02-12,18:00:00,Stage 3,Area 12,120
2024-02-12,20:00:00,Stage 3,Area 13,120
2024-02-12,20:00:00,Stage 3,Area 1,120
2024-02-12,20:00:00,Stage 3,Area 9,120
2024-02-12,22:00:00,Stage 5,Area 6,120
2024-02-12,22:00:00,Stage 5,Area 14,120
2024-02-12,22:00:00,Stage 5,Area 2,120
2024-02-12,22:00:00,Stage 5,Area 3,120
2024-02-12,22:00:00,Stage 5,Area 10,120
2024-02-13,00:00:00,Stage 5,Area 8,120
2024-02-13,00:00:00,Stage 5,Area 16,120
2024-02-13,00:00:00,Stage 5,Area 1,120
2024-02-13,00:00:00,Stage 5,Area 4,120
2024-02-13,00:00:00,Stage 5,Area 12,120
2024-02-13,02:00:00,Stage 5,Area 5,120
2024-02-13,02:00:00,Stage 5,Area 13,120
2024-02-13,02:00:00,Stage 5,Area 1,120
2024-02-13,02:00:00,Stage 5,Area 2,120
2024-02-13,02:00:00,Stage 5,Area 9,120
2024-02-13,04:00:00,Stage 4,Area 6,120
2024-02-13,04:00:00,Stage 4,Area 14,120
2024-02-13,04:00:00,Stage 4,Area 3,30
2024-02-13,04:00:00,Stage 4,Area 10,30
2024-02-13,06:00:00,Stage 2,Area 7,150
2024-02-13,06:00:00,Stage 2,Area 15,150
2024-02-13,08:00:00,Stage 2,Area 8,150
2024-02-13,08:00:00,Stage 2,Area 16,150
2024-02-13,10:00:00,Stage 2,Area 1,150
2024-02-13,10:00:00,Stage 2,Area 9,150
2024-02-13,12:00:00,Stage 2,Area 2,150
2024-02-13,12:00:00,Stage 2,Area 10,150
2024-02-13,14:00:00,Stage 2,Area 3,120
2024-02-13,14:00:00,Stage 2,Area 11,120
2024-02-13,16:00:00,Stage 2,Area 4,135
2024-02-13,16:00:00,Stage 2,Area 12,135
2024-02-13,18:00:00,Stage 2,Area 5,135
2024-02-13,18:00:00,Stage 2,Area 13,135
2024-02-13,20:00:00,Stage 2,Area 6,120
2024-02-13,20:00:00,Stage 2,Area 14,120
2024-02-13,22:00:00,Stage 4,Area 7,120
2024-02-13,22:00:00,Stage 4,Area 15,120
2024-02-13,22:00:00,Stage 4,Area 3,120
2024-02-13,22:00:00,Stage 4,Area 11,120
2024-02-14,00:00:00,Stage 4,Area 8,150
2024-02-14,00:00:00,Stage 4,Area 16,150
2024-02-14,00:00:00,Stage 4,Area 4,150
2024-02-14,00:00:00,Stage 4,Area 12,150
2024-02-14,02:00:00,Stage 4,Area 5,150
2024-02-14,02:00:00,Stage 4,Area 13,150
2024-02-14,02:00:00,Stage 4,Area 1,150
2024-02-14,02:00:00,Stage 4,Area 9,150
2024-02-14,04:00:00,Stage 4,Area 6,30
2024-02-14,04:00:00,Stage 4,Area 14,60
2024-02-14,04:00:00,Stage 4,Area 2,120
2024-02-14,04:00:00,Stage 4,Area 10,150
2024-02-14,06:00:00,Stage 2,Area 3,150
2024-02-14,06:00:00,Stage 2,Area 11,150
2024-02-14,08:00:00,Stage 2,Area 4,150
2024-02-14,08:00:00,Stage 2,Area 12,150
2024-02-14,10:00:00,Stage 2,Area 5,150
2024-02-14,10:00:00,Stage 2,Area 13,150
2024-02-14,12:00:00,Stage 2,Area 6,135
2024-02-14,12:00:00,Stage 2,Area 14,135
2024-02-14,14:00:00,Stage 2,Area 7,135
2024-02-14,14:00:00,Stage 2,Area 15,135
2024-02-14,16:00:00,Stage 1,Area 8,135
2024-02-14,18:00:00,Stage 1,Area 9,135
2024-02-14,20:00:00,Stage 1,Area 10,150
2024-02-14,22:00:00,Stage 3,Area 7,120
2024-02-14,22:00:00,Stage 3,Area 3,120
2024-02-14,22:00:00,Stage 3,Area 11,120
2024-02-15,00:00:00,Stage 3,Area 8,150
2024-02-15,00:00:00,Stage 3,Area 4,150
2024-02-15,00:00:00,Stage 3,Area 12,150
2024-02-15,02:00:00,Stage 3,Area 5,150
2024-02-15,02:00:00,Stage 3,Area 13,150
2024-02-15,02:00:00,Stage 3,Area 9,150
2024-02-15,04:00:00,Stage 3,Area 6,150
2024-02-15,04:00:00,Stage 3,Area 14,150
2024-02-15,04:00:00,Stage 3,Area 10,150
2024-02-15,06:00:00,Stage 2,Area 7,150
2024-02-15,06:00:00,Stage 2,Area 15,150
2024-02-15,08:00:00,Stage 2,Area 8,150
2024-02-15,08:00:00,Stage 2,Area 16,150
2024-02-15,10:00:00,Stage 2,Area 1,150
2024-02-15,10:00:00,Stage 2,Area 9,150
2024-02-15,12:00:00,Stage 2,Area 2,120
2024-02-15,12:00:00,Stage 2,Area 10,120
2024-02-15,14:00:00,Stage 2,Area 3,135
2024-02-15,14:00:00,Stage 2,Area 11,135
2024-02-15,16:00:00,Stage 1,Area 4,135
2024-02-15,18:00:00,Stage 1,Area 5,135
2024-02-15,20:00:00,Stage 1,Area 6,135
2024-02-15,22:00:00,Stage 3,Area 7,120
2024-02-15,22:00:00,Stage 3,Area 15,120
2024-02-15,22:00:00,Stage 3,Area 3,120
2024-02-16,00:00:00,Stage 3,Area 8,150
2024-02-16,00:00:00,Stage 3,Area 16,150
2024-02-16,00:00:00,Stage 3,Area 4,150
2024-02-16,02:00:00,Stage 3,Area 5,150
2024-02-16,02:00:00,Stage 3,Area 1,150
2024-02-16,02:00:00,Stage 3,Area 9,150
2024-02-16,04:00:00,Stage 3,Area 6,150
2024-02-16,04:00:00,Stage 3,Area 2,150
2024-02-16,04:00:00,Stage 3,Area 10,150
2024-02-16,04:30:00,Stage 2,Area 6,120
2024-02-16,04:30:00,Stage 2,Area 10,120
2024-02-16,06:00:00,Stage 2,Area 3,120
2024-02-16,06:00:00,Stage 2,Area 11,120
2024-02-16,08:00:00,Stage 2,Area 4,120
2024-02-16,08:00:00,Stage 2,Area 12,120
2024-02-16,10:00:00,Stage 1,Area 13,120
2024-02-16,12:00:00,Stage 1,Area 14,150
2024-02-16,14:00:00,Stage 1,Area 15,150
2024-02-16,22:00:00,Stage 2,Area 3,150
2024-02-16,22:00:00,Stage 2,Area 11,150
2024-02-17,00:00:00,Stage 2,Area 1,150
2024-02-17,00:00:00,Stage 2,Area 9,150
2024-02-17,02:00:00,Stage 2,Area 2,150
2024-02-17,02:00:00,Stage 2,Area 10,150
2024-02-17,04:00:00,Stage 2,Area 3,90
2024-02-17,04:00:00,Stage 2,Area 11,90
2024-02-17,16:00:00,Stage 2,Area 1,150
2024-02-17,16:00:00,Stage 2,Area 9,150
2024-02-17,18:00:00,Stage 2,Area 2,150
2024-02-17,18:00:00,Stage 2,Area 10,150
2024-02-17,20:00:00,Stage 2,Area 3,150
2024-02-17,20:00:00,Stage 2,Area 11,150
2024-02-17,22:00:00,Stage 2,Area 4,150
2024-02-17,22:00:00,Stage 2,Area 12,150
2024-02-18,00:00:00,Stage 2,Area 5,150
2024-02-18,00:00:00,Stage 2,Area 13,150
2024-02-18,02:00:00,Stage 2,Area 6,150
2024-02-18,02:00:00,Stage 2,Area 14,150
2024-02-18,04:00:00,Stage 2,Area 7,42
2024-02-18,04:00:00,Stage 2,Area 15,42
2024-02-18,16:00:00,Stage 2,Area 5,135
2024-02-18,16:00:00,Stage 2,Area 13,135
2024-02-18,18:00:00,Stage 2,Area 6,135
2024-02-18,18:00:00,Stage 2,Area 14,135
2024-02-18,20:00:00,Stage 2,Area 7,120
2024-02-18,20:00:00,Stage 2,Area 15,120
2024-02-19,00:00:00,Stage 2,Area 1,15
2024-02-19,00:00:00,Stage 2,Area 9,45
2024-02-19,22:00:00,Stage 2,Area 4,150
2024-02-19,22:00:00,Stage 2,Area 12,150
2024-02-20,00:00:00,Stage 2,Area 5,150
2024-02-20,00:00:00,Stage 2,Area 13,150
2024-02-20,02:00:00,Stage 2,Area 6,150
2024-02-20,02:00:00,Stage 2,Area 14,150
2024-02-20,04:00:00,Stage 2,Area 7,90
2024-02-20,04:00:00,Stage 2,Area 15,90
2024-02-20,22:00:00,Stage 2,Area 8,120
2024-02-20,22:00:00,Stage 2,Area 16,120
2024-02-21,00:00:00,Stage 2,Area 2,120
2024-02-21,00:00:00,Stage 2,Area 10,120
2024-02-21,02:00:00,Stage 2,Area 3,120
2024-02-21,02:00:00,Stage 2,Area 11,120
2024-02-21,04:00:00,Stage 2,Area 4,60
2024-02-21,04:00:00,Stage 2,Area 12,60
2024-02-22,00:00:00,Stage 2,Area 6,120
2024-02-22,00:00:00,Stage 2,Area 14,120
2024-02-22,02:00:00,Stage 2,Area 7,120
2024-02-22,02:00:00,Stage 2,Area 15,120
2024-02-22,04:00:00,Stage 4,Area 8,120
2024-02-22,04:00:00,Stage 4,Area 16,120
2024-02-22,04:00:00,Stage 4,Area 4,60
2024-02-22,04:00:00,Stage 4,Area 12,120
2024-02-22,06:00:00,Stage 3,Area 13,135
2024-02-22,06:00:00,Stage 3,Area 1,135
2024-02-22,06:00:00,Stage 3,Area 9,135
2024-02-22,08:00:00,Stage 3,Area 14,135
2024-02-22,08:00:00,Stage 3,Area 2,135
2024-02-22,08:00:00,Stage 3,Area 10,135
2024-02-22,10:00:00,Stage 3,Area 15,150
2024-02-22,10:00:00,Stage 3,Area 3,150
2024-02-22,10:00:00,Stage 3,Area 11,150
2024-02-22,14:00:00,Stage 3,Area 5,150
2024-02-22,14:00:00,Stage 3,Area 13,150
2024-02-22,14:00:00,Stage 3,Area 1,150
2024-02-22,16:00:00,Stage 2,Area 6,150
2024-02-22,16:00:00,Stage 2,Area 14,150
2024-02-22,18:00:00,Stage 2,Area 7,120
2024-02-22,18:00:00,Stage 2,Area 15,120
2024-02-22,20:00:00,Stage 2,Area 8,120
2024-02-22,20:00:00,Stage 2,Area 16,120
2024-02-22,22:00:00,Stage 4,Area 5,120
2024-02-22,22:00:00,Stage 4,Area 13,120
2024-02-22,22:00:00,Stage 4,Area 1,120
2024-02-22,22:00:00,Stage 4,Area 9,120
2024-02-23,00:00:00,Stage 4,Area 6,120
2024-02-23,00:00:00,Stage 4,Area 14,120
2024-02-23,00:00:00,Stage 4,Area 2,120
2024-02-23,00:00:00,Stage 4,Area 10,120
2024-02-23,02:00:00,Stage 4,Area 7,120
2024-02-23,02:00:00,Stage 4,Area 15,180
2024-02-23,02:00:00,Stage 4,Area 3,120
2024-02-23,02:00:00,Stage 4,Area 11,120
2024-02-23,04:00:00,Stage 4,Area 8,120
2024-02-23,04:00:00,Stage 4,Area 16,120
2024-02-23,04:00:00,Stage 4,Area 4,120
2024-02-23,04:00:00,Stage 4,Area 12,120
2024-02-23,06:00:00,Stage 2,Area 5,150
2024-02-23,06:00:00,Stage 2,Area 13,150
2024-02-23,08:00:00,Stage 2,Area 6,150
2024-02-23,08:00:00,Stage 2,Area 14,150
2024-02-23,10:00:00,Stage 2,Area 7,150
2024-02-23,10:00:00,Stage 2,Area 15,150
2024-02-23,12:00:00,Stage 2,Area 8,150
2024-02-23,12:00:00,Stage 2,Area 16,150
2024-02-23,14:00:00,Stage 2,Area 1,120
2024-02-23,14:00:00,Stage 2,Area 9,120
2024-02-23,16:00:00,Stage 2,Area 2,150
2024-02-23,16:00:00,Stage 2,Area 10,150
2024-02-23,18:00:00,Stage 2,Area 3,120
2024-02-23,18:00:00,Stage 2,Area 11,120
2024-02-23,20:00:00,Stage 2,Area 4,120
2024-02-23,20:00:00,Stage 2,Area 12,120
2024-02-23,22:00:00,Stage 4,Area 5,120
2024-02-23,22:00:00,Stage 4,Area 13,120
2024-02-23,22:00:00,Stage 4,Area 1,120
2024-02-23,22:00:00,Stage 4,Area 9,120
2024-02-24,00:00:00,Stage 4,Area 6,130
2024-02-24,00:00:00,Stage 4,Area 14,130
2024-02-24,00:00:00,Stage 4,Area 2,130
2024-02-24,00:00:00,Stage 4,Area 10,130
2024-02-24,02:00:00,Stage 4,Area 7,130
2024-02-24,02:00:00,Stage 4,Area 15,130
2024-02-24,02:00:00,Stage 4,Area 3,130
2024-02-24,02:00:00,Stage 4,Area 11,130
2024-02-24,04:00:00,Stage 4,Area 8,120
2024-02-24,04:00:00,Stage 4,Area 16,120
2024-02-24,04:00:00,Stage 4,Area 4,120
2024-02-24,04:00:00,Stage 4,Area 12,120
2024-02-24,06:00:00,Stage 4,Area 5,120
2024-02-24,06:00:00,Stage 4,Area 13,120
2024-02-24,06:00:00,Stage 4,Area 1,120
2024-02-24,06:00:00,Stage 4,Area 9,120
2024-02-24,08:00:00,Stage 4,Area 6,150
2024-02-24,08:00:00,Stage 4,Area 14,150
2024-02-24,08:00:00,Stage 4,Area 2,150
2024-02-24,08:00:00,Stage 4,Area 10,150
2024-02-24,10:00:00,Stage 4,Area 7,150
2024-02-24,10:00:00,Stage 4,Area 15,150
2024-02-24,10:00:00,Stage 4,Area 3,150
2024-02-24,10:00:00,Stage 4,Area 11,150
2024-02-24,12:00:00,Stage 4,Area 8,150
2024-02-24,12:00:00,Stage 4,Area 16,150
2024-02-24,12:00:00,Stage 4,Area 4,150
2024-02-24,12:00:00,Stage 4,Area 12,150
2024-02-24,14:00:00,Stage 4,Area 5,150
2024-02-24,14:00:00,Stage 4,Area 13,150
2024-02-24,14:00:00,Stage 4,Area 1,150
2024-02-24,14:00:00,Stage 4,Area 9,150
2024-02-24,16:00:00,Stage 4,Area 6,150
2024-02-24,16:00:00,Stage 4,Area 14,150
2024-02-24,16:00:00,Stage 4,Area 2,150
2024-02-24,16:00:00,Stage 4,Area 10,150
2024-02-24,18:00:00,Stage 4,Area 7,150
2024-02-24,18:00:00,Stage 4,Area 15,150
2024-02-24,18:00:00,Stage 4,Area 3,150
2024-02-24,18:00:00,Stage 4,Area 11,150
2024-02-24,20:00:00,Stage 4,Area 8,130
2024-02-24,20:00:00,Stage 4,Area 16,135
2024-02-24,20:00:00,Stage 4,Area 4,135
2024-02-24,20:00:00,Stage 4,Area 12,135
2024-02-24,22:00:00,Stage 4,Area 5,120
2024-02-24,22:00:00,Stage 4,Area 13,120
2024-02-24,22:00:00,Stage 4,Area 1,120
2024-02-24,22:00:00,Stage 4,Area 9,120
2024-02-25,00:00:00,Stage 3,Area 15,120
2024-02-25,00:00:00,Stage 3,Area 3,120
2024-02-25,00:00:00,Stage 3,Area 11,120
2024-02-25,02:00:00,Stage 3,Area 16,120
2024-02-25,02:00:00,Stage 3,Area 4,120
2024-02-25,02:00:00,Stage 3,Area 12,120
2024-02-25,04:00:00,Stage 3,Area 5,120
2024-02-25,04:00:00,Stage 3,Area 13,120
2024-02-25,04:00:00,Stage 3,Area 1,120
2024-02-25,06:00:00,Stage 2,Area 6,120
2024-02-25,06:00:00,Stage 2,Area 14,120
2024-02-25,08:00:00,Stage 2,Area 7,150
2024-02-25,08:00:00,Stage 2,Area 15,150
2024-02-25,10:00:00,Stage 2,Area 8,150
2024-02-25,10:00:00,Stage 2,Area 16,150
2024-02-25,12:00:00,Stage 2,Area 1,150
2024-02-25,12:00:00,Stage 2,Area 9,150
2024-02-25,14:00:00,Stage 2,Area 2,150
2024-02-25,14:00:00,Stage 2,Area 10,150
2024-02-25,16:00:00,Stage 2,Area 3,150
2024-02-25,16:00:00,Stage 2,Area 11,150
2024-02-25,18:00:00,Stage 2,Area 4,150
2024-02-25,18:00:00,Stage 2,Area 12,150
2024-02-25,20:00:00,Stage 2,Area 5,120
2024-02-25,20:00:00,Stage 2,Area 13,120
2024-02-25,22:00:00,Stage 2,Area 6,120
2024-02-25,22:00:00,Stage 2,Area 14,120
2024-02-26,00:00:00,Stage 1,Area 15,12
2024-02-26,06:00:00,Stage 1,Area 2,120
2024-02-26,08:00:00,Stage 1,Area 3,120
2024-02-26,10:00:00,Stage 1,Area 4,120
2024-02-26,12:00:00,Stage 1,Area 5,120
2024-02-26,14:00:00,Stage 1,Area 6,150
2024-02-26,16:00:00,Stage 1,Area 7,150
2024-02-26,18:00:00,Stage 1,Area 8,150
2024-02-26,20:00:00,Stage 1,Area 9,150
2024-02-26,22:00:00,Stage 3,Area 6,120
2024-02-26,22:00:00,Stage 3,Area 2,120
2024-02-26,22:00:00,Stage 3,Area 10,120
2024-02-27,00:00:00,Stage 3,Area 7,25
2024-02-27,00:00:00,Stage 3,Area 3,120
2024-02-27,00:00:00,Stage 3,Area 11,120
2024-02-27,02:00:00,Stage 2,Area 4,120
2024-02-27,02:00:00,Stage 2,Area 12,120
2024-02-27,04:00:00,Stage 2,Area 5,60
2024-02-27,04:00:00,Stage 2,Area 13,120
2024-02-27,06:00:00,Stage 1,Area 14,120
2024-02-27,08:00:00,Stage 1,Area 15,120
2024-02-27,10:00:00,Stage 1,Area 16,120
2024-02-27,12:00:00,Stage 1,Area 1,120
2024-02-27,14:00:00,Stage 1,Area 2,120
2024-02-27,22:00:00,Stage 2,Area 6,150
2024-02-27,22:00:00,Stage 2,Area 14,150
2024-02-28,00:00:00,Stage 2,Area 7,150
2024-02-28,00:00:00,Stage 2,Area 15,150
2024-02-28,02:00:00,Stage 2,Area 8,150
2024-02-28,02:00:00,Stage 2,Area 16,150
2024-02-28,04:00:00,Stage 2,Area 1,150
2024-02-28,04:00:00,Stage 2,Area 9,150
2024-02-28,06:00:00,Stage 1,Area 10,120
2024-02-28,08:00:00,Stage 1,Area 11,120
2024-02-28,10:00:00,Stage 1,Area 12,120
2024-02-28,12:00:00,Stage 1,Area 13,120
2024-02-28,22:00:00,Stage 2,Area 2,120
2024-02-28,22:00:00,Stage 2,Area 10,120
2024-02-29,00:00:00,Stage 2,Area 4,120
2024-02-29,00:00:00,Stage 2,Area 12,120
2024-02-29,02:00:00,Stage 2,Area 5,120
2024-02-29,02:00:00,Stage 2,Area 13,120
2024-02-29,04:00:00,Stage 2,Area 6,120
2024-02-29,04:00:00,Stage 2,Area 14,120
2024-02-29,06:00:00,Stage 1,Area 7,120
2024-02-29,08:00:00,Stage 1,Area 8,120
2024-02-29,10:00:00,Stage 1,Area 9,120
2024-02-29,12:00:00,Stage 1,Area 10,120
2024-02-29,14:00:00,Stage 1,Area 11,120
2024-02-29,22:00:00,Stage 2,Area 7,120
2024-02-29,22:00:00,Stage 2,Area 15,120
2024-03-01,00:00:00,Stage 2,Area 1,120
2024-03-01,00:00:00,Stage 2,Area 9,120
2024-03-01,02:00:00,Stage 2,Area 2,120
2024-03-01,02:00:00,Stage 2,Area 10,120
2024-03-01,04:00:00,Stage 2,Area 3,120
2024-03-01,04:00:00,Stage 2,Area 11,120
2024-03-01,06:00:00,Stage 1,Area 4,120
2024-03-01,08:00:00,Stage 1,Area 5,120
2024-03-01,10:00:00,Stage 1,Area 6,120
2024-03-01,12:00:00,Stage 1,Area 7,120
2024-03-01,14:00:00,Stage 1,Area 8,120
2024-03-01,22:00:00,Stage 2,Area 4,150
2024-03-01,22:00:00,Stage 2,Area 12,150
2024-03-02,00:00:00,Stage 2,Area 5,150
2024-03-02,00:00:00,Stage 2,Area 13,150
2024-03-02,02:00:00,Stage 2,Area 6,150
2024-03-02,02:00:00,Stage 2,Area 14,150
2024-03-02,04:00:00,Stage 2,Area 7,60
2024-03-02,04:00:00,Stage 2,Area 15,60
2024-03-02,16:00:00,Stage 2,Area 5,120
2024-03-02,16:00:00,Stage 2,Area 13,120
2024-03-02,18:00:00,Stage 2,Area 6,120
2024-03-02,18:00:00,Stage 2,Area 14,120
2024-03-02,20:00:00,Stage 2,Area 7,120
2024-03-02,20:00:00,Stage 2,Area 15,120
2024-03-02,22:00:00,Stage 2,Area 8,150
2024-03-02,22:00:00,Stage 2,Area 16,150
2024-03-03,00:00:00,Stage 2,Area 1,150
2024-03-03,00:00:00,Stage 2,Area 9,150
2024-03-03,02:00:00,Stage 2,Area 2,150
2024-03-03,02:00:00,Stage 2,Area 10,150
2024-03-03,04:00:00,Stage 2,Area 3,90
2024-03-03,04:00:00,Stage 2,Area 11,90
2024-03-04,22:00:00,Stage 2,Area 8,150
2024-03-04,22:00:00,Stage 2,Area 16,150
2024-03-05,00:00:00,Stage 2,Area 2,150
2024-03-05,00:00:00,Stage 2,Area 10,150
2024-03-05,02:00:00,Stage 2,Area 3,150
2024-03-05,02:00:00,Stage 2,Area 11,150
2024-03-05,04:00:00,Stage 2,Area 4,90
2024-03-05,04:00:00,Stage 2,Area 12,90
2024-03-05,22:00:00,Stage 2,Area 5,120
2024-03-05,22:00:00,Stage 2,Area 13,120
2024-03-06,00:00:00,Stage 2,Area 6,120
2024-03-06,00:00:00,Stage 2,Area 14,120
2024-03-06,02:00:00,Stage 2,Area 7,120
2024-03-06,02:00:00,Stage 2,Area 15,120
2024-03-06,04:00:00,Stage 2,Area 8,60
2024-03-06,04:00:00,Stage 2,Area 16,60
2024-03-06,20:00:00,Stage 2,Area 8,120
2024-03-06,20:00:00,Stage 2,Area 16,120
2024-03-06,22:00:00,Stage 4,Area 5,120
2024-03-06,22:00:00,Stage 4,Area 13,120
2024-03-06,22:00:00,Stage 4,Area 1,120
2024-03-06,22:00:00,Stage 4,Area 9,120
2024-03-07,00:00:00,Stage 4,Area 6,120
2024-03-07,00:00:00,Stage 4,Area 14,120
2024-03-07,00:00:00,Stage 4,Area 2,120
2024-03-07,00:00:00,Stage 4,Area 10,120
2024-03-07,02:00:00,Stage 4,Area 7,120
2024-03-07,02:00:00,Stage 4,Area 15,120
2024-03-07,02:00:00,Stage 4,Area 3,120
2024-03-07,02:00:00,Stage 4,Area 11,120
2024-03-07,04:00:00,Stage 3,Area 16,60
2024-03-07,04:00:00,Stage 3,Area 4,60
2024-03-07,04:00:00,Stage 3,Area 12,120
2024-03-07,06:00:00,Stage 1,Area 13,120
2024-03-07,10:00:00,Stage 1,Area 15,120
2024-03-07,12:00:00,Stage 1,Area 16,120
2024-03-07,14:00:00,Stage 1,Area 1,120
2024-03-07,20:00:00,Stage 2,Area 4,120
2024-03-07,20:00:00,Stage 2,Area 12,120
2024-03-07,22:00:00,Stage 4,Area 5,120
2024-03-07,22:00:00,Stage 4,Area 13,120
2024-03-07,22:00:00,Stage 4,Area 1,120
2024-03-07,22:00:00,Stage 4,Area 9,120
2024-03-08,00:00:00,Stage 4,Area 6,130
2024-03-08,00:00:00,Stage 4,Area 14,120
2024-03-08,00:00:00,Stage 4,Area 2,120
2024-03-08,00:00:00,Stage 4,Area 10,130
2024-03-08,02:00:00,Stage 4,Area 7,120
2024-03-08,02:00:00,Stage 4,Area 15,120
2024-03-08,02:00:00,Stage 4,Area 3,120
2024-03-08,02:00:00,Stage 4,Area 11,107
2024-03-08,04:00:00,Stage 4,Area 8,130
2024-03-08,04:00:00,Stage 4,Area 16,60
2024-03-08,04:00:00,Stage 4,Area 4,60
2024-03-08,04:00:00,Stage 4,Area 12,120
2024-03-08,06:00:00,Stage 1,Area 9,130
2024-03-08,08:00:00,Stage 1,Area 10,150
2024-03-08,10:00:00,Stage 1,Area 11,150
2024-03-08,12:00:00,Stage 1,Area 12,150
2024-03-08,14:00:00,Stage 1,Area 13,120
2024-03-08,20:00:00,Stage 2,Area 8,120
2024-03-08,20:00:00,Stage 2,Area 16,120
2024-03-08,22:00:00,Stage 4,Area 5,120
2024-03-08,22:00:00,Stage 4,Area 15,120
2024-03-08,22:00:00,Stage 4,Area 1,120
2024-03-08,22:00:00,Stage 4,Area 9,120
2024-03-09,00:00:00,Stage 4,Area 7,120
2024-03-09,00:00:00,Stage 4,Area 15,120
2024-03-09,00:00:00,Stage 4,Area 3,120
2024-03-09,00:00:00,Stage 4,Area 11,120
2024-03-09,02:00:00,Stage 4,Area 8,120
2024-03-09,02:00:00,Stage 4,Area 16,120
2024-03-09,02:00:00,Stage 4,Area 4,120
2024-03-09,02:00:00,Stage 4,Area 12,120
2024-03-09,04:00:00,Stage 4,Area 5,60
2024-03-09,04:00:00,Stage 4,Area 13,60
2024-03-09,04:00:00,Stage 4,Area 1,60
2024-03-09,04:00:00,Stage 4,Area 9,60
2024-03-09,16:00:00,Stage 2,Area 3,120
2024-03-09,16:00:00,Stage 2,Area 11,120
2024-03-09,18:00:00,Stage 2,Area 4,120
2024-03-09,18:00:00,Stage 2,Area 12,120
2024-03-09,20:00:00,Stage 2,Area 5,120
2024-03-09,20:00:00,Stage 2,Area 13,120
2024-03-09,22:00:00,Stage 2,Area 6,120
2024-03-09,22:00:00,Stage 2,Area 14,120
2024-03-10,00:00:00,Stage 2,Area 7,120
2024-03-10,00:00:00,Stage 2,Area 15,120
2024-03-10,02:00:00,Stage 2,Area 8,120
2024-03-10,02:00:00,Stage 2,Area 16,120
2024-03-10,04:00:00,Stage 2,Area 1,60
2024-03-10,04:00:00,Stage 2,Area 9,60
2024-03-10,16:00:00,Stage 1,Area 7,120
2024-03-10,18:00:00,Stage 1,Area 8,120
2024-03-10,20:00:00,Stage 1,Area 9,120
2024-03-10,22:00:00,Stage 1,Area 10,120
2024-03-11,00:00:00,Stage 1,Area 11,120
2024-03-11,02:00:00,Stage 1,Area 12,120
2024-03-11,04:00:00,Stage 1,Area 13,60
2024-03-11,22:00:00,Stage 2,Area 6,120
2024-03-11,22:00:00,Stage 2,Area 14,120
2024-03-12,16:00:00,Stage 1,Area 15,120
2024-03-12,18:00:00,Stage 1,Area 16,120
2024-03-12,20:00:00,Stage 1,Area 1,150
2024-03-12,22:00:00,Stage 3,Area 14,150
2024-03-12,22:00:00,Stage 3,Area 2,150
2024-03-12,22:00:00,Stage 3,Area 10,150
2024-03-13,00:00:00,Stage 3,Area 16,150
2024-03-13,00:00:00,Stage 3,Area 4,150
2024-03-13,00:00:00,Stage 3,Area 12,150
2024-03-13,02:00:00,Stage 3,Area 5,150
2024-03-13,02:00:00,Stage 3,Area 13,150
2024-03-13,02:00:00,Stage 3,Area 1,150
2024-03-13,04:00:00,Stage 3,Area 6,150
2024-03-13,04:00:00,Stage 3,Area 14,90
2024-03-13,04:00:00,Stage 3,Area 2,90
2024-03-13,06:00:00,Stage 1,Area 7,120
2024-03-13,08:00:00,Stage 1,Area 8,120
2024-03-13,10:00:00,Stage 1,Area 9,150
2024-03-13,12:00:00,Stage 1,Area 10,150
2024-03-13,14:00:00,Stage 1,Area 11,150
2024-03-13,16:00:00,Stage 1,Area 12,150
2024-03-13,18:00:00,Stage 1,Area 13,150
2024-03-13,20:00:00,Stage 1,Area 14,150
2024-03-13,22:00:00,Stage 3,Area 7,150
2024-03-13,22:00:00,Stage 3,Area 15,150
2024-03-13,22:00:00,Stage 3,Area 11,150
2024-03-14,00:00:00,Stage 3,Area 8,150
2024-03-14,00:00:00,Stage 3,Area 16,150
2024-03-14,00:00:00,Stage 3,Area 12,150
2024-03-14,02:00:00,Stage 3,Area 13,150
2024-03-14,02:00:00,Stage 3,Area 1,150
2024-03-14,02:00:00,Stage 3,Area 9,150
2024-03-14,04:00:00,Stage 3,Area 14,90
2024-03-14,04:00:00,Stage 3,Area 2,150
2024-03-14,04:00:00,Stage 3,Area 10,90
2024-03-14,06:00:00,Stage 1,Area 3,120
2024-03-14,08:00:00,Stage 1,Area 4,120
2024-03-14,10:00:00,Stage 1,Area 5,120
2024-03-14,12:00:00,Stage 1,Area 6,120
2024-03-14,14:00:00,Stage 1,Area 7,150
2024-03-14,16:00:00,Stage 1,Area 8,150
2024-03-14,18:00:00,Stage 1,Area 9,150
2024-03-14,20:00:00,Stage 1,Area 10,164
2024-03-14,22:00:00,Stage 3,Area 7,150
2024-03-14,22:00:00,Stage 3,Area 3,150
2024-03-14,22:00:00,Stage 3,Area 11,150
2024-03-15,00:00:00,Stage 3,Area 8,150
2024-03-15,00:00:00,Stage 3,Area 4,150
2024-03-15,00:00:00,Stage 3,Area 12,150
2024-03-15,02:00:00,Stage 3,Area 5,150
2024-03-15,02:00:00,Stage 3,Area 13,150
2024-03-15,02:00:00,Stage 3,Area 9,150
2024-03-15,04:00:00,Stage 3,Area 6,90
2024-03-15,04:00:00,Stage 3,Area 14,150
2024-03-15,04:00:00,Stage 3,Area 10,90
2024-03-15,06:00:00,Stage 1,Area 15,150
2024-03-15,08:00:00,Stage 1,Area 16,150
2024-03-15,10:00:00,Stage 1,Area 1,150
2024-03-15,12:00:00,Stage 1,Area 2,150
2024-03-15,14:00:00,Stage 1,Area 3,150
2024-03-15,16:00:00,Stage 1,Area 4,150
2024-03-15,18:00:00,Stage 1,Area 5,150
2024-03-15,20:00:00,Stage 1,Area 6,120
2024-03-15,22:00:00,Stage 3,Area 7,120
2024-03-15,22:00:00,Stage 3,Area 15,120
2024-03-15,22:00:00,Stage 3,Area 3,120
2024-03-16,00:00:00,Stage 3,Area 8,120
2024-03-16,00:00:00,Stage 3,Area 16,120
2024-03-16,00:00:00,Stage 3,Area 4,120
2024-03-16,02:00:00,Stage 3,Area 5,120
2024-03-16,02:00:00,Stage 3,Area 1,120
2024-03-16,02:00:00,Stage 3,Area 9,120
2024-03-16,04:00:00,Stage 3,Area 6,60
2024-03-16,04:00:00,Stage 3,Area 2,60
2024-03-16,04:00:00,Stage 3,Area 10,60
2024-03-16,16:00:00,Stage 1,Area 16,150
2024-03-16,18:00:00,Stage 1,Area 1,150
2024-03-16,20:00:00,Stage 1,Area 2,120
2024-03-16,22:00:00,Stage 1,Area 3,120
2024-03-17,00:00:00,Stage 1,Area 1,120
2024-03-17,02:00:00,Stage 1,Area 2,120
2024-03-17,04:00:00,Stage 1,Area 3,60
2024-03-17,16:00:00,Stage 1,Area 9,150
2024-03-17,18:00:00,Stage 1,Area 10,150
2024-03-17,20:00:00,Stage 1,Area 11,120
2024-03-17,22:00:00,Stage 1,Area 12,120
2024-03-18,00:00:00,Stage 1,Area 13,120
2024-03-18,02:00:00,Stage 1,Area 14,120
2024-03-18,04:00:00,Stage 1,Area 15,120
2024-03-18,06:00:00,Stage 1,Area 16,120
2024-03-18,08:00:00,Stage 1,Area 1,120
2024-03-18,10:00:00,Stage 1,Area 2,120
2024-03-18,12:00:00,Stage 1,Area 3,120
2024-03-18,14:00:00,Stage 1,Area 4,120
2024-03-18,22:00:00,Stage 2,Area 8,120
2024-03-18,22:00:00,Stage 2,Area 16,120
2024-03-19,00:00:00,Stage 2,Area 1,120
2024-03-19,00:00:00,Stage 2,Area 9,120
2024-03-19,02:00:00,Stage 2,Area 2,120
2024-03-19,02:00:00,Stage 2,Area 10,120
2024-03-19,04:00:00,Stage 2,Area 3,120
2024-03-19,04:00:00,Stage 2,Area 11,120
2024-03-19,06:00:00,Stage 1,Area 12,150
2024-03-19,08:00:00,Stage 1,Area 13,150
2024-03-19,10:00:00,Stage 1,Area 14,150
2024-03-19,12:00:00,Stage 1,Area 15,125
2024-03-19,14:00:00,Stage 1,Area 16,125
2024-03-19,22:00:00,Stage 2,Area 4,120
2024-03-19,22:00:00,Stage 2,Area 12,120
2024-03-20,06:00:00,Stage 1,Area 8,150
2024-03-20,08:00:00,Stage 1,Area 9,150
2024-03-20,10:00:00,Stage 1,Area 10,150
2024-03-20,12:00:00,Stage 1,Area 11,150
2024-03-20,14:00:00,Stage 1,Area 12,125
2024-03-20,22:00:00,Stage 2,Area 8,120
2024-03-20,22:00:00,Stage 2,Area 16,120
2024-03-21,00:00:00,Stage 2,Area 2,120
2024-03-21,00:00:00,Stage 2,Area 10,120
2024-03-21,02:00:00,Stage 2,Area 3,120
2024-03-21,02:00:00,Stage 2,Area 11,120
2024-03-21,04:00:00,Stage 2,Area 4,60
2024-03-21,04:00:00,Stage 2,Area 12,60
2024-03-21,20:00:00,Stage 1,Area 12,120
2024-03-21,22:00:00,Stage 1,Area 13,120
2024-03-23,00:00:00,Stage 3,Area 6,150
2024-03-23,00:00:00,Stage 3,Area 2,150
2024-03-23,00:00:00,Stage 3,Area 10,150
2024-03-23,02:00:00,Stage 3,Area 7,150
2024-03-23,02:00:00,Stage 3,Area 3,150
2024-03-23,02:00:00,Stage 3,Area 11,150
2024-03-23,04:00:00,Stage 3,Area 8,90
2024-03-23,04:00:00,Stage 3,Area 4,150
2024-03-23,04:00:00,Stage 3,Area 12,150
2024-03-23,06:00:00,Stage 2,Area 5,120
2024-03-23,06:00:00,Stage 2,Area 13,120
2024-03-23,08:00:00,Stage 2,Area 6,120
2024-03-23,08:00:00,Stage 2,Area 14,120
2024-03-23,10:00:00,Stage 2,Area 7,120
2024-03-23,10:00:00,Stage 2,Area 15,120
2024-03-23,12:00:00,Stage 2,Area 8,120
2024-03-23,12:00:00,Stage 2,Area 16,120
2024-03-23,14:00:00,Stage 2,Area 1,120
2024-03-23,14:00:00,Stage 2,Area 9,120
2024-03-23,16:00:00,Stage 2,Area 2,120
2024-03-23,16:00:00,Stage 2,Area 10,120
2024-03-23,18:00:00,Stage 2,Area 3,120
2024-03-23,18:00:00,Stage 2,Area 11,120
2024-03-23,20:00:00,Stage 3,Area 16,120
2024-03-23,20:00:00,Stage 3,Area 4,120
2024-03-23,20:00:00,Stage 3,Area 12,120
2024-03-23,22:00:00,Stage 3,Area 5,150
2024-03-23,22:00:00,Stage 3,Area 13,150
2024-03-23,22:00:00,Stage 3,Area 1,150
2024-03-24,00:00:00,Stage 3,Area 6,150
2024-03-24,00:00:00,Stage 3,Area 14,150
2024-03-24,00:00:00,Stage 3,Area 2,150
2024-03-24,02:00:00,Stage 3,Area 7,150
2024-03-24,02:00:00,Stage 3,Area 15,150
2024-03-24,02:00:00,Stage 3,Area 3,150
2024-03-24,04:00:00,Stage 3,Area 8,150
2024-03-24,04:00:00,Stage 3,Area 16,90
2024-03-24,04:00:00,Stage 3,Area 4,90
2024-03-24,06:00:00,Stage 1,Area 9,120
2024-03-24,08:00:00,Stage 1,Area 10,120
2024-03-24,10:00:00,Stage 1,Area 11,120
2024-03-24,12:00:00,Stage 1,Area 12,120
2024-03-24,14:00:00,Stage 1,Area 13,120
2024-03-24,16:00:00,Stage 2,Area 6,120
2024-03-24,16:00:00,Stage 2,Area 14,120
2024-03-24,18:00:00,Stage 2,Area 7,120
2024-03-24,18:00:00,Stage 2,Area 15,120
2024-03-24,20:00:00,Stage 2,Area 8,150
2024-03-24,20:00:00,Stage 2,Area 16,150
2024-03-24,22:00:00,Stage 2,Area 1,104
2024-03-24,22:00:00,Stage 2,Area 9,90
2024-03-25,22:00:00,Stage 2,Area 6,150
2024-03-25,22:00:00,Stage 2,Area 14,150
2024-03-26,00:00:00,Stage 2,Area 7,150
2024-03-26,00:00:00,Stage 2,Area 15,150
2024-03-26,02:00:00,Stage 2,Area 8,150
2024-03-26,02:00:00,Stage 2,Area 16,150
2024-03-26,04:00:00,Stage 2,Area 1,90
2024-03-26,04:00:00,Stage 2,Area 9,90
2025-01-31,17:00:00,Stage 1,Area 4,60
2025-01-31,18:00:00,Stage 1,Area 5,120
2025-01-31,20:00:00,Stage 1,Area 6,120
2025-01-31,22:00:00,Stage 3,Area 7,120
2025-01-31,22:00:00,Stage 3,Area 15,120
2025-01-31,22:00:00,Stage 3,Area 3,120
2025-02-01,00:00:00,Stage 3,Area 13,120
2025-02-01,00:00:00,Stage 3,Area 1,120
2025-02-01,00:00:00,Stage 3,Area 9,120
2025-02-01,02:00:00,Stage 3,Area 14,120
2025-02-01,02:00:00,Stage 3,Area 2,120
2025-02-01,02:00:00,Stage 3,Area 10,120
2025-02-01,04:00:00,Stage 3,Area 15,120
2025-02-01,04:00:00,Stage 3,Area 3,120
2025-02-01,04:00:00,Stage 3,Area 11,120
2025-02-01,06:00:00,Stage 1,Area 4,120
2025-02-01,08:00:00,Stage 1,Area 5,120
2025-02-01,09:15:00,Stage 1,Area 5,45
2025-02-01,10:00:00,Stage 1,Area 6,120
2025-02-01,12:00:00,Stage 2,Area 7,120
2025-02-01,12:00:00,Stage 2,Area 15,120
2025-02-01,14:00:00,Stage 2,Area 8,120
2025-02-01,14:00:00,Stage 2,Area 16,120
2025-02-01,16:00:00,Stage 2,Area 1,120
2025-02-01,16:00:00,Stage 2,Area 9,120
2025-02-01,18:00:00,Stage 2,Area 2,120
2025-02-01,18:00:00,Stage 2,Area 10,120
2025-02-01,20:00:00,Stage 2,Area 3,120
2025-02-01,20:00:00,Stage 2,Area 11,120
2025-02-01,22:00:00,Stage 3,Area 8,120
2025-02-01,22:00:00,Stage 3,Area 4,120
2025-02-01,22:00:00,Stage 3,Area 12,120
2025-02-02,00:00:00,Stage 3,Area 5,120
2025-02-02,00:00:00,Stage 3,Area 13,120
2025-02-02,00:00:00,Stage 3,Area 9,120
2025-02-02,02:00:00,Stage 3,Area 6,120
2025-02-02,02:00:00,Stage 3,Area 14,120
2025-02-02,02:00:00,Stage 3,Area 10,120
2025-02-02,04:00:00,Stage 3,Area 7,120
2025-02-02,04:00:00,Stage 3,Area 15,120
2025-02-02,04:00:00,Stage 3,Area 11,120
2025-02-22,17:30:00,Stage 1,Area 6,33
2025-02-22,18:00:00,Stage 1,Area 7,120
2025-02-22,20:00:00,Stage 1,Area 8,120
2025-02-22,22:00:00,Stage 3,Area 5,122
2025-02-22,22:00:00,Stage 3,Area 1,122
2025-02-22,22:00:00,Stage 3,Area 9,122
2025-02-23,00:00:00,Stage 4,Area 6,132
2025-02-23,00:00:00,Stage 4,Area 14,132
2025-02-23,00:00:00,Stage 4,Area 2,132
2025-02-23,00:00:00,Stage 4,Area 10,161
2025-02-23,01:30:00,Stage 6,Area 3,150
2025-02-23,01:30:00,Stage 6,Area 11,150
2025-02-23,02:00:00,Stage 6,Area 7,120
2025-02-23,02:00:00,Stage 6,Area 15,120
2025-02-23,02:00:00,Stage 6,Area 4,240
2025-02-23,02:00:00,Stage 6,Area 12,120
2025-02-23,04:00:00,Stage 6,Area 5,120
2025-02-23,04:00:00,Stage 6,Area 8,120
2025-02-23,04:00:00,Stage 6,Area 13,120
2025-02-23,04:00:00,Stage 6,Area 16,120
2025-02-23,04:00:00,Stage 6,Area 4,120
2025-02-23,04:00:00,Stage 6,Area 12,120
2025-02-23,06:00:00,Stage 6,Area 5,120
2025-02-23,06:00:00,Stage 6,Area 6,120
2025-02-23,06:00:00,Stage 6,Area 13,120
2025-02-23,06:00:00,Stage 6,Area 14,120
2025-02-23,06:00:00,Stage 6,Area 1,150
2025-02-23,06:00:00,Stage 6,Area 9,120
2025-02-23,08:00:00,Stage 6,Area 6,120
2025-02-23,08:00:00,Stage 6,Area 7,120
2025-02-23,08:00:00,Stage 6,Area 14,120
2025-02-23,08:00:00,Stage 6,Area 15,120
2025-02-23,08:00:00,Stage 6,Area 2,150
2025-02-23,08:00:00,Stage 6,Area 10,150
2025-02-23,10:00:00,Stage 6,Area 7,150
2025-02-23,10:00:00,Stage 6,Area 8,120
2025-02-23,10:00:00,Stage 6,Area 15,150
2025-02-23,10:00:00,Stage 6,Area 16,120
2025-02-23,10:00:00,Stage 6,Area 3,120
2025-02-23,10:00:00,Stage 6,Area 11,150
2025-02-23,12:00:00,Stage 6,Area 8,150
2025-02-23,12:00:00,Stage 6,Area 16,150
2025-02-23,12:00:00,Stage 6,Area 1,120
2025-02-23,12:00:00,Stage 6,Area 4,150
2025-02-23,12:00:00,Stage 6,Area 9,120
2025-02-23,12:00:00,Stage 6,Area 12,150
2025-02-23,14:00:00,Stage 6,Area 5,127
2025-02-23,14:00:00,Stage 6,Area 13,140
2025-02-23,14:00:00,Stage 6,Area 1,150
2025-02-23,14:00:00,Stage 6,Area 2,120
2025-02-23,14:00:00,Stage 6,Area 9,129
2025-02-23,14:00:00,Stage 6,Area 10,120
2025-02-23,16:00:00,Stage 6,Area 6,124
2025-02-23,16:00:00,Stage 6,Area 14,129
2025-02-23,16:00:00,Stage 6,Area 2,124
2025-02-23,16:00:00,Stage 6,Area 3,120
2025-02-23,16:00:00,Stage 6,Area 10,122
2025-02-23,16:00:00,Stage 6,Area 11,120
2025-02-23,18:00:00,Stage 6,Area 7,120
2025-02-23,18:00:00,Stage 6,Area 15,120
2025-02-23,18:00:00,Stage 6,Area 3,120
2025-02-23,18:00:00,Stage 6,Area 4,120
2025-02-23,18:00:00,Stage 6,Area 11,120
2025-02-23,18:00:00,Stage 6,Area 12,120
2025-02-23,20:00:00,Stage 6,Area 5,120
2025-02-23,20:00:00,Stage 6,Area 8,120
2025-02-23,20:00:00,Stage 6,Area 13,120
2025-02-23,20:00:00,Stage 6,Area 16,120
2025-02-23,20:00:00,Stage 6,Area 4,120
2025-02-23,20:00:00,Stage 6,Area 12,120
2025-02-23,22:00:00,Stage 6,Area 5,120
2025-02-23,22:00:00,Stage 6,Area 6,120
2025-02-23,22:00:00,Stage 6,Area 13,120
2025-02-23,22:00:00,Stage 6,Area 14,120
2025-02-23,22:00:00,Stage 6,Area 1,120
2025-02-23,22:00:00,Stage 6,Area 9,120
2025-02-24,00:00:00,Stage 6,Area 6,120
2025-02-24,00:00:00,Stage 6,Area 7,60
2025-02-24,00:00:00,Stage 6,Area 14,120
2025-02-24,00:00:00,Stage 6,Area 15,60
2025-02-24,00:00:00,Stage 6,Area 2,120
2025-02-24,00:00:00,Stage 6,Area 10,120
2025-02-24,02:00:00,Stage 4,Area 7,120
2025-02-24,02:00:00,Stage 4,Area 15,120
2025-02-24,02:00:00,Stage 4,Area 3,120
2025-02-24,02:00:00,Stage 4,Area 11,120
2025-02-24,04:00:00,Stage 4,Area 8,120
2025-02-24,04:00:00,Stage 4,Area 16,120
2025-02-24,04:00:00,Stage 4,Area 4,120
2025-02-24,04:00:00,Stage 4,Area 12,120
2025-02-24,06:00:00,Stage 3,Area 5,150
2025-02-24,06:00:00,Stage 3,Area 1,150
2025-02-24,06:00:00,Stage 3,Area 9,150
2025-02-24,08:00:00,Stage 3,Area 6,150
2025-02-24,08:00:00,Stage 3,Area 2,150
2025-02-24,08:00:00,Stage 3,Area 10,150
2025-02-24,10:00:00,Stage 3,Area 7,150
2025-02-24,10:00:00,Stage 3,Area 3,150
2025-02-24,10:00:00,Stage 3,Area 11,150
2025-02-24,12:00:00,Stage 3,Area 8,150
2025-02-24,12:00:00,Stage 3,Area 4,146
2025-02-24,12:00:00,Stage 3,Area 12,150
2025-02-24,14:00:00,Stage 3,Area 5,150
2025-02-24,14:00:00,Stage 3,Area 13,150
2025-02-24,14:00:00,Stage 3,Area 9,150
2025-02-24,16:00:00,Stage 2,Area 6,150
2025-02-24,16:00:00,Stage 2,Area 14,150
2025-02-24,18:00:00,Stage 2,Area 7,150
2025-02-24,18:00:00,Stage 2,Area 15,150
2025-02-24,20:00:00,Stage 2,Area 8,120
2025-02-24,20:00:00,Stage 2,Area 16,150
2025-02-24,22:00:00,Stage 4,Area 5,120
2025-02-24,22:00:00,Stage 4,Area 13,120
2025-02-24,22:00:00,Stage 4,Area 1,120
2025-02-24,22:00:00,Stage 4,Area 9,120
2025-02-25,00:00:00,Stage 4,Area 7,120
2025-02-25,00:00:00,Stage 4,Area 15,120
2025-02-25,00:00:00,Stage 4,Area 3,120
2025-02-25,00:00:00,Stage 4,Area 11,120
2025-02-25,02:00:00,Stage 4,Area 8,120
2025-02-25,02:00:00,Stage 4,Area 16,150
2025-02-25,02:00:00,Stage 4,Area 4,120
2025-02-25,02:00:00,Stage 4,Area 12,120
2025-02-25,04:00:00,Stage 4,Area 5,120
2025-02-25,04:00:00,Stage 4,Area 13,120
2025-02-25,04:00:00,Stage 4,Area 1,30
2025-02-25,04:00:00,Stage 4,Area 9,30
2025-02-25,06:00:00,Stage 1,Area 6,150
2025-02-25,08:00:00,Stage 1,Area 7,120
2025-02-25,10:00:00,Stage 1,Area 8,120
2025-02-25,12:00:00,Stage 1,Area 9,120
2025-02-25,14:00:00,Stage 1,Area 10,120
2025-02-25,22:00:00,Stage 2,Area 6,120
2025-02-25,22:00:00,Stage 2,Area 14,120
2025-02-26,00:00:00,Stage 2,Area 7,150
2025-02-26,00:00:00,Stage 2,Area 15,150
2025-02-26,02:00:00,Stage 2,Area 8,150
2025-02-26,02:00:00,Stage 2,Area 16,150
2025-02-26,04:00:00,Stage 2,Area 1,60
2025-02-26,04:00:00,Stage 2,Area 9,60
2025-03-07,14:00:00,Stage 1,Area 1,120
2025-03-07,16:00:00,Stage 1,Area 2,120
2025-03-07,18:00:00,Stage 1,Area 3,120
2025-03-07,20:00:00,Stage 1,Area 4,120
2025-03-07,22:00:00,Stage 3,Area 5,120
2025-03-07,22:00:00,Stage 3,Area 13,120
2025-03-07,22:00:00,Stage 3,Area 1,120
2025-03-08,00:00:00,Stage 3,Area 6,120
2025-03-08,00:00:00,Stage 3,Area 14,120
2025-03-08,00:00:00,Stage 3,Area 2,120
2025-03-08,02:00:00,Stage 3,Area 7,120
2025-03-08,02:00:00,Stage 3,Area 15,120
2025-03-08,02:00:00,Stage 3,Area 3,120
2025-03-08,04:00:00,Stage 3,Area 8,120
2025-03-08,04:00:00,Stage 3,Area 16,120
2025-03-08,04:00:00,Stage 3,Area 4,120
2025-03-08,06:00:00,Stage 1,Area 9,120
2025-03-08,08:00:00,Stage 1,Area 10,138
2025-03-08,10:00:00,Stage 1,Area 11,130
2025-03-08,12:00:00,Stage 3,Area 8,130
2025-03-08,12:00:00,Stage 3,Area 4,130
2025-03-08,12:00:00,Stage 3,Area 12,85
2025-03-08,14:00:00,Stage 3,Area 5,135
2025-03-08,14:00:00,Stage 3,Area 13,135
2025-03-08,14:00:00,Stage 3,Area 9,130
2025-03-08,16:00:00,Stage 3,Area 6,135
2025-03-08,16:00:00,Stage 3,Area 14,135
2025-03-08,16:00:00,Stage 3,Area 10,147
2025-03-08,18:00:00,Stage 3,Area 7,120
2025-03-08,18:00:00,Stage 3,Area 15,120
2025-03-08,18:00:00,Stage 3,Area 11,120
2025-03-08,20:00:00,Stage 3,Area 8,120
2025-03-08,20:00:00,Stage 3,Area 16,120
2025-03-08,20:00:00,Stage 3,Area 12,120
2025-03-08,22:00:00,Stage 3,Area 13,120
2025-03-08,22:00:00,Stage 3,Area 1,120
2025-03-08,22:00:00,Stage 3,Area 9,120
2025-03-09,00:00:00,Stage 3,Area 15,120
2025-03-09,00:00:00,Stage 3,Area 3,120
2025-03-09,00:00:00,Stage 3,Area 11,120
2025-03-09,02:00:00,Stage 3,Area 16,120
2025-03-09,02:00:00,Stage 3,Area 4,120
2025-03-09,02:00:00,Stage 3,Area 12,120
2025-03-09,04:00:00,Stage 3,Area 5,120
2025-03-09,04:00:00,Stage 3,Area 13,120
2025-03-09,04:00:00,Stage 3,Area 1,120
2025-03-09,06:00:00,Stage 3,Area 6,120
2025-03-09,06:00:00,Stage 3,Area 14,120
2025-03-09,06:00:00,Stage 3,Area 2,120
2025-03-09,08:00:00,Stage 3,Area 7,120
2025-03-09,08:00:00,Stage 3,Area 15,120
2025-03-09,08:00:00,Stage 3,Area 3,120
2025-03-19,22:00:00,Stage 2,Area 4,120
2025-03-19,22:00:00,Stage 2,Area 12,120
2025-03-20,00:00:00,Stage 2,Area 5,120
2025-03-20,00:00:00,Stage 2,Area 13,120
2025-03-20,02:00:00,Stage 2,Area 6,120
2025-03-20,02:00:00,Stage 2,Area 14,120
2025-03-20,04:00:00,Stage 2,Area 7,60
2025-03-20,04:00:00,Stage 2,Area 15,72
2025-04-24,22:00:00,Stage 2,Area 1,105
2025-04-24,22:00:00,Stage 2,Area 9,105
